INSERT INTO Person (PersonId, Name) VALUES (1, 'Didier Bert');
INSERT INTO Publisher (PublisherId, Name) VALUES (1, 'Springer');
INSERT INTO Series (SeriesId, Title, Url) VALUES (1, 'Lecture Notes in Computer Science', 'http://dblp.uni-trier.de/db/journals/lncs.html');
INSERT INTO Proceeding (ProceedingId, Title, EditorId, PublisherId, SeriesId, Year, ISBN, Url) VALUES (1, 'B$198: Recent Advances in the Development and Use of the B Method, Second International B Conference, Montpellier, France, April 22-24, 1998, Proceedings', 1, 1, 1, '1998', '3-540-64405-9', 'http://dblp.uni-trier.de/db/conf/b/b1998.html');
INSERT INTO InProceeding (InProceedingId, Title, Pages, Url, ProceedingId) VALUES (1, 'Graphical Design of Reactive Systems.', '182-197', NULL, 1);
INSERT INTO Person (PersonId, Name) VALUES (2, 'Emil Sekerinski');
INSERT INTO RelationPersonInProceeding (PersonId, InProceedingId) VALUES (2, 1);
INSERT INTO InProceeding (InProceedingId, Title, Pages, Url, ProceedingId) VALUES (2, 'Well Defined B.', '29-45', NULL, 1);
INSERT INTO Person (PersonId, Name) VALUES (3, 'Jean-Marc Meynadier');
INSERT INTO RelationPersonInProceeding (PersonId, InProceedingId) VALUES (3, 2);
INSERT INTO Person (PersonId, Name) VALUES (4, 'Patrick Behm');
INSERT INTO RelationPersonInProceeding (PersonId, InProceedingId) VALUES (4, 2);
INSERT INTO Person (PersonId, Name) VALUES (5, 'Lilian Burdy');
INSERT INTO RelationPersonInProceeding (PersonId, InProceedingId) VALUES (5, 2);
INSERT INTO InProceeding (InProceedingId, Title, Pages, Url, ProceedingId) VALUES (3, 'MTOR : An Industrial Success in Formal Development.', '26', NULL, 1);
INSERT INTO RelationPersonInProceeding (PersonId, InProceedingId) VALUES (3, 3);
INSERT INTO RelationPersonInProceeding (PersonId, InProceedingId) VALUES (4, 3);
INSERT INTO Person (PersonId, Name) VALUES (6, 'Pierre Desforges');
INSERT INTO RelationPersonInProceeding (PersonId, InProceedingId) VALUES (6, 3);
INSERT INTO InProceeding (InProceedingId, Title, Pages, Url, ProceedingId) VALUES (4, 'Process Control Engineering: Contribution to a Formal Structuring Framework with the B Method.', '198-209', NULL, 1);
INSERT INTO Person (PersonId, Name) VALUES (7, 'Patrick Lamboley');
INSERT INTO RelationPersonInProceeding (PersonId, InProceedingId) VALUES (7, 4);
INSERT INTO Person (PersonId, Name) VALUES (8, 'Grard Morel');
INSERT INTO RelationPersonInProceeding (PersonId, InProceedingId) VALUES (8, 4);
INSERT INTO Person (PersonId, Name) VALUES (9, 'Jean-Franois Ptin');
INSERT INTO RelationPersonInProceeding (PersonId, InProceedingId) VALUES (9, 4);
INSERT INTO Person (PersonId, Name) VALUES (10, 'Dominique Mry');
INSERT INTO RelationPersonInProceeding (PersonId, InProceedingId) VALUES (10, 4);
INSERT INTO InProceeding (InProceedingId, Title, Pages, Url, ProceedingId) VALUES (5, 'Composition and Refinement in the B-Method.', '46-65', NULL, 1);
INSERT INTO Person (PersonId, Name) VALUES (11, 'Yann Rouzaud');
INSERT INTO RelationPersonInProceeding (PersonId, InProceedingId) VALUES (11, 5);
INSERT INTO Person (PersonId, Name) VALUES (12, 'Marie-Laure Potet');
INSERT INTO RelationPersonInProceeding (PersonId, InProceedingId) VALUES (12, 5);
INSERT INTO InProceeding (InProceedingId, Title, Pages, Url, ProceedingId) VALUES (6, 'On B.', '1-8', NULL, 1);
INSERT INTO Person (PersonId, Name) VALUES (13, 'Jean-Raymond Abrial');
INSERT INTO RelationPersonInProceeding (PersonId, InProceedingId) VALUES (13, 6);
INSERT INTO InProceeding (InProceedingId, Title, Pages, Url, ProceedingId) VALUES (7, 'Layering Distributed Algorithms within the B-Method.', '243-260', NULL, 1);
INSERT INTO Person (PersonId, Name) VALUES (14, 'Marina A. Waldn');
INSERT INTO RelationPersonInProceeding (PersonId, InProceedingId) VALUES (14, 7);
INSERT INTO InProceeding (InProceedingId, Title, Pages, Url, ProceedingId) VALUES (8, 'The Generalised Substitution Language Extended to Probabilistic Programs.', '9-25', NULL, 1);
INSERT INTO Person (PersonId, Name) VALUES (15, 'Carroll Morgan');
INSERT INTO RelationPersonInProceeding (PersonId, InProceedingId) VALUES (15, 8);
INSERT INTO InProceeding (InProceedingId, Title, Pages, Url, ProceedingId) VALUES (9, 'Designing a B Model for Safety-Critical Software Systems.', '210-225', NULL, 1);
INSERT INTO Person (PersonId, Name) VALUES (16, 'Soud Taouil-Traverson');
INSERT INTO RelationPersonInProceeding (PersonId, InProceedingId) VALUES (16, 9);
INSERT INTO Person (PersonId, Name) VALUES (17, 'Sylvie Vignes');
INSERT INTO RelationPersonInProceeding (PersonId, InProceedingId) VALUES (17, 9);
INSERT INTO InProceeding (InProceedingId, Title, Pages, Url, ProceedingId) VALUES (10, 'Synthesising Structure from Flat Specifications.', '148-161', NULL, 1);
INSERT INTO Person (PersonId, Name) VALUES (18, 'Brian Ritchie');
INSERT INTO RelationPersonInProceeding (PersonId, InProceedingId) VALUES (18, 10);
INSERT INTO Person (PersonId, Name) VALUES (19, 'Brian Matthews');
INSERT INTO RelationPersonInProceeding (PersonId, InProceedingId) VALUES (19, 10);
INSERT INTO Person (PersonId, Name) VALUES (20, 'Juan Bicarregui');
INSERT INTO RelationPersonInProceeding (PersonId, InProceedingId) VALUES (20, 10);
INSERT INTO InProceeding (InProceedingId, Title, Pages, Url, ProceedingId) VALUES (11, 'Cost Effectiveness of Formal Methods in the Development of Avionics Systems at AROSPATIALE.', '27-28', NULL, 1);
INSERT INTO Person (PersonId, Name) VALUES (21, 'Franois Pilarski');
INSERT INTO RelationPersonInProceeding (PersonId, InProceedingId) VALUES (21, 11);
INSERT INTO InProceeding (InProceedingId, Title, Pages, Url, ProceedingId) VALUES (12, 'Formalisation of B in Isabelle/HOL.', '66-82', NULL, 1);
INSERT INTO Person (PersonId, Name) VALUES (22, 'Pierre Chartier');
INSERT INTO RelationPersonInProceeding (PersonId, InProceedingId) VALUES (22, 12);
INSERT INTO InProceeding (InProceedingId, Title, Pages, Url, ProceedingId) VALUES (13, 'Specification of an Integrated Circuit Card Protocol Application Using the B Method and Linear Temporal Logic.', '273-292', NULL, 1);
INSERT INTO Person (PersonId, Name) VALUES (23, 'Benoit Parreaux');
INSERT INTO RelationPersonInProceeding (PersonId, InProceedingId) VALUES (23, 13);
INSERT INTO Person (PersonId, Name) VALUES (24, 'Jacques Julliand');
INSERT INTO RelationPersonInProceeding (PersonId, InProceedingId) VALUES (24, 13);
INSERT INTO Person (PersonId, Name) VALUES (25, 'Bruno Tatibout');
INSERT INTO RelationPersonInProceeding (PersonId, InProceedingId) VALUES (25, 13);
INSERT INTO Person (PersonId, Name) VALUES (26, 'Thierry Machicoane');
INSERT INTO RelationPersonInProceeding (PersonId, InProceedingId) VALUES (26, 13);
INSERT INTO Person (PersonId, Name) VALUES (27, 'Bruno Legeard');
INSERT INTO RelationPersonInProceeding (PersonId, InProceedingId) VALUES (27, 13);
INSERT INTO InProceeding (InProceedingId, Title, Pages, Url, ProceedingId) VALUES (14, 'Introducing Dynamic Constraints in B.', '83-128', NULL, 1);
INSERT INTO Person (PersonId, Name) VALUES (28, 'Louis Mussat');
INSERT INTO RelationPersonInProceeding (PersonId, InProceedingId) VALUES (28, 14);
INSERT INTO RelationPersonInProceeding (PersonId, InProceedingId) VALUES (13, 14);
INSERT INTO InProceeding (InProceedingId, Title, Pages, Url, ProceedingId) VALUES (15, 'Two Strategies to Data-Refine an Equivalence to a Forest.', '261-272', NULL, 1);
INSERT INTO Person (PersonId, Name) VALUES (29, 'Philipp A. Heuberger');
INSERT INTO RelationPersonInProceeding (PersonId, InProceedingId) VALUES (29, 15);
INSERT INTO InProceeding (InProceedingId, Title, Pages, Url, ProceedingId) VALUES (16, 'Retrenchment: An Engineering Variation on Refinement.', '129-147', NULL, 1);
INSERT INTO Person (PersonId, Name) VALUES (30, 'Richard Banach');
INSERT INTO RelationPersonInProceeding (PersonId, InProceedingId) VALUES (30, 16);
INSERT INTO Person (PersonId, Name) VALUES (31, 'M. Poppleton');
INSERT INTO RelationPersonInProceeding (PersonId, InProceedingId) VALUES (31, 16);
INSERT INTO InProceeding (InProceedingId, Title, Pages, Url, ProceedingId) VALUES (17, 'Test Case Preparation Using a Prototype.', '293-311', NULL, 1);
INSERT INTO Person (PersonId, Name) VALUES (32, 'J. Draper');
INSERT INTO RelationPersonInProceeding (PersonId, InProceedingId) VALUES (32, 17);
INSERT INTO Person (PersonId, Name) VALUES (33, 'Helen Treharne');
INSERT INTO RelationPersonInProceeding (PersonId, InProceedingId) VALUES (33, 17);
INSERT INTO Person (PersonId, Name) VALUES (34, 'Steve Schneider');
INSERT INTO RelationPersonInProceeding (PersonId, InProceedingId) VALUES (34, 17);
INSERT INTO InProceeding (InProceedingId, Title, Pages, Url, ProceedingId) VALUES (18, 'An Object-Based Approach to the B Formal Method.', '162-181', NULL, 1);
INSERT INTO Person (PersonId, Name) VALUES (35, 'Alexander Malioukov');
INSERT INTO RelationPersonInProceeding (PersonId, InProceedingId) VALUES (35, 18);
INSERT INTO InProceeding (InProceedingId, Title, Pages, Url, ProceedingId) VALUES (19, 'Abstract State Machines: Designing Distributed Systems with State Machines and B.', '226-242', NULL, 1);
INSERT INTO Person (PersonId, Name) VALUES (36, 'Steve Dunne');
INSERT INTO RelationPersonInProceeding (PersonId, InProceedingId) VALUES (36, 19);
INSERT INTO Person (PersonId, Name) VALUES (37, 'Bill Stoddart');
INSERT INTO RelationPersonInProceeding (PersonId, InProceedingId) VALUES (37, 19);
INSERT INTO Person (PersonId, Name) VALUES (38, 'Richard Shore');
INSERT INTO RelationPersonInProceeding (PersonId, InProceedingId) VALUES (38, 19);
INSERT INTO Person (PersonId, Name) VALUES (39, 'Andy Galloway');
INSERT INTO RelationPersonInProceeding (PersonId, InProceedingId) VALUES (39, 19);
INSERT INTO InProceeding (InProceedingId, Title, Pages, Url, ProceedingId) VALUES (20, 'Modelling Architectural Features with Petri Nets.', '258-277', NULL, NULL);
INSERT INTO Person (PersonId, Name) VALUES (40, 'Jean-Loup Baer');
INSERT INTO RelationPersonInProceeding (PersonId, InProceedingId) VALUES (40, 20);
INSERT INTO InProceeding (InProceedingId, Title, Pages, Url, ProceedingId) VALUES (21, 'IPC Interface and End-to-End Protocols.', '140-174', NULL, NULL);
INSERT INTO Person (PersonId, Name) VALUES (41, 'Richard W. Watson');
INSERT INTO RelationPersonInProceeding (PersonId, InProceedingId) VALUES (41, 21);
INSERT INTO InProceeding (InProceedingId, Title, Pages, Url, ProceedingId) VALUES (22, 'Identifiers (Naming) in Distributed Systems.', '191-210', NULL, NULL);
INSERT INTO RelationPersonInProceeding (PersonId, InProceedingId) VALUES (41, 22);
INSERT INTO Person (PersonId, Name) VALUES (42, 'Constantine D. Spyropoulos');
INSERT INTO Proceeding (ProceedingId, Title, EditorId, PublisherId, SeriesId, Year, ISBN, Url) VALUES (2, 'Machine Learning and Its Applications, Advanced Lectures', 42, 1, 1, '2001', '3-540-42490-3', 'http://dblp.uni-trier.de/db/conf/ac/ml2001.html');
INSERT INTO InProceeding (InProceedingId, Title, Pages, Url, ProceedingId) VALUES (23, 'COSY: Its Relation to Nets and CSP.', '416-440', NULL, NULL);
INSERT INTO Person (PersonId, Name) VALUES (43, 'Eike Best');
INSERT INTO RelationPersonInProceeding (PersonId, InProceedingId) VALUES (43, 23);
INSERT INTO Person (PersonId, Name) VALUES (44, 'Marisa Venturini Zilli');
INSERT INTO Proceeding (ProceedingId, Title, EditorId, PublisherId, SeriesId, Year, ISBN, Url) VALUES (3, 'Mathematical Models for the Semantics of Parallelism, Advanced School, Rome, Italy, September 24 - October 1, 1986, Proceedings', 44, 1, 1, '1987', '3-540-18419-8', 'http://dblp.uni-trier.de/db/conf/ac/parallel1986.html');
INSERT INTO InProceeding (InProceedingId, Title, Pages, Url, ProceedingId) VALUES (24, 'Cryptographic Primitives for Information Authentication - State of the Art.', '49-104', NULL, NULL);
INSERT INTO Person (PersonId, Name) VALUES (45, 'Bart Preneel');
INSERT INTO RelationPersonInProceeding (PersonId, InProceedingId) VALUES (45, 24);
INSERT INTO InProceeding (InProceedingId, Title, Pages, Url, ProceedingId) VALUES (25, 'The State of Cryptographic Hash Functions.', '158-182', NULL, NULL);
INSERT INTO RelationPersonInProceeding (PersonId, InProceedingId) VALUES (45, 25);
INSERT INTO InProceeding (InProceedingId, Title, Pages, Url, ProceedingId) VALUES (26, 'Hardware/Software Relationships in Distributed Systems.', '413-420', NULL, NULL);
INSERT INTO Person (PersonId, Name) VALUES (46, 'E. Douglas Jensen');
INSERT INTO RelationPersonInProceeding (PersonId, InProceedingId) VALUES (46, 26);
INSERT INTO InProceeding (InProceedingId, Title, Pages, Url, ProceedingId) VALUES (27, 'Coloured Petri Nets.', '248-299', NULL, NULL);
INSERT INTO Person (PersonId, Name) VALUES (47, 'Kurt Jensen');
INSERT INTO RelationPersonInProceeding (PersonId, InProceedingId) VALUES (47, 27);
INSERT INTO InProceeding (InProceedingId, Title, Pages, Url, ProceedingId) VALUES (28, 'GSM: Security, Services, and the SIM.', '224-240', NULL, NULL);
INSERT INTO Person (PersonId, Name) VALUES (48, 'Klaus Vedder');
INSERT INTO RelationPersonInProceeding (PersonId, InProceedingId) VALUES (48, 28);
INSERT INTO InProceeding (InProceedingId, Title, Pages, Url, ProceedingId) VALUES (29, 'CCS is an (Augmented) Contact Free C/E System.', '144-165', NULL, 3);
INSERT INTO Person (PersonId, Name) VALUES (49, 'Ugo Montanari');
INSERT INTO RelationPersonInProceeding (PersonId, InProceedingId) VALUES (49, 29);
INSERT INTO Person (PersonId, Name) VALUES (50, 'Rocco De Nicola');
INSERT INTO RelationPersonInProceeding (PersonId, InProceedingId) VALUES (50, 29);
INSERT INTO Person (PersonId, Name) VALUES (51, 'Pierpaolo Degano');
INSERT INTO RelationPersonInProceeding (PersonId, InProceedingId) VALUES (51, 29);
INSERT INTO InProceeding (InProceedingId, Title, Pages, Url, ProceedingId) VALUES (30, 'Petri Nets Based Models in the Specification and Verification of Protocols.', '135-170', NULL, NULL);
INSERT INTO Person (PersonId, Name) VALUES (52, 'Michel Diaz');
INSERT INTO RelationPersonInProceeding (PersonId, InProceedingId) VALUES (52, 30);
INSERT INTO InProceeding (InProceedingId, Title, Pages, Url, ProceedingId) VALUES (31, 'Designing Equvialent Semantic Models for Process Creation.', '21-80', NULL, 3);
INSERT INTO Person (PersonId, Name) VALUES (53, 'Pierre America');
INSERT INTO RelationPersonInProceeding (PersonId, InProceedingId) VALUES (53, 31);
INSERT INTO Person (PersonId, Name) VALUES (54, 'Jaco de Bakker');
INSERT INTO RelationPersonInProceeding (PersonId, InProceedingId) VALUES (54, 31);
INSERT INTO InProceeding (InProceedingId, Title, Pages, Url, ProceedingId) VALUES (32, 'Stochastic Nets and Performance Evaluation.', '460-478', NULL, NULL);
INSERT INTO Person (PersonId, Name) VALUES (55, 'Anastasia Pagnoni');
INSERT INTO RelationPersonInProceeding (PersonId, InProceedingId) VALUES (55, 32);
INSERT INTO InProceeding (InProceedingId, Title, Pages, Url, ProceedingId) VALUES (33, 'Fundamental Mechanisms in Machine Learning and Inductive Inference.', '133-169', NULL, NULL);
INSERT INTO Person (PersonId, Name) VALUES (56, 'Alan W. Biermann');
INSERT INTO RelationPersonInProceeding (PersonId, InProceedingId) VALUES (56, 33);
INSERT INTO InProceeding (InProceedingId, Title, Pages, Url, ProceedingId) VALUES (34, 'Key Management Techniques.', '142-162', NULL, NULL);
INSERT INTO Person (PersonId, Name) VALUES (57, 'Walter Fumy');
INSERT INTO RelationPersonInProceeding (PersonId, InProceedingId) VALUES (57, 34);
INSERT INTO InProceeding (InProceedingId, Title, Pages, Url, ProceedingId) VALUES (35, 'Distributed Versions of Linear Time Temporal Logic: A Trace Perspective.', '643-681', NULL, NULL);
INSERT INTO Person (PersonId, Name) VALUES (58, 'P. S. Thiagarajan');
INSERT INTO RelationPersonInProceeding (PersonId, InProceedingId) VALUES (58, 35);
INSERT INTO Person (PersonId, Name) VALUES (59, 'Jesper G. Henriksen');
INSERT INTO RelationPersonInProceeding (PersonId, InProceedingId) VALUES (59, 35);
INSERT INTO InProceeding (InProceedingId, Title, Pages, Url, ProceedingId) VALUES (36, 'Recent Advances in Distributed Garbage Collection.', '104-126', NULL, NULL);
INSERT INTO Person (PersonId, Name) VALUES (60, 'Paulo Ferreira');
INSERT INTO RelationPersonInProceeding (PersonId, InProceedingId) VALUES (60, 36);
INSERT INTO Person (PersonId, Name) VALUES (61, 'Fabrice Le Fessant');
INSERT INTO RelationPersonInProceeding (PersonId, InProceedingId) VALUES (61, 36);
INSERT INTO Person (PersonId, Name) VALUES (62, 'Marc Shapiro');
INSERT INTO RelationPersonInProceeding (PersonId, InProceedingId) VALUES (62, 36);
INSERT INTO InProceeding (InProceedingId, Title, Pages, Url, ProceedingId) VALUES (37, 'Practice-Oriented Provable Security.', '1-15', NULL, NULL);
INSERT INTO Person (PersonId, Name) VALUES (63, 'Mihir Bellare');
INSERT INTO RelationPersonInProceeding (PersonId, InProceedingId) VALUES (63, 37);
INSERT INTO InProceeding (InProceedingId, Title, Pages, Url, ProceedingId) VALUES (38, 'Securing Internet Electronic Mail.', '208-223', NULL, NULL);
INSERT INTO Person (PersonId, Name) VALUES (64, 'Frank Jorissen');
INSERT INTO RelationPersonInProceeding (PersonId, InProceedingId) VALUES (64, 38);
INSERT INTO Person (PersonId, Name) VALUES (65, 'Mark Vandenwauver');
INSERT INTO RelationPersonInProceeding (PersonId, InProceedingId) VALUES (65, 38);
INSERT INTO InProceeding (InProceedingId, Title, Pages, Url, ProceedingId) VALUES (39, 'Nets in Production Systems.', '191-217', NULL, NULL);
INSERT INTO Person (PersonId, Name) VALUES (66, 'Robert Valette');
INSERT INTO RelationPersonInProceeding (PersonId, InProceedingId) VALUES (66, 39);
INSERT INTO InProceeding (InProceedingId, Title, Pages, Url, ProceedingId) VALUES (40, 'Machine Learning in User Modeling.', '286-294', NULL, 2);
INSERT INTO Person (PersonId, Name) VALUES (67, 'Christos Papatheodorou');
INSERT INTO RelationPersonInProceeding (PersonId, InProceedingId) VALUES (67, 40);
INSERT INTO InProceeding (InProceedingId, Title, Pages, Url, ProceedingId) VALUES (41, 'Knowledge Representation: Features of Knowledge.', '3-36', NULL, NULL);
INSERT INTO Person (PersonId, Name) VALUES (68, 'James P. Delgrande');
INSERT INTO RelationPersonInProceeding (PersonId, InProceedingId) VALUES (68, 41);
INSERT INTO Person (PersonId, Name) VALUES (69, 'John Mylopoulos');
INSERT INTO RelationPersonInProceeding (PersonId, InProceedingId) VALUES (69, 41);
INSERT INTO InProceeding (InProceedingId, Title, Pages, Url, ProceedingId) VALUES (42, 'Performance Issues.', '108-161', NULL, NULL);
INSERT INTO Person (PersonId, Name) VALUES (70, 'Werner Bux');
INSERT INTO RelationPersonInProceeding (PersonId, InProceedingId) VALUES (70, 42);
INSERT INTO InProceeding (InProceedingId, Title, Pages, Url, ProceedingId) VALUES (43, 'Unsupervised Learning of Probabilistic Concept Hierarchies.', '39-70', NULL, 2);
INSERT INTO Person (PersonId, Name) VALUES (71, 'Wayne Iba');
INSERT INTO RelationPersonInProceeding (PersonId, InProceedingId) VALUES (71, 43);
INSERT INTO Person (PersonId, Name) VALUES (72, 'Pat Langley');
INSERT INTO RelationPersonInProceeding (PersonId, InProceedingId) VALUES (72, 43);
INSERT INTO InProceeding (InProceedingId, Title, Pages, Url, ProceedingId) VALUES (44, 'Genetic Algorithms in Machine Learning.', '146-168', NULL, 2);
INSERT INTO Person (PersonId, Name) VALUES (73, 'Jonathan L. Shapiro');
INSERT INTO RelationPersonInProceeding (PersonId, InProceedingId) VALUES (73, 44);
INSERT INTO InProceeding (InProceedingId, Title, Pages, Url, ProceedingId) VALUES (45, 'Concurrent Prolog: A Progress Report.', '277-313', NULL, NULL);
INSERT INTO Person (PersonId, Name) VALUES (74, 'Ehud Y. Shapiro');
INSERT INTO RelationPersonInProceeding (PersonId, InProceedingId) VALUES (74, 45);
INSERT INTO InProceeding (InProceedingId, Title, Pages, Url, ProceedingId) VALUES (46, 'Deduction and Computation.', '38-74', NULL, NULL);
INSERT INTO Person (PersonId, Name) VALUES (75, 'Grard P. Huet');
INSERT INTO RelationPersonInProceeding (PersonId, InProceedingId) VALUES (75, 46);
INSERT INTO InProceeding (InProceedingId, Title, Pages, Url, ProceedingId) VALUES (47, 'Structure Theory of Petri Nets: the Free Choice Hiatus.', '168-205', NULL, NULL);
INSERT INTO RelationPersonInProceeding (PersonId, InProceedingId) VALUES (43, 47);
INSERT INTO InProceeding (InProceedingId, Title, Pages, Url, ProceedingId) VALUES (48, 'Trace Theory.', '279-324', NULL, NULL);
INSERT INTO Person (PersonId, Name) VALUES (76, 'Antoni W. Mazurkiewicz');
INSERT INTO RelationPersonInProceeding (PersonId, InProceedingId) VALUES (76, 48);
INSERT INTO InProceeding (InProceedingId, Title, Pages, Url, ProceedingId) VALUES (49, 'Petri Nets in Performance Analysis: An Introduction.', '211-256', NULL, NULL);
INSERT INTO Person (PersonId, Name) VALUES (77, 'Marco Ajmone Marsan');
INSERT INTO RelationPersonInProceeding (PersonId, InProceedingId) VALUES (77, 49);
INSERT INTO Person (PersonId, Name) VALUES (78, 'Susanna Donatelli');
INSERT INTO RelationPersonInProceeding (PersonId, InProceedingId) VALUES (78, 49);
INSERT INTO Person (PersonId, Name) VALUES (79, 'Andrea Bobbio');
INSERT INTO RelationPersonInProceeding (PersonId, InProceedingId) VALUES (79, 49);
INSERT INTO InProceeding (InProceedingId, Title, Pages, Url, ProceedingId) VALUES (50, 'Non-sequential Processes.', '95-115', NULL, NULL);
INSERT INTO Person (PersonId, Name) VALUES (80, 'Csar Fernndez');
INSERT INTO RelationPersonInProceeding (PersonId, InProceedingId) VALUES (80, 50);
INSERT INTO InProceeding (InProceedingId, Title, Pages, Url, ProceedingId) VALUES (51, 'FlexiNet: A Flexible, Component-Oriented Middleware System.', '497-', NULL, NULL);
INSERT INTO Person (PersonId, Name) VALUES (81, 'Richard Hayton');
INSERT INTO RelationPersonInProceeding (PersonId, InProceedingId) VALUES (81, 51);
INSERT INTO Person (PersonId, Name) VALUES (82, 'Andrew Herbert');
INSERT INTO RelationPersonInProceeding (PersonId, InProceedingId) VALUES (82, 51);
INSERT INTO InProceeding (InProceedingId, Title, Pages, Url, ProceedingId) VALUES (52, 'Security Aspects of the Ecash? Payment System.', '338-352', NULL, NULL);
INSERT INTO Person (PersonId, Name) VALUES (83, 'Berry Schoenmakers');
INSERT INTO RelationPersonInProceeding (PersonId, InProceedingId) VALUES (83, 52);
INSERT INTO InProceeding (InProceedingId, Title, Pages, Url, ProceedingId) VALUES (53, 'Multiple Copy Update.', '284-307', NULL, NULL);
INSERT INTO Person (PersonId, Name) VALUES (84, 'Elmar Holler');
INSERT INTO RelationPersonInProceeding (PersonId, InProceedingId) VALUES (84, 53);
INSERT INTO InProceeding (InProceedingId, Title, Pages, Url, ProceedingId) VALUES (54, 'Motivations, Objectives and Characterization of Distributed Systems.', '1-9', NULL, NULL);
INSERT INTO Person (PersonId, Name) VALUES (85, 'Grard Le Lann');
INSERT INTO RelationPersonInProceeding (PersonId, InProceedingId) VALUES (85, 54);
INSERT INTO InProceeding (InProceedingId, Title, Pages, Url, ProceedingId) VALUES (55, 'Synchronization.', '361-395', NULL, NULL);
INSERT INTO RelationPersonInProceeding (PersonId, InProceedingId) VALUES (85, 55);
INSERT INTO InProceeding (InProceedingId, Title, Pages, Url, ProceedingId) VALUES (56, 'Security of Computer Networks.', '163-185', NULL, NULL);
INSERT INTO Person (PersonId, Name) VALUES (86, 'Jan Verschuren');
INSERT INTO RelationPersonInProceeding (PersonId, InProceedingId) VALUES (86, 56);
INSERT INTO InProceeding (InProceedingId, Title, Pages, Url, ProceedingId) VALUES (57, 'Methods of Automated Reasoning.', '171-217', NULL, NULL);
INSERT INTO Person (PersonId, Name) VALUES (87, 'Wolfgang Bibel');
INSERT INTO RelationPersonInProceeding (PersonId, InProceedingId) VALUES (87, 57);
INSERT INTO InProceeding (InProceedingId, Title, Pages, Url, ProceedingId) VALUES (58, 'Introduction.', '1-6', NULL, NULL);
INSERT INTO Person (PersonId, Name) VALUES (88, 'Gnter Hommel');
INSERT INTO RelationPersonInProceeding (PersonId, InProceedingId) VALUES (88, 58);
INSERT INTO InProceeding (InProceedingId, Title, Pages, Url, ProceedingId) VALUES (59, '``Forgotten Topics$1$1 of Net Theory.', '500-514', NULL, NULL);
INSERT INTO Person (PersonId, Name) VALUES (89, 'C. A. Petri');
INSERT INTO RelationPersonInProceeding (PersonId, InProceedingId) VALUES (89, 59);
INSERT INTO InProceeding (InProceedingId, Title, Pages, Url, ProceedingId) VALUES (60, 'Nets in Office Automation.', '234-257', NULL, NULL);
INSERT INTO Person (PersonId, Name) VALUES (90, 'Klaus Voss');
INSERT INTO RelationPersonInProceeding (PersonId, InProceedingId) VALUES (90, 60);
INSERT INTO InProceeding (InProceedingId, Title, Pages, Url, ProceedingId) VALUES (61, 'The State Explosion Problem.', '429-528', NULL, NULL);
INSERT INTO Person (PersonId, Name) VALUES (91, 'Antti Valmari');
INSERT INTO RelationPersonInProceeding (PersonId, InProceedingId) VALUES (91, 61);
INSERT INTO InProceeding (InProceedingId, Title, Pages, Url, ProceedingId) VALUES (62, 'Introduction to Computer Security.', '377-393', NULL, NULL);
INSERT INTO Person (PersonId, Name) VALUES (92, 'Bart De Decker');
INSERT INTO RelationPersonInProceeding (PersonId, InProceedingId) VALUES (92, 62);
INSERT INTO InProceeding (InProceedingId, Title, Pages, Url, ProceedingId) VALUES (63, 'Function Decomposition in Machine Learning.', '71-101', NULL, 2);
INSERT INTO Person (PersonId, Name) VALUES (93, 'Blaz Zupan');
INSERT INTO RelationPersonInProceeding (PersonId, InProceedingId) VALUES (93, 63);
INSERT INTO Person (PersonId, Name) VALUES (94, 'Marko Bohanec');
INSERT INTO RelationPersonInProceeding (PersonId, InProceedingId) VALUES (94, 63);
INSERT INTO Person (PersonId, Name) VALUES (95, 'Janez Demsar');
INSERT INTO RelationPersonInProceeding (PersonId, InProceedingId) VALUES (95, 63);
INSERT INTO Person (PersonId, Name) VALUES (96, 'Ivan Bratko');
INSERT INTO RelationPersonInProceeding (PersonId, InProceedingId) VALUES (96, 63);
INSERT INTO InProceeding (InProceedingId, Title, Pages, Url, ProceedingId) VALUES (64, 'Access Units.', '87-107', NULL, NULL);
INSERT INTO Person (PersonId, Name) VALUES (97, 'David Hutchison');
INSERT INTO RelationPersonInProceeding (PersonId, InProceedingId) VALUES (97, 64);
INSERT INTO InProceeding (InProceedingId, Title, Pages, Url, ProceedingId) VALUES (65, 'Petri Nets, Process Algebras and Concurrent Programming Languages.', '1-84', NULL, NULL);
INSERT INTO Person (PersonId, Name) VALUES (98, 'Raymond R. Devillers');
INSERT INTO RelationPersonInProceeding (PersonId, InProceedingId) VALUES (98, 65);
INSERT INTO Person (PersonId, Name) VALUES (99, 'Maciej Koutny');
INSERT INTO RelationPersonInProceeding (PersonId, InProceedingId) VALUES (99, 65);
INSERT INTO RelationPersonInProceeding (PersonId, InProceedingId) VALUES (43, 65);
INSERT INTO InProceeding (InProceedingId, Title, Pages, Url, ProceedingId) VALUES (66, 'Distributed Algorithms for Networks of Agents.', '331-385', NULL, NULL);
INSERT INTO Person (PersonId, Name) VALUES (100, 'Tobias Vesper');
INSERT INTO RelationPersonInProceeding (PersonId, InProceedingId) VALUES (100, 66);
INSERT INTO Person (PersonId, Name) VALUES (101, 'Ekkart Kindler');
INSERT INTO RelationPersonInProceeding (PersonId, InProceedingId) VALUES (101, 66);
INSERT INTO Person (PersonId, Name) VALUES (102, 'Rolf Walter');
INSERT INTO RelationPersonInProceeding (PersonId, InProceedingId) VALUES (102, 66);
INSERT INTO Person (PersonId, Name) VALUES (103, 'Hagen Vlzer');
INSERT INTO RelationPersonInProceeding (PersonId, InProceedingId) VALUES (103, 66);
INSERT INTO Person (PersonId, Name) VALUES (104, 'Wolfgang Reisig');
INSERT INTO RelationPersonInProceeding (PersonId, InProceedingId) VALUES (104, 66);
INSERT INTO InProceeding (InProceedingId, Title, Pages, Url, ProceedingId) VALUES (67, 'PerDiS: Design, Implementation, and Use of a PERsistent DIstributed Store.', '427-452', NULL, NULL);
INSERT INTO Person (PersonId, Name) VALUES (105, 'Sytse Kloosterman');
INSERT INTO RelationPersonInProceeding (PersonId, InProceedingId) VALUES (105, 67);
INSERT INTO Person (PersonId, Name) VALUES (106, 'Sacha Krakowiak');
INSERT INTO RelationPersonInProceeding (PersonId, InProceedingId) VALUES (106, 67);
INSERT INTO Person (PersonId, Name) VALUES (107, 'Nicolas Richer');
INSERT INTO RelationPersonInProceeding (PersonId, InProceedingId) VALUES (107, 67);
INSERT INTO Person (PersonId, Name) VALUES (108, 'Xavier Blondel');
INSERT INTO RelationPersonInProceeding (PersonId, InProceedingId) VALUES (108, 67);
INSERT INTO Person (PersonId, Name) VALUES (109, 'Marcus Roberts');
INSERT INTO RelationPersonInProceeding (PersonId, InProceedingId) VALUES (109, 67);
INSERT INTO Person (PersonId, Name) VALUES (110, 'George Coulouris');
INSERT INTO RelationPersonInProceeding (PersonId, InProceedingId) VALUES (110, 67);
INSERT INTO RelationPersonInProceeding (PersonId, InProceedingId) VALUES (60, 67);
INSERT INTO Person (PersonId, Name) VALUES (111, 'Paulo Guedes');
INSERT INTO RelationPersonInProceeding (PersonId, InProceedingId) VALUES (111, 67);
INSERT INTO Person (PersonId, Name) VALUES (112, 'Jean Dollimore');
INSERT INTO RelationPersonInProceeding (PersonId, InProceedingId) VALUES (112, 67);
INSERT INTO Person (PersonId, Name) VALUES (113, 'Fadi Sandakly');
INSERT INTO RelationPersonInProceeding (PersonId, InProceedingId) VALUES (113, 67);
INSERT INTO Person (PersonId, Name) VALUES (114, 'Joo Garcia');
INSERT INTO RelationPersonInProceeding (PersonId, InProceedingId) VALUES (114, 67);
INSERT INTO Person (PersonId, Name) VALUES (115, 'Daniel Hagimont');
INSERT INTO RelationPersonInProceeding (PersonId, InProceedingId) VALUES (115, 67);
INSERT INTO Person (PersonId, Name) VALUES (116, 'Olivier Fambon');
INSERT INTO RelationPersonInProceeding (PersonId, InProceedingId) VALUES (116, 67);
INSERT INTO RelationPersonInProceeding (PersonId, InProceedingId) VALUES (62, 67);
INSERT INTO InProceeding (InProceedingId, Title, Pages, Url, ProceedingId) VALUES (68, 'Behaviour of Elementary Net Systems.', '60-94', NULL, NULL);
INSERT INTO Person (PersonId, Name) VALUES (117, 'Grzegorz Rozenberg');
INSERT INTO RelationPersonInProceeding (PersonId, InProceedingId) VALUES (117, 68);
INSERT INTO InProceeding (InProceedingId, Title, Pages, Url, ProceedingId) VALUES (69, 'Constructing Dependable Web Services.', '277-294', NULL, NULL);
INSERT INTO Person (PersonId, Name) VALUES (118, 'Fabio Panzieri');
INSERT INTO RelationPersonInProceeding (PersonId, InProceedingId) VALUES (118, 69);
INSERT INTO Person (PersonId, Name) VALUES (119, 'Santosh K. Shrivastava');
INSERT INTO RelationPersonInProceeding (PersonId, InProceedingId) VALUES (119, 69);
INSERT INTO Person (PersonId, Name) VALUES (120, 'David B. Ingham');
INSERT INTO RelationPersonInProceeding (PersonId, InProceedingId) VALUES (120, 69);
INSERT INTO InProceeding (InProceedingId, Title, Pages, Url, ProceedingId) VALUES (70, 'Quality of Service and Electronic Newspaper: The Etel Solution.', '472-496', NULL, NULL);
INSERT INTO Person (PersonId, Name) VALUES (121, 'Jean-Marc Menaud');
INSERT INTO RelationPersonInProceeding (PersonId, InProceedingId) VALUES (121, 70);
INSERT INTO Person (PersonId, Name) VALUES (122, 'Michel Bantre');
INSERT INTO RelationPersonInProceeding (PersonId, InProceedingId) VALUES (122, 70);
INSERT INTO Person (PersonId, Name) VALUES (123, 'Valrie Issarny');
INSERT INTO RelationPersonInProceeding (PersonId, InProceedingId) VALUES (123, 70);
INSERT INTO Person (PersonId, Name) VALUES (124, 'Boris Charpiot');
INSERT INTO RelationPersonInProceeding (PersonId, InProceedingId) VALUES (124, 70);
INSERT INTO InProceeding (InProceedingId, Title, Pages, Url, ProceedingId) VALUES (71, 'Component-Based Programming of Distributed Applications.', '327-353', NULL, NULL);
INSERT INTO Person (PersonId, Name) VALUES (125, 'Michel Riveill');
INSERT INTO RelationPersonInProceeding (PersonId, InProceedingId) VALUES (125, 71);
INSERT INTO Person (PersonId, Name) VALUES (126, 'Luc Bellissard');
INSERT INTO RelationPersonInProceeding (PersonId, InProceedingId) VALUES (126, 71);
INSERT INTO RelationPersonInProceeding (PersonId, InProceedingId) VALUES (123, 71);
INSERT INTO Person (PersonId, Name) VALUES (127, 'Apostolos Zarras');
INSERT INTO RelationPersonInProceeding (PersonId, InProceedingId) VALUES (127, 71);
INSERT INTO InProceeding (InProceedingId, Title, Pages, Url, ProceedingId) VALUES (72, 'The Cambridge Distributed Computing System.', '282-312', NULL, NULL);
INSERT INTO Person (PersonId, Name) VALUES (128, 'A. J. Herbert');
INSERT INTO RelationPersonInProceeding (PersonId, InProceedingId) VALUES (128, 72);
INSERT INTO InProceeding (InProceedingId, Title, Pages, Url, ProceedingId) VALUES (73, 'Wide Area Internetworking.', '428-456', NULL, NULL);
INSERT INTO Person (PersonId, Name) VALUES (129, 'P. L. Higginson');
INSERT INTO RelationPersonInProceeding (PersonId, InProceedingId) VALUES (129, 73);
INSERT INTO InProceeding (InProceedingId, Title, Pages, Url, ProceedingId) VALUES (74, 'Pattern Recognition and Neural Networks.', '169-195', NULL, 2);
INSERT INTO Person (PersonId, Name) VALUES (130, 'Sergios Theodoridis');
INSERT INTO RelationPersonInProceeding (PersonId, InProceedingId) VALUES (130, 74);
INSERT INTO Person (PersonId, Name) VALUES (131, 'Konstantinos Koutroumbas');
INSERT INTO RelationPersonInProceeding (PersonId, InProceedingId) VALUES (131, 74);
INSERT INTO InProceeding (InProceedingId, Title, Pages, Url, ProceedingId) VALUES (75, 'Petri Nets and Other Models of Concurrency.', '587-642', NULL, NULL);
INSERT INTO Person (PersonId, Name) VALUES (132, 'Vladimiro Sassone');
INSERT INTO RelationPersonInProceeding (PersonId, InProceedingId) VALUES (132, 75);
INSERT INTO Person (PersonId, Name) VALUES (133, 'Mogens Nielsen');
INSERT INTO RelationPersonInProceeding (PersonId, InProceedingId) VALUES (133, 75);
INSERT INTO InProceeding (InProceedingId, Title, Pages, Url, ProceedingId) VALUES (76, 'Network Operating Systems.', '313-360', NULL, NULL);
INSERT INTO Person (PersonId, Name) VALUES (134, 'Richard F. Rashid');
INSERT INTO RelationPersonInProceeding (PersonId, InProceedingId) VALUES (134, 76);
INSERT INTO InProceeding (InProceedingId, Title, Pages, Url, ProceedingId) VALUES (77, 'Hierarchy.', '94-139', NULL, NULL);
INSERT INTO RelationPersonInProceeding (PersonId, InProceedingId) VALUES (41, 77);
INSERT INTO Person (PersonId, Name) VALUES (135, 'Donald W. Davies');
INSERT INTO RelationPersonInProceeding (PersonId, InProceedingId) VALUES (135, 77);
INSERT INTO InProceeding (InProceedingId, Title, Pages, Url, ProceedingId) VALUES (78, 'Nets in Computer Organisation.', '218-233', NULL, NULL);
INSERT INTO Person (PersonId, Name) VALUES (136, 'Rdiger Valk');
INSERT INTO RelationPersonInProceeding (PersonId, InProceedingId) VALUES (136, 78);
INSERT INTO InProceeding (InProceedingId, Title, Pages, Url, ProceedingId) VALUES (79, 'Distibuted System Architecture Model.', '10-43', NULL, NULL);
INSERT INTO RelationPersonInProceeding (PersonId, InProceedingId) VALUES (41, 79);
INSERT INTO InProceeding (InProceedingId, Title, Pages, Url, ProceedingId) VALUES (80, 'Views of Distributed Systems.', '114-143', NULL, 3);
INSERT INTO Person (PersonId, Name) VALUES (137, 'Manfred Broy');
INSERT INTO RelationPersonInProceeding (PersonId, InProceedingId) VALUES (137, 80);
INSERT INTO Person (PersonId, Name) VALUES (138, 'Thomas Streicher');
INSERT INTO RelationPersonInProceeding (PersonId, InProceedingId) VALUES (138, 80);
INSERT INTO InProceeding (InProceedingId, Title, Pages, Url, ProceedingId) VALUES (81, 'Pre- and Post-processing in Machine Learning and Data Mining.', '258-266', NULL, 2);
INSERT INTO Person (PersonId, Name) VALUES (139, 'Ivan Bruha');
INSERT INTO RelationPersonInProceeding (PersonId, InProceedingId) VALUES (139, 81);
INSERT INTO InProceeding (InProceedingId, Title, Pages, Url, ProceedingId) VALUES (82, 'International Standardisation of IT Security.', '353-365', NULL, NULL);
INSERT INTO RelationPersonInProceeding (PersonId, InProceedingId) VALUES (48, 82);
INSERT INTO InProceeding (InProceedingId, Title, Pages, Url, ProceedingId) VALUES (83, 'Smart Cards - Requirements, Properties, and Applications.', '307-331', NULL, NULL);
INSERT INTO RelationPersonInProceeding (PersonId, InProceedingId) VALUES (48, 83);
INSERT INTO Person (PersonId, Name) VALUES (140, 'Franz Weikmann');
INSERT INTO RelationPersonInProceeding (PersonId, InProceedingId) VALUES (140, 83);
INSERT INTO InProceeding (InProceedingId, Title, Pages, Url, ProceedingId) VALUES (84, 'Nets in Data Bases.', '97-134', NULL, NULL);
INSERT INTO RelationPersonInProceeding (PersonId, InProceedingId) VALUES (90, 84);
INSERT INTO InProceeding (InProceedingId, Title, Pages, Url, ProceedingId) VALUES (85, 'Elliptic Curve Public-Key Cryptosystems - An Introduction.', '131-141', NULL, NULL);
INSERT INTO RelationPersonInProceeding (PersonId, InProceedingId) VALUES (45, 85);
INSERT INTO Person (PersonId, Name) VALUES (141, 'Erik De Win');
INSERT INTO RelationPersonInProceeding (PersonId, InProceedingId) VALUES (141, 85);
INSERT INTO InProceeding (InProceedingId, Title, Pages, Url, ProceedingId) VALUES (86, 'On Axiomatic Definition of Max-Model of Concurrency.', '199-230', NULL, 3);
INSERT INTO Person (PersonId, Name) VALUES (142, 'Grazyna Mirkowska');
INSERT INTO RelationPersonInProceeding (PersonId, InProceedingId) VALUES (142, 86);
INSERT INTO Person (PersonId, Name) VALUES (143, 'Andrzej Salwicki');
INSERT INTO RelationPersonInProceeding (PersonId, InProceedingId) VALUES (143, 86);
INSERT INTO InProceeding (InProceedingId, Title, Pages, Url, ProceedingId) VALUES (87, 'CCS - and its Relationship to Net Theory.', '393-415', NULL, NULL);
INSERT INTO RelationPersonInProceeding (PersonId, InProceedingId) VALUES (133, 87);
INSERT INTO InProceeding (InProceedingId, Title, Pages, Url, ProceedingId) VALUES (88, 'Unconditional Security in Cryptography.', '217-250', NULL, NULL);
INSERT INTO Person (PersonId, Name) VALUES (144, 'Stefan Wolf');
INSERT INTO RelationPersonInProceeding (PersonId, InProceedingId) VALUES (144, 88);
INSERT INTO InProceeding (InProceedingId, Title, Pages, Url, ProceedingId) VALUES (89, 'Predicate/Transition Nets.', '207-247', NULL, NULL);
INSERT INTO Person (PersonId, Name) VALUES (145, 'Hartmann J. Genrich');
INSERT INTO RelationPersonInProceeding (PersonId, InProceedingId) VALUES (145, 89);
INSERT INTO InProceeding (InProceedingId, Title, Pages, Url, ProceedingId) VALUES (90, 'On Solutions to the Key Escrow Problem.', '277-306', NULL, NULL);
INSERT INTO Person (PersonId, Name) VALUES (146, 'Mark P. Hoyle');
INSERT INTO RelationPersonInProceeding (PersonId, InProceedingId) VALUES (146, 90);
INSERT INTO Person (PersonId, Name) VALUES (147, 'Chris J. Mitchell');
INSERT INTO RelationPersonInProceeding (PersonId, InProceedingId) VALUES (147, 90);
INSERT INTO InProceeding (InProceedingId, Title, Pages, Url, ProceedingId) VALUES (91, 'Trends in the Fight Against Computer-Related Delinquency.', '1-17', NULL, NULL);
INSERT INTO Person (PersonId, Name) VALUES (148, 'Bart De Schutter');
INSERT INTO RelationPersonInProceeding (PersonId, InProceedingId) VALUES (148, 91);
INSERT INTO InProceeding (InProceedingId, Title, Pages, Url, ProceedingId) VALUES (92, 'Modelling and Analysis of Distributed Software Using GSPNs.', '438-476', NULL, NULL);
INSERT INTO Person (PersonId, Name) VALUES (149, 'Giuliana Franceschinis');
INSERT INTO RelationPersonInProceeding (PersonId, InProceedingId) VALUES (149, 92);
INSERT INTO RelationPersonInProceeding (PersonId, InProceedingId) VALUES (78, 92);
INSERT INTO InProceeding (InProceedingId, Title, Pages, Url, ProceedingId) VALUES (93, 'Responsive Protocols for Distributed Multimedia Applications.', '157-181', NULL, NULL);
INSERT INTO RelationPersonInProceeding (PersonId, InProceedingId) VALUES (118, 93);
INSERT INTO Person (PersonId, Name) VALUES (150, 'Marco Roccetti');
INSERT INTO RelationPersonInProceeding (PersonId, InProceedingId) VALUES (150, 93);
INSERT INTO InProceeding (InProceedingId, Title, Pages, Url, ProceedingId) VALUES (94, 'Consensus in Asynchronous Distributed Systems: A Concise Guided Tour.', '33-47', NULL, NULL);
INSERT INTO Person (PersonId, Name) VALUES (151, 'Riucarlos Oliveira');
INSERT INTO RelationPersonInProceeding (PersonId, InProceedingId) VALUES (151, 94);
INSERT INTO Person (PersonId, Name) VALUES (152, 'Rachid Guerraoui');
INSERT INTO RelationPersonInProceeding (PersonId, InProceedingId) VALUES (152, 94);
INSERT INTO Person (PersonId, Name) VALUES (153, 'Michel Raynal');
INSERT INTO RelationPersonInProceeding (PersonId, InProceedingId) VALUES (153, 94);
INSERT INTO Person (PersonId, Name) VALUES (154, 'Michel Hurfin');
INSERT INTO RelationPersonInProceeding (PersonId, InProceedingId) VALUES (154, 94);
INSERT INTO Person (PersonId, Name) VALUES (155, 'Achour Mostfaoui');
INSERT INTO RelationPersonInProceeding (PersonId, InProceedingId) VALUES (155, 94);
INSERT INTO Person (PersonId, Name) VALUES (156, 'Andr Schiper');
INSERT INTO RelationPersonInProceeding (PersonId, InProceedingId) VALUES (156, 94);
INSERT INTO InProceeding (InProceedingId, Title, Pages, Url, ProceedingId) VALUES (95, 'Universal Models in Categories for Process Synchronization.', '183-198', NULL, 3);
INSERT INTO Person (PersonId, Name) VALUES (157, 'Alberto Pettorossi');
INSERT INTO RelationPersonInProceeding (PersonId, InProceedingId) VALUES (157, 95);
INSERT INTO Person (PersonId, Name) VALUES (158, 'Anna Labella');
INSERT INTO RelationPersonInProceeding (PersonId, InProceedingId) VALUES (158, 95);
INSERT INTO InProceeding (InProceedingId, Title, Pages, Url, ProceedingId) VALUES (96, 'Topology-Aware Algorithms for Large-Scale Communication.', '127-156', NULL, NULL);
INSERT INTO Person (PersonId, Name) VALUES (159, 'Paulo Verissimo');
INSERT INTO RelationPersonInProceeding (PersonId, InProceedingId) VALUES (159, 96);
INSERT INTO Person (PersonId, Name) VALUES (160, 'Lus Rodrigues');
INSERT INTO RelationPersonInProceeding (PersonId, InProceedingId) VALUES (160, 96);
INSERT INTO InProceeding (InProceedingId, Title, Pages, Url, ProceedingId) VALUES (97, 'An Introduction to Automated Deduction.', '75-132', NULL, NULL);
INSERT INTO Person (PersonId, Name) VALUES (161, 'Mark E. Stickel');
INSERT INTO RelationPersonInProceeding (PersonId, InProceedingId) VALUES (161, 97);
INSERT INTO InProceeding (InProceedingId, Title, Pages, Url, ProceedingId) VALUES (98, 'Complexity of Place/Transition Nets.', '413-434', NULL, NULL);
INSERT INTO Person (PersonId, Name) VALUES (162, 'Matthias Jantzen');
INSERT INTO RelationPersonInProceeding (PersonId, InProceedingId) VALUES (162, 98);
INSERT INTO InProceeding (InProceedingId, Title, Pages, Url, ProceedingId) VALUES (99, 'Support for Distributed CSCW Applications.', '295-326', NULL, NULL);
INSERT INTO Person (PersonId, Name) VALUES (163, 'Loc Decloedt');
INSERT INTO RelationPersonInProceeding (PersonId, InProceedingId) VALUES (163, 99);
INSERT INTO RelationPersonInProceeding (PersonId, InProceedingId) VALUES (159, 99);
INSERT INTO Person (PersonId, Name) VALUES (164, 'Franois J. N. Cosquer');
INSERT INTO RelationPersonInProceeding (PersonId, InProceedingId) VALUES (164, 99);
INSERT INTO RelationPersonInProceeding (PersonId, InProceedingId) VALUES (106, 99);
INSERT INTO InProceeding (InProceedingId, Title, Pages, Url, ProceedingId) VALUES (100, 'Linear Algebraic and Linear Programming Techniques for the Analysis of Place or Transition Net Systems.', '309-373', NULL, NULL);
INSERT INTO Person (PersonId, Name) VALUES (165, 'Jos Manuel Colom');
INSERT INTO RelationPersonInProceeding (PersonId, InProceedingId) VALUES (165, 100);
INSERT INTO Person (PersonId, Name) VALUES (166, 'Enrique Teruel');
INSERT INTO RelationPersonInProceeding (PersonId, InProceedingId) VALUES (166, 100);
INSERT INTO Person (PersonId, Name) VALUES (167, 'Manuel Silva');
INSERT INTO RelationPersonInProceeding (PersonId, InProceedingId) VALUES (167, 100);
INSERT INTO InProceeding (InProceedingId, Title, Pages, Url, ProceedingId) VALUES (101, 'Deploying Distributed Objects on the Internet.', '213-237', NULL, NULL);
INSERT INTO RelationPersonInProceeding (PersonId, InProceedingId) VALUES (115, 101);
INSERT INTO Person (PersonId, Name) VALUES (168, 'Steve J. Caughey');
INSERT INTO RelationPersonInProceeding (PersonId, InProceedingId) VALUES (168, 101);
INSERT INTO RelationPersonInProceeding (PersonId, InProceedingId) VALUES (120, 101);
INSERT INTO InProceeding (InProceedingId, Title, Pages, Url, ProceedingId) VALUES (102, 'Place or Transition Petri Nets.', '122-173', NULL, NULL);
INSERT INTO RelationPersonInProceeding (PersonId, InProceedingId) VALUES (104, 102);
INSERT INTO Person (PersonId, Name) VALUES (169, 'Jrg Desel');
INSERT INTO RelationPersonInProceeding (PersonId, InProceedingId) VALUES (169, 102);
INSERT INTO InProceeding (InProceedingId, Title, Pages, Url, ProceedingId) VALUES (103, 'Basic Linear Algebraic Techniques for Place or Transition Nets.', '257-308', NULL, NULL);
INSERT INTO RelationPersonInProceeding (PersonId, InProceedingId) VALUES (169, 103);
INSERT INTO InProceeding (InProceedingId, Title, Pages, Url, ProceedingId) VALUES (104, 'FIFO-Nets.', '436-459', NULL, NULL);
INSERT INTO Person (PersonId, Name) VALUES (170, 'Grard Roucairol');
INSERT INTO RelationPersonInProceeding (PersonId, InProceedingId) VALUES (170, 104);
INSERT INTO InProceeding (InProceedingId, Title, Pages, Url, ProceedingId) VALUES (105, 'Machine Learning Applications to Power Systems.', '308-317', NULL, 2);
INSERT INTO Person (PersonId, Name) VALUES (171, 'Nikolaos Hatziargyriou');
INSERT INTO RelationPersonInProceeding (PersonId, InProceedingId) VALUES (171, 105);
INSERT INTO InProceeding (InProceedingId, Title, Pages, Url, ProceedingId) VALUES (106, 'TCSP: Theory of Communicating Sequential Processes.', '441-465', NULL, NULL);
INSERT INTO Person (PersonId, Name) VALUES (172, 'Ernst-Rdiger Olderog');
INSERT INTO RelationPersonInProceeding (PersonId, InProceedingId) VALUES (172, 106);
INSERT INTO InProceeding (InProceedingId, Title, Pages, Url, ProceedingId) VALUES (107, 'Machine Learning in Medical Applications.', '300-307', NULL, 2);
INSERT INTO Person (PersonId, Name) VALUES (173, 'George D. Magoulas');
INSERT INTO RelationPersonInProceeding (PersonId, InProceedingId) VALUES (173, 107);
INSERT INTO Person (PersonId, Name) VALUES (174, 'Andriana Prentza');
INSERT INTO RelationPersonInProceeding (PersonId, InProceedingId) VALUES (174, 107);
INSERT INTO InProceeding (InProceedingId, Title, Pages, Url, ProceedingId) VALUES (108, 'Testing Equivalences for Event Structures.', '1-20', NULL, 3);
INSERT INTO Person (PersonId, Name) VALUES (175, 'Luca Aceto');
INSERT INTO RelationPersonInProceeding (PersonId, InProceedingId) VALUES (175, 108);
INSERT INTO Person (PersonId, Name) VALUES (176, 'Alessandro Fantechi');
INSERT INTO RelationPersonInProceeding (PersonId, InProceedingId) VALUES (176, 108);
INSERT INTO RelationPersonInProceeding (PersonId, InProceedingId) VALUES (50, 108);
INSERT INTO InProceeding (InProceedingId, Title, Pages, Url, ProceedingId) VALUES (109, 'TTPs Overview - Concepts and Review of the State of Art from a Technical Point of View.', '241-263', NULL, NULL);
INSERT INTO Person (PersonId, Name) VALUES (177, 'Peter Landrock');
INSERT INTO RelationPersonInProceeding (PersonId, InProceedingId) VALUES (177, 109);
INSERT INTO InProceeding (InProceedingId, Title, Pages, Url, ProceedingId) VALUES (110, 'Primality Tests and Use of Primes in Public-Key Systems.', '127-133', NULL, NULL);
INSERT INTO RelationPersonInProceeding (PersonId, InProceedingId) VALUES (177, 110);
INSERT INTO InProceeding (InProceedingId, Title, Pages, Url, ProceedingId) VALUES (111, 'A Graph Model Based Approach to Specifications.', '131-201', NULL, NULL);
INSERT INTO Person (PersonId, Name) VALUES (178, 'Mack W. Alford');
INSERT INTO RelationPersonInProceeding (PersonId, InProceedingId) VALUES (178, 111);
INSERT INTO InProceeding (InProceedingId, Title, Pages, Url, ProceedingId) VALUES (112, 'Integrating Group Communication with Transactions for Implementing Persistent Replicated Objects.', '238-253', NULL, NULL);
INSERT INTO RelationPersonInProceeding (PersonId, InProceedingId) VALUES (119, 112);
INSERT INTO Person (PersonId, Name) VALUES (179, 'Mark C. Little');
INSERT INTO RelationPersonInProceeding (PersonId, InProceedingId) VALUES (179, 112);
INSERT INTO InProceeding (InProceedingId, Title, Pages, Url, ProceedingId) VALUES (113, 'Introduction to Secure Computation.', '16-62', NULL, NULL);
INSERT INTO Person (PersonId, Name) VALUES (180, 'Ronald Cramer');
INSERT INTO RelationPersonInProceeding (PersonId, InProceedingId) VALUES (180, 113);
INSERT INTO InProceeding (InProceedingId, Title, Pages, Url, ProceedingId) VALUES (114, 'Time in Distributed System Models and Algorithms.', '1-32', NULL, NULL);
INSERT INTO RelationPersonInProceeding (PersonId, InProceedingId) VALUES (153, 114);
INSERT INTO RelationPersonInProceeding (PersonId, InProceedingId) VALUES (159, 114);
INSERT INTO InProceeding (InProceedingId, Title, Pages, Url, ProceedingId) VALUES (115, 'Lan Internetworking.', '396-427', NULL, NULL);
INSERT INTO Person (PersonId, Name) VALUES (181, 'W. D. Shepherd');
INSERT INTO RelationPersonInProceeding (PersonId, InProceedingId) VALUES (181, 115);
INSERT INTO InProceeding (InProceedingId, Title, Pages, Url, ProceedingId) VALUES (116, 'An Qutline of the SMoLCS Approach.', '81-113', NULL, 3);
INSERT INTO Person (PersonId, Name) VALUES (182, 'Gianna Reggio');
INSERT INTO RelationPersonInProceeding (PersonId, InProceedingId) VALUES (182, 116);
INSERT INTO Person (PersonId, Name) VALUES (183, 'Egidio Astesiano');
INSERT INTO RelationPersonInProceeding (PersonId, InProceedingId) VALUES (183, 116);
INSERT INTO InProceeding (InProceedingId, Title, Pages, Url, ProceedingId) VALUES (117, 'Efficient Performance Analysis Techniques for Stochastic Well-Formed Nets and Stochastic Process Algebras.', '386-437', NULL, NULL);
INSERT INTO RelationPersonInProceeding (PersonId, InProceedingId) VALUES (149, 117);
INSERT INTO Person (PersonId, Name) VALUES (184, 'Marina Ribaudo');
INSERT INTO RelationPersonInProceeding (PersonId, InProceedingId) VALUES (184, 117);
INSERT INTO InProceeding (InProceedingId, Title, Pages, Url, ProceedingId) VALUES (118, 'The National Software Works (NSW).', '421-445', NULL, NULL);
INSERT INTO RelationPersonInProceeding (PersonId, InProceedingId) VALUES (84, 118);
INSERT INTO InProceeding (InProceedingId, Title, Pages, Url, ProceedingId) VALUES (119, 'Elementary Net Systems.', '12-121', NULL, NULL);
INSERT INTO Person (PersonId, Name) VALUES (185, 'Joost Engelfriet');
INSERT INTO RelationPersonInProceeding (PersonId, InProceedingId) VALUES (185, 119);
INSERT INTO RelationPersonInProceeding (PersonId, InProceedingId) VALUES (117, 119);
INSERT INTO InProceeding (InProceedingId, Title, Pages, Url, ProceedingId) VALUES (120, 'The Ethernet.', '1-35', NULL, NULL);
INSERT INTO Person (PersonId, Name) VALUES (186, 'Yogen K. Dalal');
INSERT INTO RelationPersonInProceeding (PersonId, InProceedingId) VALUES (186, 120);
INSERT INTO Person (PersonId, Name) VALUES (187, 'John F. Shoch');
INSERT INTO RelationPersonInProceeding (PersonId, InProceedingId) VALUES (187, 120);
INSERT INTO Person (PersonId, Name) VALUES (188, 'David D. Redell');
INSERT INTO RelationPersonInProceeding (PersonId, InProceedingId) VALUES (188, 120);
INSERT INTO Person (PersonId, Name) VALUES (189, 'Ronald C. Crane');
INSERT INTO RelationPersonInProceeding (PersonId, InProceedingId) VALUES (189, 120);
INSERT INTO InProceeding (InProceedingId, Title, Pages, Url, ProceedingId) VALUES (121, 'How to Upgrade Propositional Learners to First Order Logic: A Case Study.', '102-126', NULL, 2);
INSERT INTO Person (PersonId, Name) VALUES (190, 'Wim Van Laer');
INSERT INTO RelationPersonInProceeding (PersonId, InProceedingId) VALUES (190, 121);
INSERT INTO Person (PersonId, Name) VALUES (191, 'Luc De Raedt');
INSERT INTO RelationPersonInProceeding (PersonId, InProceedingId) VALUES (191, 121);
INSERT INTO InProceeding (InProceedingId, Title, Pages, Url, ProceedingId) VALUES (122, 'Link Level.', '86-93', NULL, NULL);
INSERT INTO RelationPersonInProceeding (PersonId, InProceedingId) VALUES (85, 122);
INSERT INTO InProceeding (InProceedingId, Title, Pages, Url, ProceedingId) VALUES (123, 'Synchronization.', '266-283', NULL, NULL);
INSERT INTO RelationPersonInProceeding (PersonId, InProceedingId) VALUES (85, 123);
INSERT INTO InProceeding (InProceedingId, Title, Pages, Url, ProceedingId) VALUES (124, 'Error Recovery.', '371-376', NULL, NULL);
INSERT INTO RelationPersonInProceeding (PersonId, InProceedingId) VALUES (85, 124);
INSERT INTO InProceeding (InProceedingId, Title, Pages, Url, ProceedingId) VALUES (125, 'Real-Time Protocols.', '457-469', NULL, NULL);
INSERT INTO RelationPersonInProceeding (PersonId, InProceedingId) VALUES (85, 125);
INSERT INTO InProceeding (InProceedingId, Title, Pages, Url, ProceedingId) VALUES (126, 'Machine Learning for Intelligent Information Access.', '274-280', NULL, 2);
INSERT INTO Person (PersonId, Name) VALUES (192, 'Giovanni Semeraro');
INSERT INTO RelationPersonInProceeding (PersonId, InProceedingId) VALUES (192, 126);
INSERT INTO Person (PersonId, Name) VALUES (193, 'Grigoris J. Karakoulas');
INSERT INTO RelationPersonInProceeding (PersonId, InProceedingId) VALUES (193, 126);
INSERT INTO InProceeding (InProceedingId, Title, Pages, Url, ProceedingId) VALUES (127, 'Reduction, Data Flow and Control Flow Models of Computation.', '466-498', NULL, NULL);
INSERT INTO Person (PersonId, Name) VALUES (194, 'Werner E. Kluge');
INSERT INTO RelationPersonInProceeding (PersonId, InProceedingId) VALUES (194, 127);
INSERT INTO InProceeding (InProceedingId, Title, Pages, Url, ProceedingId) VALUES (128, 'Improving the Effectiveness of Web Caching.', '375-401', NULL, NULL);
INSERT INTO RelationPersonInProceeding (PersonId, InProceedingId) VALUES (121, 128);
INSERT INTO RelationPersonInProceeding (PersonId, InProceedingId) VALUES (122, 128);
INSERT INTO RelationPersonInProceeding (PersonId, InProceedingId) VALUES (123, 128);
INSERT INTO InProceeding (InProceedingId, Title, Pages, Url, ProceedingId) VALUES (129, 'The Token Ring.', '36-63', NULL, NULL);
INSERT INTO RelationPersonInProceeding (PersonId, InProceedingId) VALUES (70, 129);
INSERT INTO Person (PersonId, Name) VALUES (195, 'Hans R. Mueller');
INSERT INTO RelationPersonInProceeding (PersonId, InProceedingId) VALUES (195, 129);
INSERT INTO Person (PersonId, Name) VALUES (196, 'Felix Closs');
INSERT INTO RelationPersonInProceeding (PersonId, InProceedingId) VALUES (196, 129);
INSERT INTO Person (PersonId, Name) VALUES (197, 'Karl Kmmerle');
INSERT INTO RelationPersonInProceeding (PersonId, InProceedingId) VALUES (197, 129);
INSERT INTO InProceeding (InProceedingId, Title, Pages, Url, ProceedingId) VALUES (130, 'Formal Foundation for Specification and Verification.', '203-285', NULL, NULL);
INSERT INTO Person (PersonId, Name) VALUES (198, 'Leslie Lamport');
INSERT INTO RelationPersonInProceeding (PersonId, InProceedingId) VALUES (198, 130);
INSERT INTO Person (PersonId, Name) VALUES (199, 'Fred B. Schneider');
INSERT INTO RelationPersonInProceeding (PersonId, InProceedingId) VALUES (199, 130);
INSERT INTO InProceeding (InProceedingId, Title, Pages, Url, ProceedingId) VALUES (131, 'Replication of CORBA Objects.', '254-276', NULL, NULL);
INSERT INTO Person (PersonId, Name) VALUES (200, 'Pascal Felber');
INSERT INTO RelationPersonInProceeding (PersonId, InProceedingId) VALUES (200, 131);
INSERT INTO RelationPersonInProceeding (PersonId, InProceedingId) VALUES (152, 131);
INSERT INTO RelationPersonInProceeding (PersonId, InProceedingId) VALUES (156, 131);
INSERT INTO InProceeding (InProceedingId, Title, Pages, Url, ProceedingId) VALUES (132, 'Term Rewriting as a Basis for the Design of a Functional and Parallel Programming Language. A case study: the language FP2.', '221-276', NULL, NULL);
INSERT INTO Person (PersonId, Name) VALUES (201, 'Philippe Jorrand');
INSERT INTO RelationPersonInProceeding (PersonId, InProceedingId) VALUES (201, 132);
INSERT INTO InProceeding (InProceedingId, Title, Pages, Url, ProceedingId) VALUES (133, 'Hardware Interconnection Technology.', '57-85', NULL, NULL);
INSERT INTO Person (PersonId, Name) VALUES (202, 'Kenneth J. Thurber');
INSERT INTO RelationPersonInProceeding (PersonId, InProceedingId) VALUES (202, 133);
INSERT INTO InProceeding (InProceedingId, Title, Pages, Url, ProceedingId) VALUES (134, 'Hardware Issues.', '377-412', NULL, NULL);
INSERT INTO RelationPersonInProceeding (PersonId, InProceedingId) VALUES (202, 134);
INSERT INTO InProceeding (InProceedingId, Title, Pages, Url, ProceedingId) VALUES (135, 'Advanced Course on Distributed Systems: Conclusions.', '486-492', NULL, NULL);
INSERT INTO RelationPersonInProceeding (PersonId, InProceedingId) VALUES (202, 135);
INSERT INTO InProceeding (InProceedingId, Title, Pages, Url, ProceedingId) VALUES (136, 'Communications Protocols.', '162-220', NULL, NULL);
INSERT INTO RelationPersonInProceeding (PersonId, InProceedingId) VALUES (118, 136);
INSERT INTO InProceeding (InProceedingId, Title, Pages, Url, ProceedingId) VALUES (137, 'The Search for the Holy Grail in Quantum Cryptography.', '183-216', NULL, NULL);
INSERT INTO Person (PersonId, Name) VALUES (203, 'Louis Salvail');
INSERT INTO RelationPersonInProceeding (PersonId, InProceedingId) VALUES (203, 137);
INSERT INTO InProceeding (InProceedingId, Title, Pages, Url, ProceedingId) VALUES (138, 'Theory of Regions.', '529-586', NULL, NULL);
INSERT INTO Person (PersonId, Name) VALUES (204, 'Eric Badouel');
INSERT INTO RelationPersonInProceeding (PersonId, InProceedingId) VALUES (204, 138);
INSERT INTO Person (PersonId, Name) VALUES (205, 'Philippe Darondeau');
INSERT INTO RelationPersonInProceeding (PersonId, InProceedingId) VALUES (205, 138);
INSERT INTO InProceeding (InProceedingId, Title, Pages, Url, ProceedingId) VALUES (139, 'Ethernet, Pup and Violet.', '446-485', NULL, NULL);
INSERT INTO Person (PersonId, Name) VALUES (206, 'Butler W. Lampson');
INSERT INTO RelationPersonInProceeding (PersonId, InProceedingId) VALUES (206, 139);
INSERT INTO InProceeding (InProceedingId, Title, Pages, Url, ProceedingId) VALUES (140, 'Interprocess Communication Layer: Introduction.', '44-56', NULL, NULL);
INSERT INTO RelationPersonInProceeding (PersonId, InProceedingId) VALUES (202, 140);
INSERT INTO InProceeding (InProceedingId, Title, Pages, Url, ProceedingId) VALUES (141, 'Atomic Transactions.', '246-265', NULL, NULL);
INSERT INTO RelationPersonInProceeding (PersonId, InProceedingId) VALUES (206, 141);
INSERT INTO InProceeding (InProceedingId, Title, Pages, Url, ProceedingId) VALUES (142, 'File Servers.', '221-259', NULL, NULL);
INSERT INTO Person (PersonId, Name) VALUES (207, 'James G. Mitchell');
INSERT INTO RelationPersonInProceeding (PersonId, InProceedingId) VALUES (207, 142);
INSERT INTO InProceeding (InProceedingId, Title, Pages, Url, ProceedingId) VALUES (143, 'The Computational Support of Scientific Discovery.', '230-248', NULL, 2);
INSERT INTO RelationPersonInProceeding (PersonId, InProceedingId) VALUES (72, 143);
INSERT INTO InProceeding (InProceedingId, Title, Pages, Url, ProceedingId) VALUES (144, 'Applications and Protocols.', '308-370', NULL, NULL);
INSERT INTO RelationPersonInProceeding (PersonId, InProceedingId) VALUES (206, 144);
INSERT INTO Person (PersonId, Name) VALUES (208, 'Pearl Y. Wang');
INSERT INTO RelationPersonInProceeding (PersonId, InProceedingId) VALUES (208, 144);
INSERT INTO Person (PersonId, Name) VALUES (209, 'Stephen R. Kimbleton');
INSERT INTO RelationPersonInProceeding (PersonId, InProceedingId) VALUES (209, 144);
INSERT INTO InProceeding (InProceedingId, Title, Pages, Url, ProceedingId) VALUES (145, 'Management of Secret Keys: Dynamic Key Handling.', '264-276', NULL, NULL);
INSERT INTO Person (PersonId, Name) VALUES (210, 'Joan Daemen');
INSERT INTO RelationPersonInProceeding (PersonId, InProceedingId) VALUES (210, 145);
INSERT INTO InProceeding (InProceedingId, Title, Pages, Url, ProceedingId) VALUES (146, 'Language Constructs for Distributed Programs.', '287-341', NULL, NULL);
INSERT INTO RelationPersonInProceeding (PersonId, InProceedingId) VALUES (88, 146);
INSERT INTO Person (PersonId, Name) VALUES (211, 'Joo Saraiva');
INSERT INTO Proceeding (ProceedingId, Title, EditorId, PublisherId, SeriesId, Year, ISBN, Url) VALUES (4, 'Applied Semantics, International Summer School, APPSEM 2000, Caminha, Portugal, September 9-15, 2000, Advanced Lectures', 211, 1, 1, '2002', '3-540-44044-5', 'http://dblp.uni-trier.de/db/conf/ac/appsem2000.html');
INSERT INTO InProceeding (InProceedingId, Title, Pages, Url, ProceedingId) VALUES (147, 'Abstract Machines, Control, and Sequents.', '123-136', NULL, 4);
INSERT INTO Person (PersonId, Name) VALUES (212, 'Pierre-Louis Curien');
INSERT INTO RelationPersonInProceeding (PersonId, InProceedingId) VALUES (212, 147);
INSERT INTO InProceeding (InProceedingId, Title, Pages, Url, ProceedingId) VALUES (148, 'The Join Calculus: A Language for Distributed Mobile Programming.', '268-332', NULL, 4);
INSERT INTO Person (PersonId, Name) VALUES (213, 'Georges Gonthier');
INSERT INTO RelationPersonInProceeding (PersonId, InProceedingId) VALUES (213, 148);
INSERT INTO Person (PersonId, Name) VALUES (214, 'Cdric Fournet');
INSERT INTO RelationPersonInProceeding (PersonId, InProceedingId) VALUES (214, 148);
INSERT INTO InProceeding (InProceedingId, Title, Pages, Url, ProceedingId) VALUES (149, 'Operational Semantics and Program Equivalence.', '378-412', NULL, 4);
INSERT INTO Person (PersonId, Name) VALUES (215, 'Andrew M. Pitts');
INSERT INTO RelationPersonInProceeding (PersonId, InProceedingId) VALUES (215, 149);
INSERT INTO InProceeding (InProceedingId, Title, Pages, Url, ProceedingId) VALUES (150, 'Using, Understanding, and Unraveling the OCaml Language. From Practice to Theory and Vice Versa.', '413-536', NULL, 4);
INSERT INTO Person (PersonId, Name) VALUES (216, 'Didier Rmy');
INSERT INTO RelationPersonInProceeding (PersonId, InProceedingId) VALUES (216, 150);
INSERT INTO InProceeding (InProceedingId, Title, Pages, Url, ProceedingId) VALUES (151, 'Monads and Effects.', '42-122', NULL, 4);
INSERT INTO Person (PersonId, Name) VALUES (217, 'Nick Benton');
INSERT INTO RelationPersonInProceeding (PersonId, InProceedingId) VALUES (217, 151);
INSERT INTO Person (PersonId, Name) VALUES (218, 'Eugenio Moggi');
INSERT INTO RelationPersonInProceeding (PersonId, InProceedingId) VALUES (218, 151);
INSERT INTO Person (PersonId, Name) VALUES (219, 'John Hughes');
INSERT INTO RelationPersonInProceeding (PersonId, InProceedingId) VALUES (219, 151);
INSERT INTO InProceeding (InProceedingId, Title, Pages, Url, ProceedingId) VALUES (152, 'Computing with Real Numbers.', '193-267', NULL, 4);
INSERT INTO Person (PersonId, Name) VALUES (220, 'Abbas Edalat');
INSERT INTO RelationPersonInProceeding (PersonId, InProceedingId) VALUES (220, 152);
INSERT INTO Person (PersonId, Name) VALUES (221, 'Reinhold Heckmann');
INSERT INTO RelationPersonInProceeding (PersonId, InProceedingId) VALUES (221, 152);
INSERT INTO InProceeding (InProceedingId, Title, Pages, Url, ProceedingId) VALUES (153, 'Computer Supported Cooperative Work and Petri Nets.', '125-153', NULL, NULL);
INSERT INTO Person (PersonId, Name) VALUES (222, 'Clarence A. Ellis');
INSERT INTO RelationPersonInProceeding (PersonId, InProceedingId) VALUES (222, 153);
INSERT INTO Person (PersonId, Name) VALUES (223, 'Giorgio De Michelis');
INSERT INTO RelationPersonInProceeding (PersonId, InProceedingId) VALUES (223, 153);
INSERT INTO InProceeding (InProceedingId, Title, Pages, Url, ProceedingId) VALUES (154, 'Intelligent Techniques for Spatio-Temporal Data Analysis in Environmental Applications.', '318-324', NULL, 2);
INSERT INTO Person (PersonId, Name) VALUES (224, 'Nikolaos Vassilas');
INSERT INTO RelationPersonInProceeding (PersonId, InProceedingId) VALUES (224, 154);
INSERT INTO Person (PersonId, Name) VALUES (225, 'Elias Kalapanidas');
INSERT INTO RelationPersonInProceeding (PersonId, InProceedingId) VALUES (225, 154);
INSERT INTO Person (PersonId, Name) VALUES (226, 'Stavros J. Perantonis');
INSERT INTO RelationPersonInProceeding (PersonId, InProceedingId) VALUES (226, 154);
INSERT INTO Person (PersonId, Name) VALUES (227, 'Nikolaos M. Avouris');
INSERT INTO RelationPersonInProceeding (PersonId, InProceedingId) VALUES (227, 154);
INSERT INTO InProceeding (InProceedingId, Title, Pages, Url, ProceedingId) VALUES (155, 'Recent Developments in the Design of Conventional Cryptographic Algorithms.', '105-130', NULL, NULL);
INSERT INTO Person (PersonId, Name) VALUES (228, 'Vincent Rijmen');
INSERT INTO RelationPersonInProceeding (PersonId, InProceedingId) VALUES (228, 155);
INSERT INTO RelationPersonInProceeding (PersonId, InProceedingId) VALUES (45, 155);
INSERT INTO Person (PersonId, Name) VALUES (229, 'Antoon Bosselaers');
INSERT INTO RelationPersonInProceeding (PersonId, InProceedingId) VALUES (229, 155);
INSERT INTO InProceeding (InProceedingId, Title, Pages, Url, ProceedingId) VALUES (156, 'Language Theory of Petri Nets.', '397-412', NULL, NULL);
INSERT INTO RelationPersonInProceeding (PersonId, InProceedingId) VALUES (162, 156);
INSERT INTO InProceeding (InProceedingId, Title, Pages, Url, ProceedingId) VALUES (157, 'Concurrency Theory.', '4-24', NULL, NULL);
INSERT INTO RelationPersonInProceeding (PersonId, InProceedingId) VALUES (89, 157);
INSERT INTO Person (PersonId, Name) VALUES (230, 'Jacques Dhler');
INSERT INTO Proceeding (ProceedingId, Title, EditorId, PublisherId, SeriesId, Year, ISBN, Url) VALUES (5, 'Embedded Systems: New Approaches to Their Formal Description and Design, An Advances Course, Zrich, Switzerland, March 5-7, 1986', 230, 1, 1, '1987', '3-540-18581-X', 'http://dblp.uni-trier.de/db/conf/ac/esys1986.html');
INSERT INTO InProceeding (InProceedingId, Title, Pages, Url, ProceedingId) VALUES (158, 'Practical Methods and Tools for Specification.', '174-207', NULL, 5);
INSERT INTO Person (PersonId, Name) VALUES (231, 'Jochen Ludewig');
INSERT INTO RelationPersonInProceeding (PersonId, InProceedingId) VALUES (231, 158);
INSERT INTO InProceeding (InProceedingId, Title, Pages, Url, ProceedingId) VALUES (159, 'Elements for the Formal Description of Systems.', '63-90', NULL, 5);
INSERT INTO Person (PersonId, Name) VALUES (232, 'Raymond T. Boute');
INSERT INTO RelationPersonInProceeding (PersonId, InProceedingId) VALUES (232, 159);
INSERT INTO InProceeding (InProceedingId, Title, Pages, Url, ProceedingId) VALUES (160, 'Functional Programming Languages as a Software Engineering Tool.', '153-173', NULL, 5);
INSERT INTO Person (PersonId, Name) VALUES (233, 'Simon L. Peyton Jones');
INSERT INTO RelationPersonInProceeding (PersonId, InProceedingId) VALUES (233, 160);
INSERT INTO InProceeding (InProceedingId, Title, Pages, Url, ProceedingId) VALUES (161, 'Design of VLSI Systems.', '6-17', NULL, 5);
INSERT INTO Person (PersonId, Name) VALUES (234, 'Wolfgang Fichtner');
INSERT INTO RelationPersonInProceeding (PersonId, InProceedingId) VALUES (234, 161);
INSERT INTO InProceeding (InProceedingId, Title, Pages, Url, ProceedingId) VALUES (162, 'Tools for Protocols Driven by Formal Specifications.', '127-152', NULL, 5);
INSERT INTO Person (PersonId, Name) VALUES (235, 'Harry Rudin');
INSERT INTO RelationPersonInProceeding (PersonId, InProceedingId) VALUES (235, 162);
INSERT INTO InProceeding (InProceedingId, Title, Pages, Url, ProceedingId) VALUES (163, 'An Introduction to System Semantics.', '91-107', NULL, 5);
INSERT INTO RelationPersonInProceeding (PersonId, InProceedingId) VALUES (232, 163);
INSERT INTO InProceeding (InProceedingId, Title, Pages, Url, ProceedingId) VALUES (164, 'Functional Formalisms for System Description: Current Research Topics.', '108-126', NULL, 5);
INSERT INTO RelationPersonInProceeding (PersonId, InProceedingId) VALUES (232, 164);
INSERT INTO Person (PersonId, Name) VALUES (236, 'Rolf Nossum');
INSERT INTO Proceeding (ProceedingId, Title, EditorId, PublisherId, SeriesId, Year, ISBN, Url) VALUES (6, 'Advanced Topics in Artificial Intelligence, 2nd Advanced Course, ACAI $187, Oslo, Norway, July  28 - August 7, 1987', 236, 1, 1, '1988', '3-540-50676-4', 'http://dblp.uni-trier.de/db/conf/ac/acai1987.html');
INSERT INTO InProceeding (InProceedingId, Title, Pages, Url, ProceedingId) VALUES (165, 'Qualitative Reasoning.', '60-95', NULL, 6);
INSERT INTO Person (PersonId, Name) VALUES (237, 'Anthony G. Cohn');
INSERT INTO RelationPersonInProceeding (PersonId, InProceedingId) VALUES (237, 165);
INSERT INTO InProceeding (InProceedingId, Title, Pages, Url, ProceedingId) VALUES (166, 'Knowledge Acquisition for Expert Systems.', '96-124', NULL, 6);
INSERT INTO Person (PersonId, Name) VALUES (238, 'Bob J. Wielinga');
INSERT INTO RelationPersonInProceeding (PersonId, InProceedingId) VALUES (238, 166);
INSERT INTO Person (PersonId, Name) VALUES (239, 'Bert Bredeweg');
INSERT INTO RelationPersonInProceeding (PersonId, InProceedingId) VALUES (239, 166);
INSERT INTO Person (PersonId, Name) VALUES (240, 'Joost Breuker');
INSERT INTO RelationPersonInProceeding (PersonId, InProceedingId) VALUES (240, 166);
INSERT INTO InProceeding (InProceedingId, Title, Pages, Url, ProceedingId) VALUES (167, 'Fundamental Mechanisms in Machine Learning and Inductive Inference: Part 2.', '125-145', NULL, 6);
INSERT INTO RelationPersonInProceeding (PersonId, InProceedingId) VALUES (56, 167);
INSERT INTO InProceeding (InProceedingId, Title, Pages, Url, ProceedingId) VALUES (168, 'Advanced Topics in Automated Deduction.', '41-59', NULL, 6);
INSERT INTO RelationPersonInProceeding (PersonId, InProceedingId) VALUES (87, 168);
INSERT INTO InProceeding (InProceedingId, Title, Pages, Url, ProceedingId) VALUES (169, 'Fundamental Mechanisms for Artificial Intelligence Programming Language - An Introduction.', '1-40', NULL, 6);
INSERT INTO RelationPersonInProceeding (PersonId, InProceedingId) VALUES (201, 169);
INSERT INTO InProceeding (InProceedingId, Title, Pages, Url, ProceedingId) VALUES (170, 'Principles of High-Level Net Theory.', '174-210', NULL, NULL);
INSERT INTO Person (PersonId, Name) VALUES (241, 'Einar Smith');
INSERT INTO RelationPersonInProceeding (PersonId, InProceedingId) VALUES (241, 170);
INSERT INTO InProceeding (InProceedingId, Title, Pages, Url, ProceedingId) VALUES (171, 'Analysing Nets by the Invariant Method.', '300-336', NULL, NULL);
INSERT INTO Person (PersonId, Name) VALUES (242, 'Grard Memmi');
INSERT INTO RelationPersonInProceeding (PersonId, InProceedingId) VALUES (242, 171);
INSERT INTO Person (PersonId, Name) VALUES (243, 'Jacques Vautherin');
INSERT INTO RelationPersonInProceeding (PersonId, InProceedingId) VALUES (243, 171);
INSERT INTO InProceeding (InProceedingId, Title, Pages, Url, ProceedingId) VALUES (172, 'The University Student Registration System: A Case Study in Building a High-Availability Distributed Application Using General Purpose Components.', '453-471', NULL, NULL);
INSERT INTO Person (PersonId, Name) VALUES (244, 'Stuart M. Wheater');
INSERT INTO RelationPersonInProceeding (PersonId, InProceedingId) VALUES (244, 172);
INSERT INTO Person (PersonId, Name) VALUES (245, 'Harry Whitfield');
INSERT INTO RelationPersonInProceeding (PersonId, InProceedingId) VALUES (245, 172);
INSERT INTO RelationPersonInProceeding (PersonId, InProceedingId) VALUES (119, 172);
INSERT INTO Person (PersonId, Name) VALUES (246, 'C. Richard Snow');
INSERT INTO RelationPersonInProceeding (PersonId, InProceedingId) VALUES (246, 172);
INSERT INTO RelationPersonInProceeding (PersonId, InProceedingId) VALUES (120, 172);
INSERT INTO RelationPersonInProceeding (PersonId, InProceedingId) VALUES (179, 172);
INSERT INTO Person (PersonId, Name) VALUES (247, 'Joos Vandewalle');
INSERT INTO Proceeding (ProceedingId, Title, EditorId, PublisherId, SeriesId, Year, ISBN, Url) VALUES (7, 'Computer Security and Industrial Cryptography - State of the Art and Evolution, ESAT Course, Leuven, Belgium, May 21-23, 1991', 247, 1, 1, '1993', '3-540-57341-0', 'http://dblp.uni-trier.de/db/conf/ac/esat1991.html');
INSERT INTO InProceeding (InProceedingId, Title, Pages, Url, ProceedingId) VALUES (173, 'Standardization of Cryptographic Techniques.', '162-173', NULL, 7);
INSERT INTO RelationPersonInProceeding (PersonId, InProceedingId) VALUES (45, 173);
INSERT INTO InProceeding (InProceedingId, Title, Pages, Url, ProceedingId) VALUES (174, 'Better Login Protocols for Computer Networks.', '50-70', NULL, 7);
INSERT INTO Person (PersonId, Name) VALUES (248, 'Dominique de Waleffe');
INSERT INTO RelationPersonInProceeding (PersonId, InProceedingId) VALUES (248, 174);
INSERT INTO Person (PersonId, Name) VALUES (249, 'Jean-Jacques Quisquater');
INSERT INTO RelationPersonInProceeding (PersonId, InProceedingId) VALUES (249, 174);
INSERT INTO InProceeding (InProceedingId, Title, Pages, Url, ProceedingId) VALUES (175, 'Security Aspects of Mobile Communications.', '193-210', NULL, 7);
INSERT INTO RelationPersonInProceeding (PersonId, InProceedingId) VALUES (48, 175);
INSERT INTO InProceeding (InProceedingId, Title, Pages, Url, ProceedingId) VALUES (176, 'Technical Approaches to Thwart Computer Fraud.', '20-30', NULL, 7);
INSERT INTO Person (PersonId, Name) VALUES (250, 'Ren Govaerts');
INSERT INTO RelationPersonInProceeding (PersonId, InProceedingId) VALUES (250, 176);
INSERT INTO RelationPersonInProceeding (PersonId, InProceedingId) VALUES (45, 176);
INSERT INTO RelationPersonInProceeding (PersonId, InProceedingId) VALUES (247, 176);
INSERT INTO InProceeding (InProceedingId, Title, Pages, Url, ProceedingId) VALUES (177, 'Key Management.', '132-147', NULL, 7);
INSERT INTO RelationPersonInProceeding (PersonId, InProceedingId) VALUES (57, 177);
INSERT INTO InProceeding (InProceedingId, Title, Pages, Url, ProceedingId) VALUES (178, 'EDI Security.', '235-243', NULL, 7);
INSERT INTO Person (PersonId, Name) VALUES (251, 'Gordon Lennox');
INSERT INTO RelationPersonInProceeding (PersonId, InProceedingId) VALUES (251, 178);
INSERT INTO InProceeding (InProceedingId, Title, Pages, Url, ProceedingId) VALUES (179, 'Unix Security & Kerberos.', '257-274', NULL, 7);
INSERT INTO RelationPersonInProceeding (PersonId, InProceedingId) VALUES (92, 179);
INSERT INTO InProceeding (InProceedingId, Title, Pages, Url, ProceedingId) VALUES (180, 'Numbers Can Be a Better Form of Cash than Paper.', '174-178', NULL, 7);
INSERT INTO Person (PersonId, Name) VALUES (252, 'David Chaum');
INSERT INTO RelationPersonInProceeding (PersonId, InProceedingId) VALUES (252, 180);
INSERT INTO InProceeding (InProceedingId, Title, Pages, Url, ProceedingId) VALUES (181, 'Trends in the Fight Against Computer-Related Delinquency.', '3-19', NULL, 7);
INSERT INTO RelationPersonInProceeding (PersonId, InProceedingId) VALUES (148, 181);
INSERT INTO InProceeding (InProceedingId, Title, Pages, Url, ProceedingId) VALUES (182, 'Cryptography Within Phase I of the EEC-RACE Programme.', '227-234', NULL, 7);
INSERT INTO RelationPersonInProceeding (PersonId, InProceedingId) VALUES (250, 182);
INSERT INTO RelationPersonInProceeding (PersonId, InProceedingId) VALUES (247, 182);
INSERT INTO RelationPersonInProceeding (PersonId, InProceedingId) VALUES (229, 182);
INSERT INTO InProceeding (InProceedingId, Title, Pages, Url, ProceedingId) VALUES (183, 'ISO-OSI Security Architecture.', '179-192', NULL, 7);
INSERT INTO RelationPersonInProceeding (PersonId, InProceedingId) VALUES (250, 183);
INSERT INTO RelationPersonInProceeding (PersonId, InProceedingId) VALUES (86, 183);
INSERT INTO RelationPersonInProceeding (PersonId, InProceedingId) VALUES (247, 183);
INSERT INTO InProceeding (InProceedingId, Title, Pages, Url, ProceedingId) VALUES (184, 'Information Authentication: Hash Functions and Digital Signatures.', '87-131', NULL, 7);
INSERT INTO RelationPersonInProceeding (PersonId, InProceedingId) VALUES (250, 184);
INSERT INTO RelationPersonInProceeding (PersonId, InProceedingId) VALUES (45, 184);
INSERT INTO RelationPersonInProceeding (PersonId, InProceedingId) VALUES (247, 184);
INSERT INTO InProceeding (InProceedingId, Title, Pages, Url, ProceedingId) VALUES (185, 'OPENflow: A CORBA Based Transactional Workflow System.', '354-374', NULL, NULL);
INSERT INTO RelationPersonInProceeding (PersonId, InProceedingId) VALUES (244, 185);
INSERT INTO RelationPersonInProceeding (PersonId, InProceedingId) VALUES (119, 185);
INSERT INTO Person (PersonId, Name) VALUES (253, 'Frdric Ranno');
INSERT INTO RelationPersonInProceeding (PersonId, InProceedingId) VALUES (253, 185);
INSERT INTO Person (PersonId, Name) VALUES (254, 'Stig I. Andersson');
INSERT INTO Proceeding (ProceedingId, Title, EditorId, PublisherId, SeriesId, Year, ISBN, Url) VALUES (8, 'Analysis of Dynamical and Cognitive Systems, Advanced Course, Stockholm, Sweden, August 9-14, 1993, Proceedings', 254, 1, 1, '1995', '3-540-58843-4', 'http://dblp.uni-trier.de/db/conf/ac/adcs1993.html');
INSERT INTO InProceeding (InProceedingId, Title, Pages, Url, ProceedingId) VALUES (186, 'A Formal Scheme for Avoiding Undecidable Problems - Applications to Chaotic Behaviour, Characterization and Parallel Computation.', '9-52', NULL, 8);
INSERT INTO Person (PersonId, Name) VALUES (255, 'Antonio L. Perrone');
INSERT INTO RelationPersonInProceeding (PersonId, InProceedingId) VALUES (255, 186);
INSERT INTO InProceeding (InProceedingId, Title, Pages, Url, ProceedingId) VALUES (187, 'Cellular Neural Networks - A Tutorial on Programmable Nonlinear Dynamics in Space.', '53-73', NULL, 8);
INSERT INTO Person (PersonId, Name) VALUES (256, 'Tibor Kozek');
INSERT INTO RelationPersonInProceeding (PersonId, InProceedingId) VALUES (256, 187);
INSERT INTO Person (PersonId, Name) VALUES (257, 'Tams Roska');
INSERT INTO RelationPersonInProceeding (PersonId, InProceedingId) VALUES (257, 187);
INSERT INTO Person (PersonId, Name) VALUES (258, 'Leon O. Chua');
INSERT INTO RelationPersonInProceeding (PersonId, InProceedingId) VALUES (258, 187);
INSERT INTO InProceeding (InProceedingId, Title, Pages, Url, ProceedingId) VALUES (188, 'Historical Background of Gdel$1s Theorem.', '3-7', NULL, 8);
INSERT INTO Person (PersonId, Name) VALUES (259, 'Jan Tarski');
INSERT INTO RelationPersonInProceeding (PersonId, InProceedingId) VALUES (259, 188);
INSERT INTO InProceeding (InProceedingId, Title, Pages, Url, ProceedingId) VALUES (189, 'Hebbian Unlearning.', '121-136', NULL, 8);
INSERT INTO Person (PersonId, Name) VALUES (260, 'Stefan Wimbauer');
INSERT INTO RelationPersonInProceeding (PersonId, InProceedingId) VALUES (260, 189);
INSERT INTO Person (PersonId, Name) VALUES (261, 'J. Leo van Hemmen');
INSERT INTO RelationPersonInProceeding (PersonId, InProceedingId) VALUES (261, 189);
INSERT INTO InProceeding (InProceedingId, Title, Pages, Url, ProceedingId) VALUES (190, 'Analysis of Dynamical Systems Using Predicate Transformers - Attraction and Composition.', '227-260', NULL, 8);
INSERT INTO Person (PersonId, Name) VALUES (262, 'Frdric Geurts');
INSERT INTO RelationPersonInProceeding (PersonId, InProceedingId) VALUES (262, 190);
INSERT INTO Person (PersonId, Name) VALUES (263, 'Michel Sintzoff');
INSERT INTO RelationPersonInProceeding (PersonId, InProceedingId) VALUES (263, 190);
INSERT INTO InProceeding (InProceedingId, Title, Pages, Url, ProceedingId) VALUES (191, 'Simplicity Criteria for Dynamical Systems.', '189-225', NULL, 8);
INSERT INTO Person (PersonId, Name) VALUES (264, 'Petr Kurka');
INSERT INTO RelationPersonInProceeding (PersonId, InProceedingId) VALUES (264, 191);
INSERT INTO InProceeding (InProceedingId, Title, Pages, Url, ProceedingId) VALUES (192, 'Neural Coding - A Theoretical Vista of Mechanisms, Techniques, and Applications.', '75-119', NULL, 8);
INSERT INTO Person (PersonId, Name) VALUES (265, 'Raphael Ritz');
INSERT INTO RelationPersonInProceeding (PersonId, InProceedingId) VALUES (265, 192);
INSERT INTO RelationPersonInProceeding (PersonId, InProceedingId) VALUES (261, 192);
INSERT INTO InProceeding (InProceedingId, Title, Pages, Url, ProceedingId) VALUES (193, 'Secret-Key Exchange with Authentication.', '71-86', NULL, 7);
INSERT INTO Person (PersonId, Name) VALUES (266, 'Johan van Tilburg');
INSERT INTO RelationPersonInProceeding (PersonId, InProceedingId) VALUES (266, 193);
INSERT INTO InProceeding (InProceedingId, Title, Pages, Url, ProceedingId) VALUES (194, 'An Introduction to Dependent Type Theory.', '1-41', NULL, 4);
INSERT INTO Person (PersonId, Name) VALUES (267, 'Gilles Barthe');
INSERT INTO RelationPersonInProceeding (PersonId, InProceedingId) VALUES (267, 194);
INSERT INTO Person (PersonId, Name) VALUES (268, 'Thierry Coquand');
INSERT INTO RelationPersonInProceeding (PersonId, InProceedingId) VALUES (268, 194);
INSERT INTO Person (PersonId, Name) VALUES (269, 'Alain Darte');
INSERT INTO Proceeding (ProceedingId, Title, EditorId, PublisherId, SeriesId, Year, ISBN, Url) VALUES (9, 'The Data Parallel Programming Model: Foundations, HPF Realization, and Scientific Applications', 269, 1, 1, '1996', '3-540-61736-1', 'http://dblp.uni-trier.de/db/conf/ac/data1996.html');
INSERT INTO InProceeding (InProceedingId, Title, Pages, Url, ProceedingId) VALUES (195, 'Task Parallelism and High-Performance Languages.', '179-196', NULL, 9);
INSERT INTO Person (PersonId, Name) VALUES (270, 'Ian T. Foster');
INSERT INTO RelationPersonInProceeding (PersonId, InProceedingId) VALUES (270, 195);
INSERT INTO InProceeding (InProceedingId, Title, Pages, Url, ProceedingId) VALUES (196, 'Current Status of the SUIF Research Project.', '65-78', NULL, 9);
INSERT INTO Person (PersonId, Name) VALUES (271, 'Monica S. Lam');
INSERT INTO RelationPersonInProceeding (PersonId, InProceedingId) VALUES (271, 196);
INSERT INTO InProceeding (InProceedingId, Title, Pages, Url, ProceedingId) VALUES (197, 'Tools for High Performance Fortran: A Survey.', '134-158', NULL, 9);
INSERT INTO Person (PersonId, Name) VALUES (272, 'Jean-Louis Pazat');
INSERT INTO RelationPersonInProceeding (PersonId, InProceedingId) VALUES (272, 197);
INSERT INTO InProceeding (InProceedingId, Title, Pages, Url, ProceedingId) VALUES (198, 'Formal Validation of Data Parallel Programs: Introducting the Assertional Approach.', '252-281', NULL, 9);
INSERT INTO Person (PersonId, Name) VALUES (273, 'Bernard Virot');
INSERT INTO RelationPersonInProceeding (PersonId, InProceedingId) VALUES (273, 198);
INSERT INTO Person (PersonId, Name) VALUES (274, 'David Cachera');
INSERT INTO RelationPersonInProceeding (PersonId, InProceedingId) VALUES (274, 198);
INSERT INTO Person (PersonId, Name) VALUES (275, 'Luc Boug');
INSERT INTO RelationPersonInProceeding (PersonId, InProceedingId) VALUES (275, 198);
INSERT INTO Person (PersonId, Name) VALUES (276, 'Yann Le Guyadec');
INSERT INTO RelationPersonInProceeding (PersonId, InProceedingId) VALUES (276, 198);
INSERT INTO Person (PersonId, Name) VALUES (277, 'Gil Utard');
INSERT INTO RelationPersonInProceeding (PersonId, InProceedingId) VALUES (277, 198);
INSERT INTO InProceeding (InProceedingId, Title, Pages, Url, ProceedingId) VALUES (199, 'A Data Parallel Scientific Computing Introduction.', '45-64', NULL, 9);
INSERT INTO Person (PersonId, Name) VALUES (278, 'Serge G. Petiton');
INSERT INTO RelationPersonInProceeding (PersonId, InProceedingId) VALUES (278, 199);
INSERT INTO Person (PersonId, Name) VALUES (279, 'Nahid Emad');
INSERT INTO RelationPersonInProceeding (PersonId, InProceedingId) VALUES (279, 199);
INSERT INTO InProceeding (InProceedingId, Title, Pages, Url, ProceedingId) VALUES (200, 'The Data Parallel Programming Model: A Semantic Perspective.', '4-26', NULL, 9);
INSERT INTO RelationPersonInProceeding (PersonId, InProceedingId) VALUES (275, 200);
INSERT INTO InProceeding (InProceedingId, Title, Pages, Url, ProceedingId) VALUES (201, 'An Introduction to HPF.', '27-44', NULL, 9);
INSERT INTO Person (PersonId, Name) VALUES (280, 'Robert Schreiber');
INSERT INTO RelationPersonInProceeding (PersonId, InProceedingId) VALUES (280, 201);
INSERT INTO InProceeding (InProceedingId, Title, Pages, Url, ProceedingId) VALUES (202, 'Automatic Parallelization in the Polytope Model.', '79-103', NULL, 9);
INSERT INTO Person (PersonId, Name) VALUES (281, 'Paul Feautrier');
INSERT INTO RelationPersonInProceeding (PersonId, InProceedingId) VALUES (281, 202);
INSERT INTO InProceeding (InProceedingId, Title, Pages, Url, ProceedingId) VALUES (203, 'Introduction.', '1-3', NULL, 9);
INSERT INTO Person (PersonId, Name) VALUES (282, 'Guy-Ren Perrin');
INSERT INTO RelationPersonInProceeding (PersonId, InProceedingId) VALUES (282, 203);
INSERT INTO InProceeding (InProceedingId, Title, Pages, Url, ProceedingId) VALUES (204, 'Public Key Cryptography.', '33-49', NULL, 7);
INSERT INTO Person (PersonId, Name) VALUES (283, 'Marijke De Soete');
INSERT INTO RelationPersonInProceeding (PersonId, InProceedingId) VALUES (283, 204);
INSERT INTO InProceeding (InProceedingId, Title, Pages, Url, ProceedingId) VALUES (205, 'Linear Algebraic Techniques for Place/Transition Nets.', '142-167', NULL, NULL);
INSERT INTO Person (PersonId, Name) VALUES (284, 'Kurt Lautenbach');
INSERT INTO RelationPersonInProceeding (PersonId, InProceedingId) VALUES (284, 205);
INSERT INTO InProceeding (InProceedingId, Title, Pages, Url, ProceedingId) VALUES (206, 'Decidability and Complexity of Petri Net Problems - An Introduction.', '374-428', NULL, NULL);
INSERT INTO Person (PersonId, Name) VALUES (285, 'Javier Esparza');
INSERT INTO RelationPersonInProceeding (PersonId, InProceedingId) VALUES (285, 206);
INSERT INTO InProceeding (InProceedingId, Title, Pages, Url, ProceedingId) VALUES (207, 'Evaluation Criteria for IT Security.', '151-161', NULL, 7);
INSERT INTO Person (PersonId, Name) VALUES (286, 'David W. Roberts');
INSERT INTO RelationPersonInProceeding (PersonId, InProceedingId) VALUES (286, 207);
INSERT INTO InProceeding (InProceedingId, Title, Pages, Url, ProceedingId) VALUES (208, 'Security Management - The Process.', '366-376', NULL, NULL);
INSERT INTO RelationPersonInProceeding (PersonId, InProceedingId) VALUES (286, 208);
INSERT INTO InProceeding (InProceedingId, Title, Pages, Url, ProceedingId) VALUES (209, 'Petri Nets in Software Engineering.', '63-96', NULL, NULL);
INSERT INTO RelationPersonInProceeding (PersonId, InProceedingId) VALUES (104, 209);
INSERT INTO Person (PersonId, Name) VALUES (287, 'Wilfried Brauer');
INSERT INTO Proceeding (ProceedingId, Title, EditorId, PublisherId, SeriesId, Year, ISBN, Url) VALUES (10, 'Net Theory and Applications, Proceedings of the Advanced Course on General Net Theory of Processes and Systems, Hamburg, October 8-19, 1979', 287, 1, 1, '1980', '3-540-10001-6', 'http://dblp.uni-trier.de/db/conf/ac/nt.html');
INSERT INTO InProceeding (InProceedingId, Title, Pages, Url, ProceedingId) VALUES (210, 'Atomicity of Activities.', '225-250', NULL, 10);
INSERT INTO RelationPersonInProceeding (PersonId, InProceedingId) VALUES (43, 210);
INSERT INTO InProceeding (InProceedingId, Title, Pages, Url, ProceedingId) VALUES (211, 'The Application of General Net Theory - A Personal History.', '401-440', NULL, 10);
INSERT INTO Person (PersonId, Name) VALUES (288, 'Robert M. Shapiro');
INSERT INTO RelationPersonInProceeding (PersonId, InProceedingId) VALUES (288, 211);
INSERT INTO InProceeding (InProceedingId, Title, Pages, Url, ProceedingId) VALUES (212, 'Nets in Modeling and Simulation.', '347-368', NULL, 10);
INSERT INTO Person (PersonId, Name) VALUES (289, 'Jerre D. Noe');
INSERT INTO RelationPersonInProceeding (PersonId, InProceedingId) VALUES (289, 212);
INSERT INTO InProceeding (InProceedingId, Title, Pages, Url, ProceedingId) VALUES (213, 'The Relative Strength of K-Density.', '261-276', NULL, 10);
INSERT INTO RelationPersonInProceeding (PersonId, InProceedingId) VALUES (43, 213);
INSERT INTO InProceeding (InProceedingId, Title, Pages, Url, ProceedingId) VALUES (214, 'Adequacy of Path Programs.', '291-305', NULL, 10);
INSERT INTO RelationPersonInProceeding (PersonId, InProceedingId) VALUES (43, 214);
INSERT INTO InProceeding (InProceedingId, Title, Pages, Url, ProceedingId) VALUES (215, 'Introduction to General Net Theory.', '1-19', NULL, 10);
INSERT INTO RelationPersonInProceeding (PersonId, InProceedingId) VALUES (89, 215);
INSERT INTO InProceeding (InProceedingId, Title, Pages, Url, ProceedingId) VALUES (216, 'Abstractions of Net Models.', '369-388', NULL, 10);
INSERT INTO RelationPersonInProceeding (PersonId, InProceedingId) VALUES (289, 216);
INSERT INTO InProceeding (InProceedingId, Title, Pages, Url, ProceedingId) VALUES (217, 'Applications of Net-Based Models.', '389-400', NULL, 10);
INSERT INTO RelationPersonInProceeding (PersonId, InProceedingId) VALUES (289, 217);
INSERT INTO InProceeding (InProceedingId, Title, Pages, Url, ProceedingId) VALUES (218, 'Performance Evaluation of Systems Using Nets.', '307-319', NULL, 10);
INSERT INTO Person (PersonId, Name) VALUES (290, 'Joseph Sifakis');
INSERT INTO RelationPersonInProceeding (PersonId, InProceedingId) VALUES (290, 218);
INSERT INTO InProceeding (InProceedingId, Title, Pages, Url, ProceedingId) VALUES (219, 'Petri-Nets from the Engineer$1s Viewpoint.', '441-479', NULL, 10);
INSERT INTO Person (PersonId, Name) VALUES (291, 'Konrad Zuse');
INSERT INTO RelationPersonInProceeding (PersonId, InProceedingId) VALUES (291, 219);
INSERT INTO InProceeding (InProceedingId, Title, Pages, Url, ProceedingId) VALUES (220, 'Formal Properties of Place/Transition Nets.', '165-212', NULL, 10);
INSERT INTO RelationPersonInProceeding (PersonId, InProceedingId) VALUES (136, 220);
INSERT INTO RelationPersonInProceeding (PersonId, InProceedingId) VALUES (162, 220);
INSERT INTO InProceeding (InProceedingId, Title, Pages, Url, ProceedingId) VALUES (221, 'A Dictionary of Some Basic Notions of Net Theory.', '519-531', NULL, 10);
INSERT INTO RelationPersonInProceeding (PersonId, InProceedingId) VALUES (145, 221);
INSERT INTO Person (PersonId, Name) VALUES (292, 'E. Stankiewicz-Wiechno');
INSERT INTO RelationPersonInProceeding (PersonId, InProceedingId) VALUES (292, 221);
INSERT INTO InProceeding (InProceedingId, Title, Pages, Url, ProceedingId) VALUES (222, 'Reductions of Nets and Parallel Prgrams.', '277-290', NULL, 10);
INSERT INTO Person (PersonId, Name) VALUES (293, 'Grard Berthelot');
INSERT INTO RelationPersonInProceeding (PersonId, InProceedingId) VALUES (293, 222);
INSERT INTO RelationPersonInProceeding (PersonId, InProceedingId) VALUES (136, 222);
INSERT INTO RelationPersonInProceeding (PersonId, InProceedingId) VALUES (170, 222);
INSERT INTO InProceeding (InProceedingId, Title, Pages, Url, ProceedingId) VALUES (223, 'Structured Representation of Knowledge by Petri Nets as an Aid for Teaching and Research.', '507-517', NULL, 10);
INSERT INTO RelationPersonInProceeding (PersonId, InProceedingId) VALUES (162, 223);
INSERT INTO InProceeding (InProceedingId, Title, Pages, Url, ProceedingId) VALUES (224, 'Concurrency.', '251-260', NULL, 10);
INSERT INTO RelationPersonInProceeding (PersonId, InProceedingId) VALUES (89, 224);
INSERT INTO InProceeding (InProceedingId, Title, Pages, Url, ProceedingId) VALUES (225, 'Linear Algebra in Net Theory.', '213-223', NULL, 10);
INSERT INTO RelationPersonInProceeding (PersonId, InProceedingId) VALUES (242, 225);
INSERT INTO RelationPersonInProceeding (PersonId, InProceedingId) VALUES (170, 225);
INSERT INTO Person (PersonId, Name) VALUES (294, 'Hans-Rdiger Wiehle');
INSERT INTO Proceeding (ProceedingId, Title, EditorId, PublisherId, SeriesId, Year, ISBN, Url) VALUES (11, 'Operating Systems, An Advanced Course', 294, 1, 1, '1978', '3-540-08755-9', 'http://dblp.uni-trier.de/db/conf/ac/os.html');
INSERT INTO InProceeding (InProceedingId, Title, Pages, Url, ProceedingId) VALUES (226, 'Issues in Kernel Design.', '209-227', NULL, 11);
INSERT INTO Person (PersonId, Name) VALUES (295, 'Gerald J. Popek');
INSERT INTO RelationPersonInProceeding (PersonId, InProceedingId) VALUES (295, 226);
INSERT INTO Person (PersonId, Name) VALUES (296, 'Charles S. Kline');
INSERT INTO RelationPersonInProceeding (PersonId, InProceedingId) VALUES (296, 226);
INSERT INTO InProceeding (InProceedingId, Title, Pages, Url, ProceedingId) VALUES (227, 'Reliable Computing Systems.', '282-391', NULL, 11);
INSERT INTO Person (PersonId, Name) VALUES (297, 'Brian Randell');
INSERT INTO RelationPersonInProceeding (PersonId, InProceedingId) VALUES (297, 227);
INSERT INTO InProceeding (InProceedingId, Title, Pages, Url, ProceedingId) VALUES (228, 'Notes on Data Base Operating Systems.', '393-481', NULL, 11);
INSERT INTO Person (PersonId, Name) VALUES (298, 'Jim Gray');
INSERT INTO RelationPersonInProceeding (PersonId, InProceedingId) VALUES (298, 228);
INSERT INTO InProceeding (InProceedingId, Title, Pages, Url, ProceedingId) VALUES (229, 'On System Specifications.', '547-582', NULL, 11);
INSERT INTO RelationPersonInProceeding (PersonId, InProceedingId) VALUES (294, 229);
INSERT INTO InProceeding (InProceedingId, Title, Pages, Url, ProceedingId) VALUES (230, 'Protection Mechanisms and the Enforcement of Security Policies.', '228-251', NULL, 11);
INSERT INTO Person (PersonId, Name) VALUES (299, 'Anita K. Jones');
INSERT INTO RelationPersonInProceeding (PersonId, InProceedingId) VALUES (299, 230);
INSERT INTO InProceeding (InProceedingId, Title, Pages, Url, ProceedingId) VALUES (231, 'The Object Model: A Conceptual Tool for Structuring Software.', '7-16', NULL, 11);
INSERT INTO RelationPersonInProceeding (PersonId, InProceedingId) VALUES (299, 231);
INSERT INTO InProceeding (InProceedingId, Title, Pages, Url, ProceedingId) VALUES (232, 'Common Carrier Provided Network Interfaces.', '482-516', NULL, 11);
INSERT INTO Person (PersonId, Name) VALUES (300, 'Holger Opderbeck');
INSERT INTO RelationPersonInProceeding (PersonId, InProceedingId) VALUES (300, 232);
INSERT INTO InProceeding (InProceedingId, Title, Pages, Url, ProceedingId) VALUES (233, 'Research Problems of Decentralized Systems with Largely Autonomous Nodes.', '583-593', NULL, 11);
INSERT INTO Person (PersonId, Name) VALUES (301, 'Jerome H. Saltzer');
INSERT INTO RelationPersonInProceeding (PersonId, InProceedingId) VALUES (301, 233);
INSERT INTO InProceeding (InProceedingId, Title, Pages, Url, ProceedingId) VALUES (234, 'Synchronization in a Layered System.', '252-281', NULL, 11);
INSERT INTO Person (PersonId, Name) VALUES (302, 'Klaus Lagally');
INSERT INTO RelationPersonInProceeding (PersonId, InProceedingId) VALUES (302, 234);
INSERT INTO InProceeding (InProceedingId, Title, Pages, Url, ProceedingId) VALUES (235, 'Naming and Binding of Objects.', '99-208', NULL, 11);
INSERT INTO RelationPersonInProceeding (PersonId, InProceedingId) VALUES (301, 235);
INSERT INTO InProceeding (InProceedingId, Title, Pages, Url, ProceedingId) VALUES (236, 'Design Issues for Secure Computer Networks.', '517-546', NULL, 11);
INSERT INTO RelationPersonInProceeding (PersonId, InProceedingId) VALUES (295, 236);
INSERT INTO RelationPersonInProceeding (PersonId, InProceedingId) VALUES (296, 236);
INSERT INTO InProceeding (InProceedingId, Title, Pages, Url, ProceedingId) VALUES (237, 'Operating Systems, An Advanced Course - Introduction.', '1-6', NULL, 11);
INSERT INTO RelationPersonInProceeding (PersonId, InProceedingId) VALUES (301, 237);
INSERT INTO Person (PersonId, Name) VALUES (303, 'Robert M. Graham');
INSERT INTO RelationPersonInProceeding (PersonId, InProceedingId) VALUES (303, 237);
INSERT INTO Person (PersonId, Name) VALUES (304, 'Rudolf Bayer');
INSERT INTO RelationPersonInProceeding (PersonId, InProceedingId) VALUES (304, 237);
INSERT INTO Person (PersonId, Name) VALUES (305, 'Gerhard Seegmller');
INSERT INTO RelationPersonInProceeding (PersonId, InProceedingId) VALUES (305, 237);
INSERT INTO Person (PersonId, Name) VALUES (306, 'Sergio Bittanti');
INSERT INTO Proceeding (ProceedingId, Title, EditorId, PublisherId, SeriesId, Year, ISBN, Url) VALUES (12, 'Software Reliability Modelling and Identification [Como, Italy, September 2-4, 1987]', 306, 1, 1, '1988', '3-540-50695-0', 'http://dblp.uni-trier.de/db/conf/ac/sr1987.html');
INSERT INTO InProceeding (InProceedingId, Title, Pages, Url, ProceedingId) VALUES (238, 'On the Role of Software Reliability in Software Engineering.', '1-40', NULL, 12);
INSERT INTO Person (PersonId, Name) VALUES (307, 'Angelo Morzenti');
INSERT INTO RelationPersonInProceeding (PersonId, InProceedingId) VALUES (307, 238);
INSERT INTO Person (PersonId, Name) VALUES (308, 'Carlo Ghezzi');
INSERT INTO RelationPersonInProceeding (PersonId, InProceedingId) VALUES (308, 238);
INSERT INTO Person (PersonId, Name) VALUES (309, 'Mauro Pezz');
INSERT INTO RelationPersonInProceeding (PersonId, InProceedingId) VALUES (309, 238);
INSERT INTO InProceeding (InProceedingId, Title, Pages, Url, ProceedingId) VALUES (239, 'An Introduction to Software Reliability Modelling.', '43-67', NULL, 12);
INSERT INTO Person (PersonId, Name) VALUES (310, 'Riccardo Scattolini');
INSERT INTO RelationPersonInProceeding (PersonId, InProceedingId) VALUES (310, 239);
INSERT INTO Person (PersonId, Name) VALUES (311, 'Paolo Bolzern');
INSERT INTO RelationPersonInProceeding (PersonId, InProceedingId) VALUES (311, 239);
INSERT INTO RelationPersonInProceeding (PersonId, InProceedingId) VALUES (306, 239);
INSERT INTO InProceeding (InProceedingId, Title, Pages, Url, ProceedingId) VALUES (240, 'A Flexible Modelling Approach for Software Reliability Growth.', '101-140', NULL, 12);
INSERT INTO RelationPersonInProceeding (PersonId, InProceedingId) VALUES (311, 240);
INSERT INTO RelationPersonInProceeding (PersonId, InProceedingId) VALUES (306, 240);
INSERT INTO Person (PersonId, Name) VALUES (312, 'M. Pozzi');
INSERT INTO RelationPersonInProceeding (PersonId, InProceedingId) VALUES (312, 240);
INSERT INTO Person (PersonId, Name) VALUES (313, 'E. Pedrotti');
INSERT INTO RelationPersonInProceeding (PersonId, InProceedingId) VALUES (313, 240);
INSERT INTO Person (PersonId, Name) VALUES (314, 'Riccard Scattolini');
INSERT INTO RelationPersonInProceeding (PersonId, InProceedingId) VALUES (314, 240);
INSERT INTO InProceeding (InProceedingId, Title, Pages, Url, ProceedingId) VALUES (241, 'Forecasting Software Reliability.', '141-206', NULL, 12);
INSERT INTO Person (PersonId, Name) VALUES (315, 'Bev Littleword');
INSERT INTO RelationPersonInProceeding (PersonId, InProceedingId) VALUES (315, 241);
INSERT INTO Person (PersonId, Name) VALUES (316, 'Robert Trappl');
INSERT INTO Proceeding (ProceedingId, Title, EditorId, PublisherId, SeriesId, Year, ISBN, Url) VALUES (13, 'Advanced Topics in Artificial Intelligence, International Summer School, Prague, Czechoslovakia, July  6-17, 1992, Proceedings', 316, 1, 1, '1992', '3-540-55681-8', 'http://dblp.uni-trier.de/db/conf/ac/ai1992.html');
INSERT INTO InProceeding (InProceedingId, Title, Pages, Url, ProceedingId) VALUES (242, 'An Introduction to Neurocomputing and its Possible Role in AI.', '440-464', NULL, 13);
INSERT INTO Person (PersonId, Name) VALUES (317, 'Georg Dorffner');
INSERT INTO RelationPersonInProceeding (PersonId, InProceedingId) VALUES (317, 242);
INSERT INTO InProceeding (InProceedingId, Title, Pages, Url, ProceedingId) VALUES (243, 'Logic and Databases.', '95-103', NULL, 13);
INSERT INTO Person (PersonId, Name) VALUES (318, 'Johann Eder');
INSERT INTO RelationPersonInProceeding (PersonId, InProceedingId) VALUES (318, 243);
INSERT INTO InProceeding (InProceedingId, Title, Pages, Url, ProceedingId) VALUES (244, 'On Belief Functions.', '286-307', NULL, 13);
INSERT INTO Person (PersonId, Name) VALUES (319, 'Petr Hjek');
INSERT INTO RelationPersonInProceeding (PersonId, InProceedingId) VALUES (319, 244);
INSERT INTO Person (PersonId, Name) VALUES (320, 'David Harmanec');
INSERT INTO RelationPersonInProceeding (PersonId, InProceedingId) VALUES (320, 244);
INSERT INTO InProceeding (InProceedingId, Title, Pages, Url, ProceedingId) VALUES (245, 'Logic for Representing and Implementing Knwoledge about System Behaviour.', '42-49', NULL, 13);
INSERT INTO Person (PersonId, Name) VALUES (321, 'Christopher J. Hogger');
INSERT INTO RelationPersonInProceeding (PersonId, InProceedingId) VALUES (321, 245);
INSERT INTO Person (PersonId, Name) VALUES (322, 'David Gilbert');
INSERT INTO RelationPersonInProceeding (PersonId, InProceedingId) VALUES (322, 245);
INSERT INTO InProceeding (InProceedingId, Title, Pages, Url, ProceedingId) VALUES (246, 'The Role of Uncertainty Measures and Principles in AI.', '245-254', NULL, 13);
INSERT INTO Person (PersonId, Name) VALUES (323, 'George J. Klir');
INSERT INTO RelationPersonInProceeding (PersonId, InProceedingId) VALUES (323, 246);
INSERT INTO InProceeding (InProceedingId, Title, Pages, Url, ProceedingId) VALUES (247, 'Some Aspects of Knowledge Engineering.', '316-337', NULL, 13);
INSERT INTO Person (PersonId, Name) VALUES (324, 'Vladimr Mark');
INSERT INTO RelationPersonInProceeding (PersonId, InProceedingId) VALUES (324, 247);
INSERT INTO Person (PersonId, Name) VALUES (325, 'Toms Vlcek');
INSERT INTO RelationPersonInProceeding (PersonId, InProceedingId) VALUES (325, 247);
INSERT INTO InProceeding (InProceedingId, Title, Pages, Url, ProceedingId) VALUES (248, 'Practical Applications of Planning Tasks.', '238-244', NULL, 13);
INSERT INTO Person (PersonId, Name) VALUES (326, 'Jir Lazansk?');
INSERT INTO RelationPersonInProceeding (PersonId, InProceedingId) VALUES (326, 248);
INSERT INTO InProceeding (InProceedingId, Title, Pages, Url, ProceedingId) VALUES (249, 'The Application of Reason Maintenance Systems in Planning and Scheduling.', '208-237', NULL, 13);
INSERT INTO Person (PersonId, Name) VALUES (327, 'Gerry Kelleher');
INSERT INTO RelationPersonInProceeding (PersonId, InProceedingId) VALUES (327, 249);
INSERT INTO InProceeding (InProceedingId, Title, Pages, Url, ProceedingId) VALUES (250, 'An Introduction to Qualitative Reasoning.', '404-418', NULL, 13);
INSERT INTO Person (PersonId, Name) VALUES (328, 'Olga Stepnkov');
INSERT INTO RelationPersonInProceeding (PersonId, InProceedingId) VALUES (328, 250);
INSERT INTO InProceeding (InProceedingId, Title, Pages, Url, ProceedingId) VALUES (251, 'An Introduction to Constraint Logic Programming.', '82-94', NULL, 13);
INSERT INTO Person (PersonId, Name) VALUES (329, 'Frank Kriwaczek');
INSERT INTO RelationPersonInProceeding (PersonId, InProceedingId) VALUES (329, 251);
INSERT INTO InProceeding (InProceedingId, Title, Pages, Url, ProceedingId) VALUES (252, 'Model-Based Diagnosis: An Overview.', '419-430', NULL, 13);
INSERT INTO Person (PersonId, Name) VALUES (330, 'Igor Mozetic');
INSERT INTO RelationPersonInProceeding (PersonId, InProceedingId) VALUES (330, 252);
INSERT INTO InProceeding (InProceedingId, Title, Pages, Url, ProceedingId) VALUES (253, 'Intelligent Presentation and Dialogue Management.', '465-476', NULL, 13);
INSERT INTO Person (PersonId, Name) VALUES (331, 'Bryan S. Murray');
INSERT INTO RelationPersonInProceeding (PersonId, InProceedingId) VALUES (331, 253);
INSERT INTO Person (PersonId, Name) VALUES (332, 'Ernest A. Edmonds');
INSERT INTO RelationPersonInProceeding (PersonId, InProceedingId) VALUES (332, 253);
INSERT INTO InProceeding (InProceedingId, Title, Pages, Url, ProceedingId) VALUES (254, 'Architectures for Second Generation Knowledge Based Systems.', '373-403', NULL, 13);
INSERT INTO Person (PersonId, Name) VALUES (333, 'Jos Cuena');
INSERT INTO RelationPersonInProceeding (PersonId, InProceedingId) VALUES (333, 254);
INSERT INTO InProceeding (InProceedingId, Title, Pages, Url, ProceedingId) VALUES (255, 'Distributed AI and its Applications.', '368-372', NULL, 13);
INSERT INTO Person (PersonId, Name) VALUES (334, 'Jim Doran');
INSERT INTO RelationPersonInProceeding (PersonId, InProceedingId) VALUES (334, 255);
INSERT INTO InProceeding (InProceedingId, Title, Pages, Url, ProceedingId) VALUES (256, 'Approaches to Inductive Logic Programming.', '139-160', NULL, 13);
INSERT INTO Person (PersonId, Name) VALUES (335, 'Pavel Brazdil');
INSERT INTO RelationPersonInProceeding (PersonId, InProceedingId) VALUES (335, 256);
INSERT INTO InProceeding (InProceedingId, Title, Pages, Url, ProceedingId) VALUES (257, 'Data Analysis and Uncertainty Processing.', '308-315', NULL, 13);
INSERT INTO Person (PersonId, Name) VALUES (336, 'Zdenek Kouba');
INSERT INTO RelationPersonInProceeding (PersonId, InProceedingId) VALUES (336, 257);
INSERT INTO InProceeding (InProceedingId, Title, Pages, Url, ProceedingId) VALUES (258, 'Linguistic Aspects of Natural Language Processing.', '477-484', NULL, 13);
INSERT INTO Person (PersonId, Name) VALUES (337, 'Eva Hajicov');
INSERT INTO RelationPersonInProceeding (PersonId, InProceedingId) VALUES (337, 258);
INSERT INTO InProceeding (InProceedingId, Title, Pages, Url, ProceedingId) VALUES (259, 'Introduction to Probabilistic Methods of Knowledge Representation and Processing.', '255-285', NULL, 13);
INSERT INTO Person (PersonId, Name) VALUES (338, 'Radim Jirousek');
INSERT INTO RelationPersonInProceeding (PersonId, InProceedingId) VALUES (338, 259);
INSERT INTO InProceeding (InProceedingId, Title, Pages, Url, ProceedingId) VALUES (260, 'Introduction to Machine Learning.', '104-138', NULL, 13);
INSERT INTO Person (PersonId, Name) VALUES (339, 'Miroslav Kubat');
INSERT INTO RelationPersonInProceeding (PersonId, InProceedingId) VALUES (339, 260);
INSERT INTO InProceeding (InProceedingId, Title, Pages, Url, ProceedingId) VALUES (261, 'Prolog: A Step towards the Future of Programming.', '50-81', NULL, 13);
INSERT INTO RelationPersonInProceeding (PersonId, InProceedingId) VALUES (328, 261);
INSERT INTO Person (PersonId, Name) VALUES (340, 'Petr Stepnek');
INSERT INTO RelationPersonInProceeding (PersonId, InProceedingId) VALUES (340, 261);
INSERT INTO InProceeding (InProceedingId, Title, Pages, Url, ProceedingId) VALUES (262, 'AI: Introduction, Paradigms, Applications (Including CBR), Impacts, Visions.', '1-24', NULL, 13);
INSERT INTO RelationPersonInProceeding (PersonId, InProceedingId) VALUES (316, 262);
INSERT INTO Person (PersonId, Name) VALUES (341, 'Jean-Pierre Jouannaud');
INSERT INTO Proceeding (ProceedingId, Title, EditorId, PublisherId, SeriesId, Year, ISBN, Url) VALUES (14, 'Term Rewriting, French Spring School of Theoretical Computer Science, Font Romeux, France, May 17-21, 1993, Advanced Course', 341, 1, 1, '1995', '3-540-59340-3', 'http://dblp.uni-trier.de/db/conf/ac/tr1993.html');
INSERT INTO InProceeding (InProceedingId, Title, Pages, Url, ProceedingId) VALUES (263, 'A Survey of Symmetrized and Complete Group Presentations.', '135-153', NULL, 14);
INSERT INTO Person (PersonId, Name) VALUES (342, 'Philippe le Chenadec');
INSERT INTO RelationPersonInProceeding (PersonId, InProceedingId) VALUES (342, 263);
INSERT INTO InProceeding (InProceedingId, Title, Pages, Url, ProceedingId) VALUES (264, 'Rewriting and Tree Automata.', '95-113', NULL, 14);
INSERT INTO Person (PersonId, Name) VALUES (343, 'Max Dauchet');
INSERT INTO RelationPersonInProceeding (PersonId, InProceedingId) VALUES (343, 264);
INSERT INTO InProceeding (InProceedingId, Title, Pages, Url, ProceedingId) VALUES (265, 'On Efficient Reduction Algorithms for Some Trace Rewriting Systems.', '114-126', NULL, 14);
INSERT INTO Person (PersonId, Name) VALUES (344, 'Michael Bertol');
INSERT INTO RelationPersonInProceeding (PersonId, InProceedingId) VALUES (344, 265);
INSERT INTO Person (PersonId, Name) VALUES (345, 'Volker Diekert');
INSERT INTO RelationPersonInProceeding (PersonId, InProceedingId) VALUES (345, 265);
INSERT INTO InProceeding (InProceedingId, Title, Pages, Url, ProceedingId) VALUES (266, 'Burnside Monoids, Word Problem and the Conjecture of Brzozowski.', '214-221', NULL, 14);
INSERT INTO Person (PersonId, Name) VALUES (346, 'Jean-Franois Rey');
INSERT INTO RelationPersonInProceeding (PersonId, InProceedingId) VALUES (346, 266);
INSERT INTO InProceeding (InProceedingId, Title, Pages, Url, ProceedingId) VALUES (267, 'Normalized Rewriting - Application to Ground Completion and Standard Bases.', '154-169', NULL, 14);
INSERT INTO Person (PersonId, Name) VALUES (347, 'Claude March');
INSERT INTO RelationPersonInProceeding (PersonId, InProceedingId) VALUES (347, 267);
INSERT INTO InProceeding (InProceedingId, Title, Pages, Url, ProceedingId) VALUES (268, 'Formal Languages and Word-Rewriting.', '75-94', NULL, 14);
INSERT INTO Person (PersonId, Name) VALUES (348, 'Graud Snizergues');
INSERT INTO RelationPersonInProceeding (PersonId, InProceedingId) VALUES (348, 268);
INSERT INTO InProceeding (InProceedingId, Title, Pages, Url, ProceedingId) VALUES (269, 'Introduction to Rewriting.', '1-15', NULL, 14);
INSERT INTO RelationPersonInProceeding (PersonId, InProceedingId) VALUES (341, 269);
INSERT INTO InProceeding (InProceedingId, Title, Pages, Url, ProceedingId) VALUES (270, 'Equational Reasoning with Two-Dimensional Diagrams.', '170-195', NULL, 14);
INSERT INTO Person (PersonId, Name) VALUES (349, 'Yves Lafont');
INSERT INTO RelationPersonInProceeding (PersonId, InProceedingId) VALUES (349, 270);
INSERT INTO InProceeding (InProceedingId, Title, Pages, Url, ProceedingId) VALUES (271, 'The Word Problem for Thue Rewriting Systems.', '27-38', NULL, 14);
INSERT INTO Person (PersonId, Name) VALUES (350, 'Gerard Lallement');
INSERT INTO RelationPersonInProceeding (PersonId, InProceedingId) VALUES (350, 271);
INSERT INTO InProceeding (InProceedingId, Title, Pages, Url, ProceedingId) VALUES (272, 'Affine Geometry of Collinearity and Conditional Term Rewriting.', '196-213', NULL, 14);
INSERT INTO Person (PersonId, Name) VALUES (351, 'Philippe Balbiani');
INSERT INTO RelationPersonInProceeding (PersonId, InProceedingId) VALUES (351, 272);
INSERT INTO Person (PersonId, Name) VALUES (352, 'Luis Farias del Cerro');
INSERT INTO RelationPersonInProceeding (PersonId, InProceedingId) VALUES (352, 272);
INSERT INTO InProceeding (InProceedingId, Title, Pages, Url, ProceedingId) VALUES (273, 'Automatic Groups and String Rewriting.', '127-134', NULL, 14);
INSERT INTO Person (PersonId, Name) VALUES (353, 'Robert H. Gilman');
INSERT INTO RelationPersonInProceeding (PersonId, InProceedingId) VALUES (353, 273);
INSERT INTO InProceeding (InProceedingId, Title, Pages, Url, ProceedingId) VALUES (274, 'Examples of Termination.', '16-26', NULL, 14);
INSERT INTO Person (PersonId, Name) VALUES (354, 'Nachum Dershowitz');
INSERT INTO RelationPersonInProceeding (PersonId, InProceedingId) VALUES (354, 274);
INSERT INTO Person (PersonId, Name) VALUES (355, 'Christoph G. Gnther');
INSERT INTO Proceeding (ProceedingId, Title, EditorId, PublisherId, SeriesId, Year, ISBN, Url) VALUES (15, 'Mobile Communications: Advanced Systems and Components, 1994 International Zurich Seminar on Digital Communications, Zurich Switzerland, March 8-11, 1994, Proceedings', 355, 1, 1, '1994', '3-540-57856-0', 'http://dblp.uni-trier.de/db/conf/ac/mc1994.html');
INSERT INTO InProceeding (InProceedingId, Title, Pages, Url, ProceedingId) VALUES (275, 'New Error Probability Upper Bound on Maximum Likelihood Sequence Estimation for Intersymbol Interference Channels.', '230-241', NULL, 15);
INSERT INTO Person (PersonId, Name) VALUES (356, 'Hiroshi Nogami');
INSERT INTO RelationPersonInProceeding (PersonId, InProceedingId) VALUES (356, 275);
INSERT INTO Person (PersonId, Name) VALUES (357, 'Gordon L. Stber');
INSERT INTO RelationPersonInProceeding (PersonId, InProceedingId) VALUES (357, 275);
INSERT INTO InProceeding (InProceedingId, Title, Pages, Url, ProceedingId) VALUES (276, 'Improved Performance of Mobile Data Networks Using Stack Algorithms and Receiver Capture.', '464-475', NULL, 15);
INSERT INTO Person (PersonId, Name) VALUES (358, 'B. S. Tsybakov');
INSERT INTO RelationPersonInProceeding (PersonId, InProceedingId) VALUES (358, 276);
INSERT INTO Person (PersonId, Name) VALUES (359, 'J. C. Arnbak');
INSERT INTO RelationPersonInProceeding (PersonId, InProceedingId) VALUES (359, 276);
INSERT INTO Person (PersonId, Name) VALUES (360, 'Nikita D. Vvedenskaya');
INSERT INTO RelationPersonInProceeding (PersonId, InProceedingId) VALUES (360, 276);
INSERT INTO InProceeding (InProceedingId, Title, Pages, Url, ProceedingId) VALUES (277, 'Concatenated Coding Scheme for Reliable Data Transmission in CDMA Cellular Systems.', '76-86', NULL, 15);
INSERT INTO Person (PersonId, Name) VALUES (361, 'R. D. Cideciyan');
INSERT INTO RelationPersonInProceeding (PersonId, InProceedingId) VALUES (361, 277);
INSERT INTO Person (PersonId, Name) VALUES (362, 'E. Eleftheriou');
INSERT INTO RelationPersonInProceeding (PersonId, InProceedingId) VALUES (362, 277);
INSERT INTO InProceeding (InProceedingId, Title, Pages, Url, ProceedingId) VALUES (278, 'Adaptive Multiuser Detector for Synchronous Code Division Multiple Access Applications.', '67-75', NULL, 15);
INSERT INTO Person (PersonId, Name) VALUES (363, 'Zoran Siveski');
INSERT INTO RelationPersonInProceeding (PersonId, InProceedingId) VALUES (363, 278);
INSERT INTO Person (PersonId, Name) VALUES (364, 'David W. Chen');
INSERT INTO RelationPersonInProceeding (PersonId, InProceedingId) VALUES (364, 278);
INSERT INTO Person (PersonId, Name) VALUES (365, 'Yeheskel Bar-Ness');
INSERT INTO RelationPersonInProceeding (PersonId, InProceedingId) VALUES (365, 278);
INSERT INTO InProceeding (InProceedingId, Title, Pages, Url, ProceedingId) VALUES (279, 'Analysis of Successive Interference Cancellation in M-ary Orthogonal DS-CDMA System with Single Path Rayleigh Fading.', '150-161', NULL, 15);
INSERT INTO Person (PersonId, Name) VALUES (366, 'Pulin R. Patel');
INSERT INTO RelationPersonInProceeding (PersonId, InProceedingId) VALUES (366, 279);
INSERT INTO Person (PersonId, Name) VALUES (367, 'Jack M. Holtzman');
INSERT INTO RelationPersonInProceeding (PersonId, InProceedingId) VALUES (367, 279);
INSERT INTO InProceeding (InProceedingId, Title, Pages, Url, ProceedingId) VALUES (280, 'Power Control on the Forward Link in Cellular CDMA.', '391-399', NULL, 15);
INSERT INTO Person (PersonId, Name) VALUES (368, 'Michele Zorzi');
INSERT INTO RelationPersonInProceeding (PersonId, InProceedingId) VALUES (368, 280);
INSERT INTO Person (PersonId, Name) VALUES (369, 'Laurence B. Milstein');
INSERT INTO RelationPersonInProceeding (PersonId, InProceedingId) VALUES (369, 280);
INSERT INTO InProceeding (InProceedingId, Title, Pages, Url, ProceedingId) VALUES (281, 'Slotted ALOHA with Capture in a Mobile Radio Environment.', '452-463', NULL, 15);
INSERT INTO RelationPersonInProceeding (PersonId, InProceedingId) VALUES (368, 281);
INSERT INTO Person (PersonId, Name) VALUES (370, 'Ramesh R. Rao');
INSERT INTO RelationPersonInProceeding (PersonId, InProceedingId) VALUES (370, 281);
INSERT INTO InProceeding (InProceedingId, Title, Pages, Url, ProceedingId) VALUES (282, 'Performance Evaluation of the DECT Radio Resource Management.', '45-55', NULL, 15);
INSERT INTO Person (PersonId, Name) VALUES (371, 'Holger Hussmann');
INSERT INTO RelationPersonInProceeding (PersonId, InProceedingId) VALUES (371, 282);
INSERT INTO InProceeding (InProceedingId, Title, Pages, Url, ProceedingId) VALUES (283, 'Performance of Dynamic Feedback Power Control in a TDMA Radio System.', '365-375', NULL, 15);
INSERT INTO Person (PersonId, Name) VALUES (372, 'Sirikiat Lek Ariyavisitakul');
INSERT INTO RelationPersonInProceeding (PersonId, InProceedingId) VALUES (372, 283);
INSERT INTO InProceeding (InProceedingId, Title, Pages, Url, ProceedingId) VALUES (284, 'Area-Efficient Viterbi Decoders for Complex Rate-k/n Convolutional and Trellis Codes.', '529-540', NULL, 15);
INSERT INTO Person (PersonId, Name) VALUES (373, 'Horng-Dar Lin');
INSERT INTO RelationPersonInProceeding (PersonId, InProceedingId) VALUES (373, 284);
INSERT INTO InProceeding (InProceedingId, Title, Pages, Url, ProceedingId) VALUES (285, 'Increased Capacity of DS-CDMA Mobile Systems on Frequency-Selective Slow Fading Channels.', '131-140', NULL, 15);
INSERT INTO Person (PersonId, Name) VALUES (374, 'Gianluca Reali');
INSERT INTO RelationPersonInProceeding (PersonId, InProceedingId) VALUES (374, 285);
INSERT INTO Person (PersonId, Name) VALUES (375, 'Fabrizio Frescura');
INSERT INTO RelationPersonInProceeding (PersonId, InProceedingId) VALUES (375, 285);
INSERT INTO Person (PersonId, Name) VALUES (376, 'Saverio Cacopardi');
INSERT INTO RelationPersonInProceeding (PersonId, InProceedingId) VALUES (376, 285);
INSERT INTO InProceeding (InProceedingId, Title, Pages, Url, ProceedingId) VALUES (286, 'Bit Error Probability of a Rapidly-Adapting Rake Receiver as a Function of Dwell Time.', '242-250', NULL, 15);
INSERT INTO Person (PersonId, Name) VALUES (377, 'Peter Schramm');
INSERT INTO RelationPersonInProceeding (PersonId, InProceedingId) VALUES (377, 286);
INSERT INTO InProceeding (InProceedingId, Title, Pages, Url, ProceedingId) VALUES (287, 'The Capacity of CDMA Cellular: Reverse Link Field Test Results.', '56-66', NULL, 15);
INSERT INTO Person (PersonId, Name) VALUES (378, 'Roberto Padovani');
INSERT INTO RelationPersonInProceeding (PersonId, InProceedingId) VALUES (378, 287);
INSERT INTO InProceeding (InProceedingId, Title, Pages, Url, ProceedingId) VALUES (288, 'Performance Comparison of GMSK and \pi/4-DQPSK Modulations in a Mobile Radio Environment.', '310-321', NULL, 15);
INSERT INTO Person (PersonId, Name) VALUES (379, 'Davide Sorbara');
INSERT INTO RelationPersonInProceeding (PersonId, InProceedingId) VALUES (379, 288);
INSERT INTO Person (PersonId, Name) VALUES (380, 'Monica Visintin');
INSERT INTO RelationPersonInProceeding (PersonId, InProceedingId) VALUES (380, 288);
INSERT INTO InProceeding (InProceedingId, Title, Pages, Url, ProceedingId) VALUES (289, 'Simulation Results for a CDMA Interference Cancellation Technique in a Rayleigh Fading Channel.', '162-171', NULL, 15);
INSERT INTO Person (PersonId, Name) VALUES (381, 'L. Levi');
INSERT INTO RelationPersonInProceeding (PersonId, InProceedingId) VALUES (381, 289);
INSERT INTO Person (PersonId, Name) VALUES (382, 'F. Muratore');
INSERT INTO RelationPersonInProceeding (PersonId, InProceedingId) VALUES (382, 289);
INSERT INTO Person (PersonId, Name) VALUES (383, 'G. Romano');
INSERT INTO RelationPersonInProceeding (PersonId, InProceedingId) VALUES (383, 289);
INSERT INTO InProceeding (InProceedingId, Title, Pages, Url, ProceedingId) VALUES (290, 'Performance Analysis of a CDMA-Based Satellite-Mobile Audio Broadcasting System.', '400-416', NULL, 15);
INSERT INTO Person (PersonId, Name) VALUES (384, 'Riccardo De Gaudenzi');
INSERT INTO RelationPersonInProceeding (PersonId, InProceedingId) VALUES (384, 290);
INSERT INTO Person (PersonId, Name) VALUES (385, 'Filippo Giannetti');
INSERT INTO RelationPersonInProceeding (PersonId, InProceedingId) VALUES (385, 290);
INSERT INTO InProceeding (InProceedingId, Title, Pages, Url, ProceedingId) VALUES (291, 'The Evolution of GSM.', '13-20', NULL, 15);
INSERT INTO Person (PersonId, Name) VALUES (386, 'Michel Mouly');
INSERT INTO RelationPersonInProceeding (PersonId, InProceedingId) VALUES (386, 291);
INSERT INTO Person (PersonId, Name) VALUES (387, 'Marie-Bernadette Pautet');
INSERT INTO RelationPersonInProceeding (PersonId, InProceedingId) VALUES (387, 291);
INSERT INTO InProceeding (InProceedingId, Title, Pages, Url, ProceedingId) VALUES (292, 'Personal Communications.', '1-12', NULL, 15);
INSERT INTO Person (PersonId, Name) VALUES (388, 'David J. Goodman');
INSERT INTO RelationPersonInProceeding (PersonId, InProceedingId) VALUES (388, 292);
INSERT INTO InProceeding (InProceedingId, Title, Pages, Url, ProceedingId) VALUES (293, 'Joint Frequency-Phase Modulation over Rayleigh Fading Channels.', '101-112', NULL, 15);
INSERT INTO Person (PersonId, Name) VALUES (389, 'Abbas Yongaoglu');
INSERT INTO RelationPersonInProceeding (PersonId, InProceedingId) VALUES (389, 293);
INSERT INTO Person (PersonId, Name) VALUES (390, 'Ibrahim Ghareeb');
INSERT INTO RelationPersonInProceeding (PersonId, InProceedingId) VALUES (390, 293);
INSERT INTO InProceeding (InProceedingId, Title, Pages, Url, ProceedingId) VALUES (294, 'Convolutional Codes and Finite Interleavers for the Block Erasure Channel.', '113-120', NULL, 15);
INSERT INTO Person (PersonId, Name) VALUES (391, 'Amos Lapidoth');
INSERT INTO RelationPersonInProceeding (PersonId, InProceedingId) VALUES (391, 294);
INSERT INTO InProceeding (InProceedingId, Title, Pages, Url, ProceedingId) VALUES (295, 'A Model for BER Evaluation of Indoor Frequency Selective Channels Using Multipath Measurement Results at 2.4, 4.75 and 11.5 GHz.', '344-355', NULL, 15);
INSERT INTO Person (PersonId, Name) VALUES (392, 'Patrick A. Stigter');
INSERT INTO RelationPersonInProceeding (PersonId, InProceedingId) VALUES (392, 295);
INSERT INTO Person (PersonId, Name) VALUES (393, 'Ramjee Prasad');
INSERT INTO RelationPersonInProceeding (PersonId, InProceedingId) VALUES (393, 295);
INSERT INTO Person (PersonId, Name) VALUES (394, 'Gerard J. M. Janssen');
INSERT INTO RelationPersonInProceeding (PersonId, InProceedingId) VALUES (394, 295);
INSERT INTO InProceeding (InProceedingId, Title, Pages, Url, ProceedingId) VALUES (296, 'A 50 Mbit/s Optical Wireless LAN Link Using Novel Optical and Electronic Enabling Technologies.', '298-309', NULL, 15);
INSERT INTO Person (PersonId, Name) VALUES (395, 'P. P. Smyth');
INSERT INTO RelationPersonInProceeding (PersonId, InProceedingId) VALUES (395, 296);
INSERT INTO Person (PersonId, Name) VALUES (396, 'P. L. Eardly');
INSERT INTO RelationPersonInProceeding (PersonId, InProceedingId) VALUES (396, 296);
INSERT INTO Person (PersonId, Name) VALUES (397, 'M. J. McCullagh');
INSERT INTO RelationPersonInProceeding (PersonId, InProceedingId) VALUES (397, 296);
INSERT INTO Person (PersonId, Name) VALUES (398, 'D. R. Wisely');
INSERT INTO RelationPersonInProceeding (PersonId, InProceedingId) VALUES (398, 296);
INSERT INTO InProceeding (InProceedingId, Title, Pages, Url, ProceedingId) VALUES (297, 'Contention Resolution Multiple Access Techniques for Handling Speech and Data Traffic on Wireless Networks.', '476-487', NULL, 15);
INSERT INTO Person (PersonId, Name) VALUES (399, 'Fulvio Babich');
INSERT INTO RelationPersonInProceeding (PersonId, InProceedingId) VALUES (399, 297);
INSERT INTO InProceeding (InProceedingId, Title, Pages, Url, ProceedingId) VALUES (298, 'Performance of Adaptive Equalization in Typical Indoor Environments Including Non-Linear Power Amplifiers.', '219-229', NULL, 15);
INSERT INTO Person (PersonId, Name) VALUES (400, 'Antonio Valdovinos');
INSERT INTO RelationPersonInProceeding (PersonId, InProceedingId) VALUES (400, 298);
INSERT INTO Person (PersonId, Name) VALUES (401, 'Fernando J. Casadevall');
INSERT INTO RelationPersonInProceeding (PersonId, InProceedingId) VALUES (401, 298);
INSERT INTO InProceeding (InProceedingId, Title, Pages, Url, ProceedingId) VALUES (299, 'A 65-MHz Digital Chip-Matched-Filter for DS-Spread Spectrum Applications.', '522-528', NULL, 15);
INSERT INTO Person (PersonId, Name) VALUES (402, 'Stephen D. Lingwood');
INSERT INTO RelationPersonInProceeding (PersonId, InProceedingId) VALUES (402, 299);
INSERT INTO InProceeding (InProceedingId, Title, Pages, Url, ProceedingId) VALUES (300, 'The Effect of Modulation on the Power Rating of Multi-Channel Linear Amplifiers.', '322-333', NULL, 15);
INSERT INTO Person (PersonId, Name) VALUES (403, 'R. J. Wilkinson');
INSERT INTO RelationPersonInProceeding (PersonId, InProceedingId) VALUES (403, 300);
INSERT INTO Person (PersonId, Name) VALUES (404, 'D. W. Bennett');
INSERT INTO RelationPersonInProceeding (PersonId, InProceedingId) VALUES (404, 300);
INSERT INTO Person (PersonId, Name) VALUES (405, 'P. B. Kenington');
INSERT INTO RelationPersonInProceeding (PersonId, InProceedingId) VALUES (405, 300);
INSERT INTO InProceeding (InProceedingId, Title, Pages, Url, ProceedingId) VALUES (301, 'Design and Performance of an 8-Dimensional Modulation Scheme.', '141-149', NULL, 15);
INSERT INTO Person (PersonId, Name) VALUES (406, 'Ezio Biglieri');
INSERT INTO RelationPersonInProceeding (PersonId, InProceedingId) VALUES (406, 301);
INSERT INTO Person (PersonId, Name) VALUES (407, 'Spase L. Drakul');
INSERT INTO RelationPersonInProceeding (PersonId, InProceedingId) VALUES (407, 301);
INSERT INTO InProceeding (InProceedingId, Title, Pages, Url, ProceedingId) VALUES (302, 'Soft Handoff Extends CDMA Cell Coverage and Increase Reverse Link Capacity.', '541-551', NULL, 15);
INSERT INTO Person (PersonId, Name) VALUES (408, 'Klein S. Gilhousen');
INSERT INTO RelationPersonInProceeding (PersonId, InProceedingId) VALUES (408, 302);
INSERT INTO Person (PersonId, Name) VALUES (409, 'Audrey M. Viterbi');
INSERT INTO RelationPersonInProceeding (PersonId, InProceedingId) VALUES (409, 302);
INSERT INTO Person (PersonId, Name) VALUES (410, 'Ephraim Zehavi');
INSERT INTO RelationPersonInProceeding (PersonId, InProceedingId) VALUES (410, 302);
INSERT INTO Person (PersonId, Name) VALUES (411, 'Andrew J. Viterbi');
INSERT INTO RelationPersonInProceeding (PersonId, InProceedingId) VALUES (411, 302);
INSERT INTO InProceeding (InProceedingId, Title, Pages, Url, ProceedingId) VALUES (303, 'The Geometric Dynamic Channel Allocation Strategy for High Traffic FDM/TDMA Mobile Communications Networks.', '33-44', NULL, 15);
INSERT INTO Person (PersonId, Name) VALUES (412, 'Francesco Grilli');
INSERT INTO RelationPersonInProceeding (PersonId, InProceedingId) VALUES (412, 303);
INSERT INTO Person (PersonId, Name) VALUES (413, 'Francesco Delli Priscoli');
INSERT INTO RelationPersonInProceeding (PersonId, InProceedingId) VALUES (413, 303);
INSERT INTO Person (PersonId, Name) VALUES (414, 'Andrea Baiocchi');
INSERT INTO RelationPersonInProceeding (PersonId, InProceedingId) VALUES (414, 303);
INSERT INTO Person (PersonId, Name) VALUES (415, 'Fabrizio Sestini');
INSERT INTO RelationPersonInProceeding (PersonId, InProceedingId) VALUES (415, 303);
INSERT INTO InProceeding (InProceedingId, Title, Pages, Url, ProceedingId) VALUES (304, 'Frequency Response Measurements of the Wireless Indoor Channel at Infrared Optics.', '273-284', NULL, 15);
INSERT INTO Person (PersonId, Name) VALUES (416, 'Gang Yun');
INSERT INTO RelationPersonInProceeding (PersonId, InProceedingId) VALUES (416, 304);
INSERT INTO Person (PersonId, Name) VALUES (417, 'Homayoun Hashemi');
INSERT INTO RelationPersonInProceeding (PersonId, InProceedingId) VALUES (417, 304);
INSERT INTO Person (PersonId, Name) VALUES (418, 'Farbod Behbahani');
INSERT INTO RelationPersonInProceeding (PersonId, InProceedingId) VALUES (418, 304);
INSERT INTO Person (PersonId, Name) VALUES (419, 'Mohsen Kavehrad');
INSERT INTO RelationPersonInProceeding (PersonId, InProceedingId) VALUES (419, 304);
INSERT INTO Person (PersonId, Name) VALUES (420, 'Peter Galko');
INSERT INTO RelationPersonInProceeding (PersonId, InProceedingId) VALUES (420, 304);
INSERT INTO InProceeding (InProceedingId, Title, Pages, Url, ProceedingId) VALUES (305, 'Radio Protocol Architecture of the CODIT UMTS System.', '417-427', NULL, 15);
INSERT INTO Person (PersonId, Name) VALUES (421, 'D. Maiwald');
INSERT INTO RelationPersonInProceeding (PersonId, InProceedingId) VALUES (421, 305);
INSERT INTO Person (PersonId, Name) VALUES (422, 'T. Brnnlund');
INSERT INTO RelationPersonInProceeding (PersonId, InProceedingId) VALUES (422, 305);
INSERT INTO Person (PersonId, Name) VALUES (423, 'Ermanno Berruto');
INSERT INTO RelationPersonInProceeding (PersonId, InProceedingId) VALUES (423, 305);
INSERT INTO Person (PersonId, Name) VALUES (424, 'P. Whitworth');
INSERT INTO RelationPersonInProceeding (PersonId, InProceedingId) VALUES (424, 305);
INSERT INTO Person (PersonId, Name) VALUES (425, 'Wolfgang Schott');
INSERT INTO RelationPersonInProceeding (PersonId, InProceedingId) VALUES (425, 305);
INSERT INTO Person (PersonId, Name) VALUES (426, 'J. Gustafsson');
INSERT INTO RelationPersonInProceeding (PersonId, InProceedingId) VALUES (426, 305);
INSERT INTO InProceeding (InProceedingId, Title, Pages, Url, ProceedingId) VALUES (306, 'Performance of Cellular Radio Systems with Power Control in Varying Shadow Fading Environments.', '376-390', NULL, 15);
INSERT INTO Person (PersonId, Name) VALUES (427, 'Robert Saunders');
INSERT INTO RelationPersonInProceeding (PersonId, InProceedingId) VALUES (427, 306);
INSERT INTO Person (PersonId, Name) VALUES (428, 'Luis Lopes');
INSERT INTO RelationPersonInProceeding (PersonId, InProceedingId) VALUES (428, 306);
INSERT INTO InProceeding (InProceedingId, Title, Pages, Url, ProceedingId) VALUES (307, 'RACE-II Advanced TDMA Mobile Access Project - An Approach for UMTS.', '428-439', NULL, 15);
INSERT INTO Person (PersonId, Name) VALUES (429, 'J. Hofmann');
INSERT INTO RelationPersonInProceeding (PersonId, InProceedingId) VALUES (429, 307);
INSERT INTO Person (PersonId, Name) VALUES (430, 'N. Metzner');
INSERT INTO RelationPersonInProceeding (PersonId, InProceedingId) VALUES (430, 307);
INSERT INTO Person (PersonId, Name) VALUES (431, 'F. David');
INSERT INTO RelationPersonInProceeding (PersonId, InProceedingId) VALUES (431, 307);
INSERT INTO Person (PersonId, Name) VALUES (432, 'D. Cygan');
INSERT INTO RelationPersonInProceeding (PersonId, InProceedingId) VALUES (432, 307);
INSERT INTO Person (PersonId, Name) VALUES (433, 'H. J. Eul');
INSERT INTO RelationPersonInProceeding (PersonId, InProceedingId) VALUES (433, 307);
INSERT INTO Person (PersonId, Name) VALUES (434, 'W. Mohr');
INSERT INTO RelationPersonInProceeding (PersonId, InProceedingId) VALUES (434, 307);
INSERT INTO InProceeding (InProceedingId, Title, Pages, Url, ProceedingId) VALUES (308, 'Multitone Spread Spectrum Communication Systems in a Multipath Rician Fading Channel.', '440-451', NULL, 15);
INSERT INTO Person (PersonId, Name) VALUES (435, 'L. Vandendorpe');
INSERT INTO RelationPersonInProceeding (PersonId, InProceedingId) VALUES (435, 308);
INSERT INTO InProceeding (InProceedingId, Title, Pages, Url, ProceedingId) VALUES (309, 'Fractional-Rate Hybrid PSK-TCM Codes for the Rayleigh Fading Channel.', '121-130', NULL, 15);
INSERT INTO Person (PersonId, Name) VALUES (436, 'Bernhard Mayr');
INSERT INTO RelationPersonInProceeding (PersonId, InProceedingId) VALUES (436, 309);
INSERT INTO Person (PersonId, Name) VALUES (437, 'Hans Weinrichter');
INSERT INTO RelationPersonInProceeding (PersonId, InProceedingId) VALUES (437, 309);
INSERT INTO InProceeding (InProceedingId, Title, Pages, Url, ProceedingId) VALUES (310, 'Multiple-Symbol Differential Detection Scheme for Differential Amplitude Modulation.', '196-207', NULL, 15);
INSERT INTO Person (PersonId, Name) VALUES (438, 'Toshinori Suzuki');
INSERT INTO RelationPersonInProceeding (PersonId, InProceedingId) VALUES (438, 310);
INSERT INTO Person (PersonId, Name) VALUES (439, 'Toshio Mizuno');
INSERT INTO RelationPersonInProceeding (PersonId, InProceedingId) VALUES (439, 310);
INSERT INTO InProceeding (InProceedingId, Title, Pages, Url, ProceedingId) VALUES (311, 'A Bit-Serial CMOS Digital IF-Filter for Mobile Radio Using an On-Chip Clock.', '510-521', NULL, 15);
INSERT INTO Person (PersonId, Name) VALUES (440, 'Mark Vesterbacka');
INSERT INTO RelationPersonInProceeding (PersonId, InProceedingId) VALUES (440, 311);
INSERT INTO Person (PersonId, Name) VALUES (441, 'Kent Palmkvist');
INSERT INTO RelationPersonInProceeding (PersonId, InProceedingId) VALUES (441, 311);
INSERT INTO Person (PersonId, Name) VALUES (442, 'Lars Wanhammer');
INSERT INTO RelationPersonInProceeding (PersonId, InProceedingId) VALUES (442, 311);
INSERT INTO Person (PersonId, Name) VALUES (443, 'Peter Nilsson');
INSERT INTO RelationPersonInProceeding (PersonId, InProceedingId) VALUES (443, 311);
INSERT INTO Person (PersonId, Name) VALUES (444, 'Mats Torkelson');
INSERT INTO RelationPersonInProceeding (PersonId, InProceedingId) VALUES (444, 311);
INSERT INTO InProceeding (InProceedingId, Title, Pages, Url, ProceedingId) VALUES (312, 'Linear Logic and Parallelism.', '166-182', NULL, 3);
INSERT INTO Person (PersonId, Name) VALUES (445, 'Jean-Yves Girard');
INSERT INTO RelationPersonInProceeding (PersonId, InProceedingId) VALUES (445, 312);
INSERT INTO InProceeding (InProceedingId, Title, Pages, Url, ProceedingId) VALUES (313, 'Elementary Net Systems.', '26-59', NULL, NULL);
INSERT INTO RelationPersonInProceeding (PersonId, InProceedingId) VALUES (58, 313);
INSERT INTO InProceeding (InProceedingId, Title, Pages, Url, ProceedingId) VALUES (314, 'Integrated Architectures for Machine Learning.', '218-229', NULL, 2);
INSERT INTO Person (PersonId, Name) VALUES (446, 'Lorenza Saitta');
INSERT INTO RelationPersonInProceeding (PersonId, InProceedingId) VALUES (446, 314);
INSERT INTO InProceeding (InProceedingId, Title, Pages, Url, ProceedingId) VALUES (315, 'Basic Concepts.', '7-43', NULL, NULL);
INSERT INTO RelationPersonInProceeding (PersonId, InProceedingId) VALUES (198, 315);
INSERT INTO Person (PersonId, Name) VALUES (447, 'Geoff P. Mullery');
INSERT INTO RelationPersonInProceeding (PersonId, InProceedingId) VALUES (447, 315);
INSERT INTO RelationPersonInProceeding (PersonId, InProceedingId) VALUES (178, 315);
INSERT INTO InProceeding (InProceedingId, Title, Pages, Url, ProceedingId) VALUES (316, 'The Argus Language and System.', '343-430', NULL, NULL);
INSERT INTO Person (PersonId, Name) VALUES (448, 'Barbara Liskov');
INSERT INTO RelationPersonInProceeding (PersonId, InProceedingId) VALUES (448, 316);
INSERT INTO InProceeding (InProceedingId, Title, Pages, Url, ProceedingId) VALUES (317, 'Propagation Losses and Impulse Response of the Indoor Optical Channel: A Simulation Package.', '285-297', NULL, 15);
INSERT INTO Person (PersonId, Name) VALUES (449, 'Rui Valadas');
INSERT INTO RelationPersonInProceeding (PersonId, InProceedingId) VALUES (449, 317);
INSERT INTO Person (PersonId, Name) VALUES (450, 'Cipriano R. A. T. Lomba');
INSERT INTO RelationPersonInProceeding (PersonId, InProceedingId) VALUES (450, 317);
INSERT INTO Person (PersonId, Name) VALUES (451, 'A. M. de Oliveira Duarte');
INSERT INTO RelationPersonInProceeding (PersonId, InProceedingId) VALUES (451, 317);
INSERT INTO InProceeding (InProceedingId, Title, Pages, Url, ProceedingId) VALUES (318, 'Data Parallelism and Functional Programming.', '220-251', NULL, 9);
INSERT INTO Person (PersonId, Name) VALUES (452, 'Bjrn Lisper');
INSERT INTO RelationPersonInProceeding (PersonId, InProceedingId) VALUES (452, 318);
INSERT INTO InProceeding (InProceedingId, Title, Pages, Url, ProceedingId) VALUES (319, 'Data Mining in Economics, Finance, and Marketing.', '295-299', NULL, 2);
INSERT INTO Person (PersonId, Name) VALUES (453, 'Georgios Paliouras');
INSERT INTO RelationPersonInProceeding (PersonId, InProceedingId) VALUES (453, 319);
INSERT INTO Person (PersonId, Name) VALUES (454, 'Hans C. Jessen');
INSERT INTO RelationPersonInProceeding (PersonId, InProceedingId) VALUES (454, 319);
INSERT INTO InProceeding (InProceedingId, Title, Pages, Url, ProceedingId) VALUES (320, 'Natural Language Systems.', '189-231', NULL, 6);
INSERT INTO Person (PersonId, Name) VALUES (455, 'Jens Erik Fenstad');
INSERT INTO RelationPersonInProceeding (PersonId, InProceedingId) VALUES (455, 320);
INSERT INTO InProceeding (InProceedingId, Title, Pages, Url, ProceedingId) VALUES (321, 'Supporting Irregular and Dynamic Computations in Data Parallel Languages.', '197-219', NULL, 9);
INSERT INTO Person (PersonId, Name) VALUES (456, 'Jean-Luc Dekeyser');
INSERT INTO RelationPersonInProceeding (PersonId, InProceedingId) VALUES (456, 321);
INSERT INTO Person (PersonId, Name) VALUES (457, 'Philippe Marquet');
INSERT INTO RelationPersonInProceeding (PersonId, InProceedingId) VALUES (457, 321);
INSERT INTO InProceeding (InProceedingId, Title, Pages, Url, ProceedingId) VALUES (322, 'Transformations and Decompositions of Nets.', '359-376', NULL, NULL);
INSERT INTO RelationPersonInProceeding (PersonId, InProceedingId) VALUES (293, 322);
INSERT INTO InProceeding (InProceedingId, Title, Pages, Url, ProceedingId) VALUES (323, 'Topics in Planning.', '146-188', NULL, 6);
INSERT INTO Person (PersonId, Name) VALUES (458, 'Sam Steel');
INSERT INTO RelationPersonInProceeding (PersonId, InProceedingId) VALUES (458, 323);
INSERT INTO InProceeding (InProceedingId, Title, Pages, Url, ProceedingId) VALUES (324, 'Notes on Current Trends in AI Planning.', '198-207', NULL, 13);
INSERT INTO RelationPersonInProceeding (PersonId, InProceedingId) VALUES (458, 324);
INSERT INTO InProceeding (InProceedingId, Title, Pages, Url, ProceedingId) VALUES (325, 'Graph Rewriting: A Bibliographical Guide.', '74', NULL, 14);
INSERT INTO Person (PersonId, Name) VALUES (459, 'Bruno Courcelle');
INSERT INTO RelationPersonInProceeding (PersonId, InProceedingId) VALUES (459, 325);
INSERT INTO InProceeding (InProceedingId, Title, Pages, Url, ProceedingId) VALUES (326, 'Machine Learning and Intelligent Agents.', '281-285', NULL, 2);
INSERT INTO Person (PersonId, Name) VALUES (460, 'Themis Panayiotopoulos');
INSERT INTO RelationPersonInProceeding (PersonId, InProceedingId) VALUES (460, 326);
INSERT INTO Person (PersonId, Name) VALUES (461, 'Nick Z. Zacharis');
INSERT INTO RelationPersonInProceeding (PersonId, InProceedingId) VALUES (461, 326);
INSERT INTO InProceeding (InProceedingId, Title, Pages, Url, ProceedingId) VALUES (327, 'Case-Based Reasoning.', '127-145', NULL, 2);
INSERT INTO Person (PersonId, Name) VALUES (462, 'Ramon Lpez de Mntaras');
INSERT INTO RelationPersonInProceeding (PersonId, InProceedingId) VALUES (462, 327);
INSERT INTO InProceeding (InProceedingId, Title, Pages, Url, ProceedingId) VALUES (328, 'Protection.', '260-281', NULL, NULL);
INSERT INTO Person (PersonId, Name) VALUES (463, 'Roger M. Needham');
INSERT INTO RelationPersonInProceeding (PersonId, InProceedingId) VALUES (463, 328);
INSERT INTO InProceeding (InProceedingId, Title, Pages, Url, ProceedingId) VALUES (329, 'Computer Organization and Architecture.', '17-98', NULL, 11);
INSERT INTO Person (PersonId, Name) VALUES (464, 'Michael J. Flynn');
INSERT INTO RelationPersonInProceeding (PersonId, InProceedingId) VALUES (464, 329);
INSERT INTO InProceeding (InProceedingId, Title, Pages, Url, ProceedingId) VALUES (330, 'Normalization and Partial Evaluation.', '137-192', NULL, 4);
INSERT INTO Person (PersonId, Name) VALUES (465, 'Peter Dybjer');
INSERT INTO RelationPersonInProceeding (PersonId, InProceedingId) VALUES (465, 330);
INSERT INTO Person (PersonId, Name) VALUES (466, 'Andrzej Filinski');
INSERT INTO RelationPersonInProceeding (PersonId, InProceedingId) VALUES (466, 330);
INSERT INTO InProceeding (InProceedingId, Title, Pages, Url, ProceedingId) VALUES (331, 'State of the Art in Compiling HPF.', '104-133', NULL, 9);
INSERT INTO Person (PersonId, Name) VALUES (467, 'Fabien Coelho');
INSERT INTO RelationPersonInProceeding (PersonId, InProceedingId) VALUES (467, 331);
INSERT INTO Person (PersonId, Name) VALUES (468, 'Ccile Germain');
INSERT INTO RelationPersonInProceeding (PersonId, InProceedingId) VALUES (468, 331);
INSERT INTO RelationPersonInProceeding (PersonId, InProceedingId) VALUES (272, 331);
INSERT INTO InProceeding (InProceedingId, Title, Pages, Url, ProceedingId) VALUES (332, 'Emerging Standards for Public-Key Cryptography.', '87-104', NULL, NULL);
INSERT INTO Person (PersonId, Name) VALUES (469, 'Burton S. Kaliski Jr.');
INSERT INTO RelationPersonInProceeding (PersonId, InProceedingId) VALUES (469, 332);
INSERT INTO InProceeding (InProceedingId, Title, Pages, Url, ProceedingId) VALUES (333, 'An Architecture and Methodology for Mobile-Executed Cell Hand-off in Wireless ATM Networks.', '552-561', NULL, 15);
INSERT INTO Person (PersonId, Name) VALUES (470, 'Mahmoud Naghshineh');
INSERT INTO RelationPersonInProceeding (PersonId, InProceedingId) VALUES (470, 333);
INSERT INTO Person (PersonId, Name) VALUES (471, 'Anthony S. Acampora');
INSERT INTO RelationPersonInProceeding (PersonId, InProceedingId) VALUES (471, 333);
INSERT INTO InProceeding (InProceedingId, Title, Pages, Url, ProceedingId) VALUES (334, 'Block Ciphers - A Survey.', '18-48', NULL, NULL);
INSERT INTO Person (PersonId, Name) VALUES (472, 'Lars R. Knudsen');
INSERT INTO RelationPersonInProceeding (PersonId, InProceedingId) VALUES (472, 334);
INSERT INTO InProceeding (InProceedingId, Title, Pages, Url, ProceedingId) VALUES (335, 'Contemporary Block Ciphers.', '105-126', NULL, NULL);
INSERT INTO RelationPersonInProceeding (PersonId, InProceedingId) VALUES (472, 335);
INSERT INTO InProceeding (InProceedingId, Title, Pages, Url, ProceedingId) VALUES (336, 'Support Vector Machines: Theory and Applications.', '249-257', NULL, 2);
INSERT INTO Person (PersonId, Name) VALUES (473, 'Theodoros Evgeniou');
INSERT INTO RelationPersonInProceeding (PersonId, InProceedingId) VALUES (473, 336);
INSERT INTO Person (PersonId, Name) VALUES (474, 'Massimiliano Pontil');
INSERT INTO RelationPersonInProceeding (PersonId, InProceedingId) VALUES (474, 336);
INSERT INTO InProceeding (InProceedingId, Title, Pages, Url, ProceedingId) VALUES (337, 'Learning Patterns in Noisy Data: The AQ Approach.', '22-38', NULL, 2);
INSERT INTO Person (PersonId, Name) VALUES (475, 'Kenneth A. Kaufman');
INSERT INTO RelationPersonInProceeding (PersonId, InProceedingId) VALUES (475, 337);
INSERT INTO Person (PersonId, Name) VALUES (476, 'Ryszard S. Michalski');
INSERT INTO RelationPersonInProceeding (PersonId, InProceedingId) VALUES (476, 337);
INSERT INTO InProceeding (InProceedingId, Title, Pages, Url, ProceedingId) VALUES (338, 'Specification in Distributed Systems.', '470-497', NULL, NULL);
INSERT INTO Person (PersonId, Name) VALUES (477, 'Gregor von Bochmann');
INSERT INTO RelationPersonInProceeding (PersonId, InProceedingId) VALUES (477, 338);
INSERT INTO InProceeding (InProceedingId, Title, Pages, Url, ProceedingId) VALUES (339, 'A Note on the Meaning of "Embedded Systems".', '1-5', NULL, 5);
INSERT INTO Person (PersonId, Name) VALUES (478, 'Albert T. Kndig');
INSERT INTO RelationPersonInProceeding (PersonId, InProceedingId) VALUES (478, 339);
INSERT INTO InProceeding (InProceedingId, Title, Pages, Url, ProceedingId) VALUES (340, 'Machine Learning in Human Language Technology.', '267-273', NULL, 2);
INSERT INTO Person (PersonId, Name) VALUES (479, 'Nikos Fakotakis');
INSERT INTO RelationPersonInProceeding (PersonId, InProceedingId) VALUES (479, 340);
INSERT INTO Person (PersonId, Name) VALUES (480, 'Kyriakos N. Sgarbas');
INSERT INTO RelationPersonInProceeding (PersonId, InProceedingId) VALUES (480, 340);
INSERT INTO InProceeding (InProceedingId, Title, Pages, Url, ProceedingId) VALUES (341, 'Mobility and Coordination for Distributed Java Applications.', '402-426', NULL, NULL);
INSERT INTO Person (PersonId, Name) VALUES (481, 'Paolo Ciancarini');
INSERT INTO RelationPersonInProceeding (PersonId, InProceedingId) VALUES (481, 341);
INSERT INTO Person (PersonId, Name) VALUES (482, 'Davide Rossi');
INSERT INTO RelationPersonInProceeding (PersonId, InProceedingId) VALUES (482, 341);
INSERT INTO Person (PersonId, Name) VALUES (483, 'Andrea Giovannini');
INSERT INTO RelationPersonInProceeding (PersonId, InProceedingId) VALUES (483, 341);
INSERT INTO InProceeding (InProceedingId, Title, Pages, Url, ProceedingId) VALUES (342, 'Near-Far Resistant Propagation Delay Estimators for Asynchronous Direct-Sequence Code Division Multiple Access Systems.', '251-260', NULL, 15);
INSERT INTO Person (PersonId, Name) VALUES (484, 'Stefan Parkvall');
INSERT INTO RelationPersonInProceeding (PersonId, InProceedingId) VALUES (484, 342);
INSERT INTO Person (PersonId, Name) VALUES (485, 'Bjrn E. Ottersten');
INSERT INTO RelationPersonInProceeding (PersonId, InProceedingId) VALUES (485, 342);
INSERT INTO Person (PersonId, Name) VALUES (486, 'Erik G. Strm');
INSERT INTO RelationPersonInProceeding (PersonId, InProceedingId) VALUES (486, 342);
INSERT INTO InProceeding (InProceedingId, Title, Pages, Url, ProceedingId) VALUES (343, 'The Limits of Mathematics - Course Outline and Software (Abstract).', '1', NULL, 8);
INSERT INTO Person (PersonId, Name) VALUES (487, 'Gregory J. Chaitin');
INSERT INTO RelationPersonInProceeding (PersonId, InProceedingId) VALUES (487, 343);
INSERT INTO InProceeding (InProceedingId, Title, Pages, Url, ProceedingId) VALUES (344, 'Comparing Machine Learning and Knowledge Discovery in DataBases: An Application to Knowledge Discovery in Texts.', '1-21', NULL, 2);
INSERT INTO Person (PersonId, Name) VALUES (488, 'Yves Kodratoff');
INSERT INTO RelationPersonInProceeding (PersonId, InProceedingId) VALUES (488, 344);
INSERT INTO InProceeding (InProceedingId, Title, Pages, Url, ProceedingId) VALUES (345, 'Protection.', '211-245', NULL, NULL);
INSERT INTO RelationPersonInProceeding (PersonId, InProceedingId) VALUES (135, 345);
INSERT INTO InProceeding (InProceedingId, Title, Pages, Url, ProceedingId) VALUES (346, 'Word Problem for Thue Systems with a Few Relations.', '39-53', NULL, 14);
INSERT INTO Person (PersonId, Name) VALUES (489, 'Yuri Matiyasevich');
INSERT INTO RelationPersonInProceeding (PersonId, InProceedingId) VALUES (489, 346);
INSERT INTO InProceeding (InProceedingId, Title, Pages, Url, ProceedingId) VALUES (347, 'AXYTRANS: Physical Funds Transport and DES.', '244-256', NULL, 7);
INSERT INTO Person (PersonId, Name) VALUES (490, 'Hedwig Cnudde');
INSERT INTO RelationPersonInProceeding (PersonId, InProceedingId) VALUES (490, 347);
INSERT INTO Person (PersonId, Name) VALUES (491, 'Marc Geoffroy');
INSERT INTO RelationPersonInProceeding (PersonId, InProceedingId) VALUES (491, 347);
INSERT INTO Person (PersonId, Name) VALUES (492, 'Ronny Bjones');
INSERT INTO RelationPersonInProceeding (PersonId, InProceedingId) VALUES (492, 347);
INSERT INTO Person (PersonId, Name) VALUES (493, 'Mohammad Amin Shokrollahi');
INSERT INTO Proceeding (ProceedingId, Title, EditorId, PublisherId, SeriesId, Year, ISBN, Url) VALUES (16, 'Theoretical Aspects of Computer Science, Advanced Lectures [First Summer School on Theoretical Aspects of Computer Science, Tehran, Iran, July 2000]', 493, 1, 1, '2002', '3-540-43328-7', 'http://dblp.uni-trier.de/db/conf/ac/tacs2000.html');
INSERT INTO InProceeding (InProceedingId, Title, Pages, Url, ProceedingId) VALUES (348, 'Graph-Theoretical Methods in Computer Vision.', '148-174', NULL, 16);
INSERT INTO Person (PersonId, Name) VALUES (494, 'Ali Shokoufandeh');
INSERT INTO RelationPersonInProceeding (PersonId, InProceedingId) VALUES (494, 348);
INSERT INTO Person (PersonId, Name) VALUES (495, 'Sven J. Dickinson');
INSERT INTO RelationPersonInProceeding (PersonId, InProceedingId) VALUES (495, 348);
INSERT INTO InProceeding (InProceedingId, Title, Pages, Url, ProceedingId) VALUES (349, 'Exact and Approximate Testing/Correcting of Algebraic Functions: A Survey.', '30-83', NULL, 16);
INSERT INTO Person (PersonId, Name) VALUES (496, 'Marcos A. Kiwi');
INSERT INTO RelationPersonInProceeding (PersonId, InProceedingId) VALUES (496, 349);
INSERT INTO Person (PersonId, Name) VALUES (497, 'Frdric Magniez');
INSERT INTO RelationPersonInProceeding (PersonId, InProceedingId) VALUES (497, 349);
INSERT INTO Person (PersonId, Name) VALUES (498, 'Miklos Santha');
INSERT INTO RelationPersonInProceeding (PersonId, InProceedingId) VALUES (498, 349);
INSERT INTO InProceeding (InProceedingId, Title, Pages, Url, ProceedingId) VALUES (350, 'The Regularity Lemma and Its Applications in Graph Theory.', '84-112', NULL, 16);
INSERT INTO Person (PersonId, Name) VALUES (499, 'Endre Szemerdi');
INSERT INTO RelationPersonInProceeding (PersonId, InProceedingId) VALUES (499, 350);
INSERT INTO Person (PersonId, Name) VALUES (500, 'Mikls Simonovits');
INSERT INTO RelationPersonInProceeding (PersonId, InProceedingId) VALUES (500, 350);
INSERT INTO RelationPersonInProceeding (PersonId, InProceedingId) VALUES (494, 350);
INSERT INTO Person (PersonId, Name) VALUES (501, 'Jnos Komls');
INSERT INTO RelationPersonInProceeding (PersonId, InProceedingId) VALUES (501, 350);
INSERT INTO InProceeding (InProceedingId, Title, Pages, Url, ProceedingId) VALUES (351, 'An Introduction to Low-Density Parity-Check Codes.', '175-197', NULL, 16);
INSERT INTO RelationPersonInProceeding (PersonId, InProceedingId) VALUES (493, 351);
INSERT INTO InProceeding (InProceedingId, Title, Pages, Url, ProceedingId) VALUES (352, 'Multiple Access Communications Using Combinatorial Designs.', '1-29', NULL, 16);
INSERT INTO Person (PersonId, Name) VALUES (502, 'Charles J. Colbourn');
INSERT INTO RelationPersonInProceeding (PersonId, InProceedingId) VALUES (502, 352);
INSERT INTO InProceeding (InProceedingId, Title, Pages, Url, ProceedingId) VALUES (353, 'Fourier Transforms and Quantum Computation.', '208-220', NULL, 16);
INSERT INTO Person (PersonId, Name) VALUES (503, 'Umesh V. Vazirani');
INSERT INTO RelationPersonInProceeding (PersonId, InProceedingId) VALUES (503, 353);
INSERT INTO InProceeding (InProceedingId, Title, Pages, Url, ProceedingId) VALUES (354, 'Modeling Data and Objects: An Algebraic View Point.', '113-147', NULL, 16);
INSERT INTO Person (PersonId, Name) VALUES (504, 'S. Kazem Lellahi');
INSERT INTO RelationPersonInProceeding (PersonId, InProceedingId) VALUES (504, 354);
INSERT INTO InProceeding (InProceedingId, Title, Pages, Url, ProceedingId) VALUES (355, 'The Cambridge Ring.', '64-86', NULL, NULL);
INSERT INTO RelationPersonInProceeding (PersonId, InProceedingId) VALUES (181, 355);
INSERT INTO Person (PersonId, Name) VALUES (505, 'R. Banerjee');
INSERT INTO RelationPersonInProceeding (PersonId, InProceedingId) VALUES (505, 355);
INSERT INTO InProceeding (InProceedingId, Title, Pages, Url, ProceedingId) VALUES (356, 'Dynamic System Simulation with Qualitative Differential Equations.', '431-439', NULL, 13);
INSERT INTO RelationPersonInProceeding (PersonId, InProceedingId) VALUES (96, 356);
INSERT INTO InProceeding (InProceedingId, Title, Pages, Url, ProceedingId) VALUES (357, 'Measuring Bit Errors, Clock Errors and Their Burst Characteristics in Mobile Communication Systems.', '356-364', NULL, 15);
INSERT INTO Person (PersonId, Name) VALUES (506, 'Henning Frchting');
INSERT INTO RelationPersonInProceeding (PersonId, InProceedingId) VALUES (506, 357);
INSERT INTO Person (PersonId, Name) VALUES (507, 'Ralf Kattenbach');
INSERT INTO RelationPersonInProceeding (PersonId, InProceedingId) VALUES (507, 357);
INSERT INTO InProceeding (InProceedingId, Title, Pages, Url, ProceedingId) VALUES (358, 'Monolithic Integration of a Spread-Spectrum Transmitter and Receiver Front End for Wireless LAN Applications.', '501-509', NULL, 15);
INSERT INTO Person (PersonId, Name) VALUES (508, 'Hans Kaufmann');
INSERT INTO RelationPersonInProceeding (PersonId, InProceedingId) VALUES (508, 358);
INSERT INTO Person (PersonId, Name) VALUES (509, 'Werner Baumberger');
INSERT INTO RelationPersonInProceeding (PersonId, InProceedingId) VALUES (509, 358);
INSERT INTO InProceeding (InProceedingId, Title, Pages, Url, ProceedingId) VALUES (359, 'Model Class Selection and Construction: Beyond the Procrustean Approach to Machine Learning Applications.', '196-217', NULL, 2);
INSERT INTO Person (PersonId, Name) VALUES (510, 'Maarten van Someren');
INSERT INTO RelationPersonInProceeding (PersonId, InProceedingId) VALUES (510, 359);
INSERT INTO InProceeding (InProceedingId, Title, Pages, Url, ProceedingId) VALUES (360, 'Issues and Tools for Protocol Specification.', '481-538', NULL, NULL);
INSERT INTO Person (PersonId, Name) VALUES (511, 'Jean-Pierre Ansart');
INSERT INTO RelationPersonInProceeding (PersonId, InProceedingId) VALUES (511, 360);
INSERT INTO InProceeding (InProceedingId, Title, Pages, Url, ProceedingId) VALUES (361, 'Petri Net Tool Overview 1986.', '20-61', NULL, NULL);
INSERT INTO RelationPersonInProceeding (PersonId, InProceedingId) VALUES (47, 361);
INSERT INTO Person (PersonId, Name) VALUES (512, 'Frits Feldbrugge');
INSERT INTO RelationPersonInProceeding (PersonId, InProceedingId) VALUES (512, 361);
INSERT INTO InProceeding (InProceedingId, Title, Pages, Url, ProceedingId) VALUES (362, '(Local Area) Network Security.', '211-226', NULL, 7);
INSERT INTO RelationPersonInProceeding (PersonId, InProceedingId) VALUES (57, 362);
INSERT INTO InProceeding (InProceedingId, Title, Pages, Url, ProceedingId) VALUES (363, 'Internet Security Protocols.', '186-208', NULL, NULL);
INSERT INTO RelationPersonInProceeding (PersonId, InProceedingId) VALUES (57, 363);
INSERT INTO InProceeding (InProceedingId, Title, Pages, Url, ProceedingId) VALUES (364, 'Matched Median Detectors for Synchronous Direct-Sequence Multiple-Access Communications.', '172-183', NULL, 15);
INSERT INTO Person (PersonId, Name) VALUES (513, 'Jorma Lilleberg');
INSERT INTO RelationPersonInProceeding (PersonId, InProceedingId) VALUES (513, 364);
INSERT INTO Person (PersonId, Name) VALUES (514, 'Risto Wichmann');
INSERT INTO RelationPersonInProceeding (PersonId, InProceedingId) VALUES (514, 364);
INSERT INTO Person (PersonId, Name) VALUES (515, 'Yrj Neuvo');
INSERT INTO RelationPersonInProceeding (PersonId, InProceedingId) VALUES (515, 364);
INSERT INTO InProceeding (InProceedingId, Title, Pages, Url, ProceedingId) VALUES (365, 'Event Structures.', '325-392', NULL, NULL);
INSERT INTO Person (PersonId, Name) VALUES (516, 'Glynn Winskel');
INSERT INTO RelationPersonInProceeding (PersonId, InProceedingId) VALUES (516, 365);
INSERT INTO InProceeding (InProceedingId, Title, Pages, Url, ProceedingId) VALUES (366, 'Enhancing Replica Management Services to Cope with Group Failures.', '79-103', NULL, NULL);
INSERT INTO RelationPersonInProceeding (PersonId, InProceedingId) VALUES (119, 366);
INSERT INTO Person (PersonId, Name) VALUES (517, 'Paul D. Ezhilchelvan');
INSERT INTO RelationPersonInProceeding (PersonId, InProceedingId) VALUES (517, 366);
INSERT INTO InProceeding (InProceedingId, Title, Pages, Url, ProceedingId) VALUES (367, 'Integrating Data Traffic in Enhanced-TDMA Digital Cellular Systems.', '21-32', NULL, 15);
INSERT INTO Person (PersonId, Name) VALUES (518, 'Lazaros F. Merakos');
INSERT INTO RelationPersonInProceeding (PersonId, InProceedingId) VALUES (518, 367);
INSERT INTO Person (PersonId, Name) VALUES (519, 'Fayu Li');
INSERT INTO RelationPersonInProceeding (PersonId, InProceedingId) VALUES (519, 367);
INSERT INTO InProceeding (InProceedingId, Title, Pages, Url, ProceedingId) VALUES (368, 'Distributed Control.', '175-190', NULL, NULL);
INSERT INTO RelationPersonInProceeding (PersonId, InProceedingId) VALUES (46, 368);
INSERT INTO InProceeding (InProceedingId, Title, Pages, Url, ProceedingId) VALUES (369, 'Computer Tools for Construction, Modification and Analysis of Petri Nets.', '4-19', NULL, NULL);
INSERT INTO RelationPersonInProceeding (PersonId, InProceedingId) VALUES (47, 369);
INSERT INTO InProceeding (InProceedingId, Title, Pages, Url, ProceedingId) VALUES (370, 'An Introduction to the Practical Use of Coloured Petri Nets.', '237-292', NULL, NULL);
INSERT INTO RelationPersonInProceeding (PersonId, InProceedingId) VALUES (47, 370);
INSERT INTO InProceeding (InProceedingId, Title, Pages, Url, ProceedingId) VALUES (371, 'Commitment Schemes and Zero-Knowledge Protocols.', '63-86', NULL, NULL);
INSERT INTO Person (PersonId, Name) VALUES (520, 'Ivan Damgrd');
INSERT INTO RelationPersonInProceeding (PersonId, InProceedingId) VALUES (520, 371);
INSERT INTO InProceeding (InProceedingId, Title, Pages, Url, ProceedingId) VALUES (372, 'Advanced Machine Learning Techniques for Computer Vision.', '161-197', NULL, 13);
INSERT INTO Person (PersonId, Name) VALUES (521, 'S. Moscatelli');
INSERT INTO RelationPersonInProceeding (PersonId, InProceedingId) VALUES (521, 372);
INSERT INTO RelationPersonInProceeding (PersonId, InProceedingId) VALUES (488, 372);
INSERT INTO InProceeding (InProceedingId, Title, Pages, Url, ProceedingId) VALUES (373, 'Paradigms for Distributed Programs.', '431-480', NULL, NULL);
INSERT INTO RelationPersonInProceeding (PersonId, InProceedingId) VALUES (198, 373);
INSERT INTO RelationPersonInProceeding (PersonId, InProceedingId) VALUES (199, 373);
INSERT INTO InProceeding (InProceedingId, Title, Pages, Url, ProceedingId) VALUES (374, 'Mapping Discounted and Undiscounted Markov Decision Problems onto Hopfield Neural Networks.', '137-167', NULL, 8);
INSERT INTO Person (PersonId, Name) VALUES (522, 'Alexandru Murgu');
INSERT INTO RelationPersonInProceeding (PersonId, InProceedingId) VALUES (522, 374);
INSERT INTO InProceeding (InProceedingId, Title, Pages, Url, ProceedingId) VALUES (375, 'Application of Basic and Logarithmic Poisson Execution Time Models in Software Reliability Measurement.', '68-100', NULL, 12);
INSERT INTO Person (PersonId, Name) VALUES (523, 'Kazuhira Okumoto');
INSERT INTO RelationPersonInProceeding (PersonId, InProceedingId) VALUES (523, 375);
INSERT INTO Person (PersonId, Name) VALUES (524, 'John D. Musa');
INSERT INTO RelationPersonInProceeding (PersonId, InProceedingId) VALUES (524, 375);
INSERT INTO InProceeding (InProceedingId, Title, Pages, Url, ProceedingId) VALUES (376, 'Performance of CDMA Cellular Networks with Base-Station Antenna Arrays.', '87-100', NULL, 15);
INSERT INTO Person (PersonId, Name) VALUES (525, 'Ayman F. Naguib');
INSERT INTO RelationPersonInProceeding (PersonId, InProceedingId) VALUES (525, 376);
INSERT INTO Person (PersonId, Name) VALUES (526, 'Arogyaswami Paulraj');
INSERT INTO RelationPersonInProceeding (PersonId, InProceedingId) VALUES (526, 376);
INSERT INTO InProceeding (InProceedingId, Title, Pages, Url, ProceedingId) VALUES (377, 'Survey of French Research and Applications Based on Petri Nets.', '321-345', NULL, 10);
INSERT INTO Person (PersonId, Name) VALUES (527, 'C. Girault');
INSERT INTO RelationPersonInProceeding (PersonId, InProceedingId) VALUES (527, 377);
INSERT INTO RelationPersonInProceeding (PersonId, InProceedingId) VALUES (290, 377);
INSERT INTO Person (PersonId, Name) VALUES (528, 'Charles Andr');
INSERT INTO RelationPersonInProceeding (PersonId, InProceedingId) VALUES (528, 377);
INSERT INTO Person (PersonId, Name) VALUES (529, 'M. Diaz');
INSERT INTO RelationPersonInProceeding (PersonId, InProceedingId) VALUES (529, 377);
INSERT INTO InProceeding (InProceedingId, Title, Pages, Url, ProceedingId) VALUES (378, 'Artificial Intelligence and Connectionism: Some Philosophical Implications.', '25-41', NULL, 13);
INSERT INTO Person (PersonId, Name) VALUES (530, 'Ivan M. Havel');
INSERT INTO RelationPersonInProceeding (PersonId, InProceedingId) VALUES (530, 378);
INSERT INTO InProceeding (InProceedingId, Title, Pages, Url, ProceedingId) VALUES (379, 'Implementing Data Parallel Programs on Commodity Clusters.', '159-178', NULL, 9);
INSERT INTO Person (PersonId, Name) VALUES (531, 'Philip J. Hatcher');
INSERT INTO RelationPersonInProceeding (PersonId, InProceedingId) VALUES (531, 379);
INSERT INTO Person (PersonId, Name) VALUES (532, 'Robert D. Russell');
INSERT INTO RelationPersonInProceeding (PersonId, InProceedingId) VALUES (532, 379);
INSERT INTO Person (PersonId, Name) VALUES (533, 'Michael J. Quinn');
INSERT INTO RelationPersonInProceeding (PersonId, InProceedingId) VALUES (533, 379);
INSERT INTO Person (PersonId, Name) VALUES (534, 'Santhosh Kumaran');
INSERT INTO RelationPersonInProceeding (PersonId, InProceedingId) VALUES (534, 379);
INSERT INTO InProceeding (InProceedingId, Title, Pages, Url, ProceedingId) VALUES (380, 'Some Extensions of Rewriting.', '54-73', NULL, 14);
INSERT INTO Person (PersonId, Name) VALUES (535, 'Hlne Kirchner');
INSERT INTO RelationPersonInProceeding (PersonId, InProceedingId) VALUES (535, 380);
INSERT INTO InProceeding (InProceedingId, Title, Pages, Url, ProceedingId) VALUES (381, '"Blob" Analysis of Biomedical Image Sequences - A Model-Based and an Inductive Approach.', '169-187', NULL, 8);
INSERT INTO Person (PersonId, Name) VALUES (536, 'Sren Molander');
INSERT INTO RelationPersonInProceeding (PersonId, InProceedingId) VALUES (536, 381);
INSERT INTO InProceeding (InProceedingId, Title, Pages, Url, ProceedingId) VALUES (382, 'Conclusion.', '539-547', NULL, NULL);
INSERT INTO RelationPersonInProceeding (PersonId, InProceedingId) VALUES (447, 382);
INSERT INTO InProceeding (InProceedingId, Title, Pages, Url, ProceedingId) VALUES (383, 'Cellular Spectrum Efficiency of a Joint Detection C/TDMA Mobile Radio System.', '184-195', NULL, 15);
INSERT INTO Person (PersonId, Name) VALUES (537, 'Markus Nahan');
INSERT INTO RelationPersonInProceeding (PersonId, InProceedingId) VALUES (537, 383);
INSERT INTO Person (PersonId, Name) VALUES (538, 'Andreas Steil');
INSERT INTO RelationPersonInProceeding (PersonId, InProceedingId) VALUES (538, 383);
INSERT INTO Person (PersonId, Name) VALUES (539, 'Anja Klein');
INSERT INTO RelationPersonInProceeding (PersonId, InProceedingId) VALUES (539, 383);
INSERT INTO Person (PersonId, Name) VALUES (540, 'Josef Blanz');
INSERT INTO RelationPersonInProceeding (PersonId, InProceedingId) VALUES (540, 383);
INSERT INTO InProceeding (InProceedingId, Title, Pages, Url, ProceedingId) VALUES (384, 'Dynamic Cell Planning for Wireless Infrared In-House Data Transmission.', '261-272', NULL, 15);
INSERT INTO Person (PersonId, Name) VALUES (541, 'Walter Hirt');
INSERT INTO RelationPersonInProceeding (PersonId, InProceedingId) VALUES (541, 384);
INSERT INTO Person (PersonId, Name) VALUES (542, 'F. R. Gfeller');
INSERT INTO RelationPersonInProceeding (PersonId, InProceedingId) VALUES (542, 384);
INSERT INTO Person (PersonId, Name) VALUES (543, 'P. Bernasconi');
INSERT INTO RelationPersonInProceeding (PersonId, InProceedingId) VALUES (543, 384);
INSERT INTO Person (PersonId, Name) VALUES (544, 'C. Elisii');
INSERT INTO RelationPersonInProceeding (PersonId, InProceedingId) VALUES (544, 384);
INSERT INTO Person (PersonId, Name) VALUES (545, 'B. Weiss');
INSERT INTO RelationPersonInProceeding (PersonId, InProceedingId) VALUES (545, 384);
INSERT INTO InProceeding (InProceedingId, Title, Pages, Url, ProceedingId) VALUES (385, 'Place/Transition Systems.', '117-141', NULL, NULL);
INSERT INTO RelationPersonInProceeding (PersonId, InProceedingId) VALUES (104, 385);
INSERT INTO InProceeding (InProceedingId, Title, Pages, Url, ProceedingId) VALUES (386, 'Embedded System Description Using Petri Nets.', '18-62', NULL, 5);
INSERT INTO RelationPersonInProceeding (PersonId, InProceedingId) VALUES (104, 386);
INSERT INTO InProceeding (InProceedingId, Title, Pages, Url, ProceedingId) VALUES (387, 'Informal Introduction to Petri Nets.', '1-11', NULL, NULL);
INSERT INTO RelationPersonInProceeding (PersonId, InProceedingId) VALUES (117, 387);
INSERT INTO RelationPersonInProceeding (PersonId, InProceedingId) VALUES (104, 387);
INSERT INTO InProceeding (InProceedingId, Title, Pages, Url, ProceedingId) VALUES (388, 'Nets as a Tool in Teaching and in Terminology Work.', '481-506', NULL, 10);
INSERT INTO Person (PersonId, Name) VALUES (546, 'Horst Oberquelle');
INSERT INTO RelationPersonInProceeding (PersonId, InProceedingId) VALUES (546, 388);
INSERT INTO InProceeding (InProceedingId, Title, Pages, Url, ProceedingId) VALUES (389, 'Human-Machine Interaction and Role/Function/Action-Nets.', '171-190', NULL, NULL);
INSERT INTO RelationPersonInProceeding (PersonId, InProceedingId) VALUES (546, 389);
INSERT INTO InProceeding (InProceedingId, Title, Pages, Url, ProceedingId) VALUES (390, 'An Automatic Knowledge Acquisition Tool.', '338-367', NULL, 13);
INSERT INTO Person (PersonId, Name) VALUES (547, 'Nicholas V. Findler');
INSERT INTO RelationPersonInProceeding (PersonId, InProceedingId) VALUES (547, 390);
INSERT INTO InProceeding (InProceedingId, Title, Pages, Url, ProceedingId) VALUES (391, 'Signing Contracts and Paying Electronically.', '134-157', NULL, NULL);
INSERT INTO Person (PersonId, Name) VALUES (548, 'Torben P. Pedersen');
INSERT INTO RelationPersonInProceeding (PersonId, InProceedingId) VALUES (548, 391);
INSERT INTO InProceeding (InProceedingId, Title, Pages, Url, ProceedingId) VALUES (392, 'Synchronic Distance.', '338-358', NULL, NULL);
INSERT INTO Person (PersonId, Name) VALUES (549, 'Ursula Goltz');
INSERT INTO RelationPersonInProceeding (PersonId, InProceedingId) VALUES (549, 392);
INSERT INTO InProceeding (InProceedingId, Title, Pages, Url, ProceedingId) VALUES (393, 'Infinite Behaiour and Fairness.', '377-396', NULL, NULL);
INSERT INTO RelationPersonInProceeding (PersonId, InProceedingId) VALUES (136, 393);
INSERT INTO InProceeding (InProceedingId, Title, Pages, Url, ProceedingId) VALUES (394, 'An Introduction to Functional Nets.', '333-377', NULL, 4);
INSERT INTO Person (PersonId, Name) VALUES (550, 'Martin Odersky');
INSERT INTO RelationPersonInProceeding (PersonId, InProceedingId) VALUES (550, 394);
INSERT INTO InProceeding (InProceedingId, Title, Pages, Url, ProceedingId) VALUES (395, 'Certain Generalizations on the Slotted Collision Channel Without Feedback.', '488-500', NULL, 15);
INSERT INTO Person (PersonId, Name) VALUES (551, 'Thomas Ketseoglou');
INSERT INTO RelationPersonInProceeding (PersonId, InProceedingId) VALUES (551, 395);
INSERT INTO InProceeding (InProceedingId, Title, Pages, Url, ProceedingId) VALUES (396, 'Petri Nets and Production Systems.', '85-124', NULL, NULL);
INSERT INTO Person (PersonId, Name) VALUES (552, 'H. Pingaud');
INSERT INTO RelationPersonInProceeding (PersonId, InProceedingId) VALUES (552, 396);
INSERT INTO RelationPersonInProceeding (PersonId, InProceedingId) VALUES (166, 396);
INSERT INTO RelationPersonInProceeding (PersonId, InProceedingId) VALUES (66, 396);
INSERT INTO RelationPersonInProceeding (PersonId, InProceedingId) VALUES (167, 396);
INSERT INTO InProceeding (InProceedingId, Title, Pages, Url, ProceedingId) VALUES (397, 'Phase-Correcting Filter for Sub-optimal Equalizers.', '208-218', NULL, 15);
INSERT INTO Person (PersonId, Name) VALUES (553, 'Jean-Claude Dany');
INSERT INTO RelationPersonInProceeding (PersonId, InProceedingId) VALUES (553, 397);
INSERT INTO Person (PersonId, Name) VALUES (554, 'Christophe Mourot');
INSERT INTO RelationPersonInProceeding (PersonId, InProceedingId) VALUES (554, 397);
INSERT INTO Person (PersonId, Name) VALUES (555, 'Armelle Wautier');
INSERT INTO RelationPersonInProceeding (PersonId, InProceedingId) VALUES (555, 397);
INSERT INTO Person (PersonId, Name) VALUES (556, 'Volker Strassen');
INSERT INTO Proceeding (ProceedingId, Title, EditorId, PublisherId, SeriesId, Year, ISBN, Url) VALUES (17, 'Komplexitt von Entscheidungsproblemen, Ein Seminar', 556, 1, 1, '1976', '3-540-07805-3', 'http://dblp.uni-trier.de/db/conf/ac/entscheid1976.html');
INSERT INTO InProceeding (InProceedingId, Title, Pages, Url, ProceedingId) VALUES (398, 'Zeitlich beschrnkte Turingmaschinen und polynomiale Reduktion.', '11-19', NULL, 17);
INSERT INTO Person (PersonId, Name) VALUES (557, 'Walter Baur');
INSERT INTO RelationPersonInProceeding (PersonId, InProceedingId) VALUES (557, 398);
INSERT INTO InProceeding (InProceedingId, Title, Pages, Url, ProceedingId) VALUES (399, 'Lngen und Formeln.', '182-217', NULL, 17);
INSERT INTO Person (PersonId, Name) VALUES (558, 'Ernst Specker');
INSERT INTO RelationPersonInProceeding (PersonId, InProceedingId) VALUES (558, 399);
INSERT INTO Person (PersonId, Name) VALUES (559, 'Georges Wick');
INSERT INTO RelationPersonInProceeding (PersonId, InProceedingId) VALUES (559, 399);
INSERT INTO InProceeding (InProceedingId, Title, Pages, Url, ProceedingId) VALUES (400, 'Probleme, die zum Erfllungsproblem der Aussagenlogik polynomial quivalent sind.', '36-48', NULL, 17);
INSERT INTO Person (PersonId, Name) VALUES (560, 'Peter Schuster');
INSERT INTO RelationPersonInProceeding (PersonId, InProceedingId) VALUES (560, 400);
INSERT INTO InProceeding (InProceedingId, Title, Pages, Url, ProceedingId) VALUES (401, 'Ein Polynomialer Algorithmus zur Bestimmung unabhngiger Reprsentantensysteme.', '72-85', NULL, 17);
INSERT INTO RelationPersonInProceeding (PersonId, InProceedingId) VALUES (558, 401);
INSERT INTO InProceeding (InProceedingId, Title, Pages, Url, ProceedingId) VALUES (402, 'Spektralproblem und Komplexittstheorie.', '102-126', NULL, 17);
INSERT INTO Person (PersonId, Name) VALUES (561, 'Claude-Andr Christen');
INSERT INTO RelationPersonInProceeding (PersonId, InProceedingId) VALUES (561, 402);
INSERT INTO InProceeding (InProceedingId, Title, Pages, Url, ProceedingId) VALUES (403, 'Untere Schranken fr die Komplexitt logischer Entscheidungsprobleme.', '127-137', NULL, 17);
INSERT INTO Person (PersonId, Name) VALUES (562, 'Joos Heintz');
INSERT INTO RelationPersonInProceeding (PersonId, InProceedingId) VALUES (562, 403);
INSERT INTO InProceeding (InProceedingId, Title, Pages, Url, ProceedingId) VALUES (404, 'Weitere zum Erfllungsproblem polynomial quivalente kombinatorische Aufgaben.', '49-71', NULL, 17);
INSERT INTO Person (PersonId, Name) VALUES (563, 'Malte Sieveking');
INSERT INTO RelationPersonInProceeding (PersonId, InProceedingId) VALUES (563, 404);
INSERT INTO Person (PersonId, Name) VALUES (564, 'Joachim von zur Gathen');
INSERT INTO RelationPersonInProceeding (PersonId, InProceedingId) VALUES (564, 404);
INSERT INTO InProceeding (InProceedingId, Title, Pages, Url, ProceedingId) VALUES (405, 'Simulation von Turingmaschinen mit logischen Netzen.', '163-181', NULL, 17);
INSERT INTO Person (PersonId, Name) VALUES (565, 'Martin Frer');
INSERT INTO RelationPersonInProceeding (PersonId, InProceedingId) VALUES (565, 405);
INSERT INTO InProceeding (InProceedingId, Title, Pages, Url, ProceedingId) VALUES (406, 'Polynomiale Transformationen und Auswahlaxiom.', '86-101', NULL, 17);
INSERT INTO RelationPersonInProceeding (PersonId, InProceedingId) VALUES (565, 406);
INSERT INTO InProceeding (InProceedingId, Title, Pages, Url, ProceedingId) VALUES (407, 'Polynomial bescrnkte nichtdeterministische Turingmaschinen und die Vollstndigkeit des aussagelogischen Erfllungsproblems.', '20-35', NULL, 17);
INSERT INTO Person (PersonId, Name) VALUES (566, 'Alex Hussler');
INSERT INTO RelationPersonInProceeding (PersonId, InProceedingId) VALUES (566, 407);
INSERT INTO InProceeding (InProceedingId, Title, Pages, Url, ProceedingId) VALUES (408, 'Ein Entscheidungsverfahren fr die Theorie der reell- abgeschlossenen Krper.', '138-162', NULL, 17);
INSERT INTO Person (PersonId, Name) VALUES (567, 'H. R. Wthrich');
INSERT INTO RelationPersonInProceeding (PersonId, InProceedingId) VALUES (567, 408);
INSERT INTO InProceeding (InProceedingId, Title, Pages, Url, ProceedingId) VALUES (409, 'Primal-Dual Schema Based Approximation Algorithms.', '198-207', NULL, 16);
INSERT INTO Person (PersonId, Name) VALUES (568, 'Vijay V. Vazirani');
INSERT INTO RelationPersonInProceeding (PersonId, InProceedingId) VALUES (568, 409);
INSERT INTO Person (PersonId, Name) VALUES (569, 'Marco Vanneschi');
INSERT INTO Proceeding (ProceedingId, Title, EditorId, PublisherId, SeriesId, Year, ISBN, Url) VALUES (18, 'Future Parallel Computers, An Advanced Course, Pisa, Italy, June 9-20, 1986, Proceedings', 569, 1, 1, '1987', '3-540-18203-9', 'http://dblp.uni-trier.de/db/conf/ac/fpc1986.html');
INSERT INTO InProceeding (InProceedingId, Title, Pages, Url, ProceedingId) VALUES (410, 'DDC Delta Driven Computer - a Parallel Machine for Symbolic Processing.', '286-298', NULL, 18);
INSERT INTO Person (PersonId, Name) VALUES (570, 'J. Rohmer');
INSERT INTO RelationPersonInProceeding (PersonId, InProceedingId) VALUES (570, 410);
INSERT INTO Person (PersonId, Name) VALUES (571, 'Rubn Gonzlez-Rubio');
INSERT INTO RelationPersonInProceeding (PersonId, InProceedingId) VALUES (571, 410);
INSERT INTO Person (PersonId, Name) VALUES (572, 'A. Bradier');
INSERT INTO RelationPersonInProceeding (PersonId, InProceedingId) VALUES (572, 410);
INSERT INTO InProceeding (InProceedingId, Title, Pages, Url, ProceedingId) VALUES (411, 'Multi-Level Simulator for VLSI.', '373-386', NULL, 18);
INSERT INTO Person (PersonId, Name) VALUES (573, 'E. Aposporidis');
INSERT INTO RelationPersonInProceeding (PersonId, InProceedingId) VALUES (573, 411);
INSERT INTO Person (PersonId, Name) VALUES (574, 'P. Mehring');
INSERT INTO RelationPersonInProceeding (PersonId, InProceedingId) VALUES (574, 411);
INSERT INTO InProceeding (InProceedingId, Title, Pages, Url, ProceedingId) VALUES (412, 'Towards a Parallel Architecture for Functional Languages.', '270-285', NULL, 18);
INSERT INTO Person (PersonId, Name) VALUES (575, 'R. J. Karia');
INSERT INTO RelationPersonInProceeding (PersonId, InProceedingId) VALUES (575, 412);
INSERT INTO InProceeding (InProceedingId, Title, Pages, Url, ProceedingId) VALUES (413, 'Parallelism Issues in Multi-Style Computers.', '1-34', NULL, 18);
INSERT INTO Person (PersonId, Name) VALUES (576, 'Fabrizio Baiardi');
INSERT INTO RelationPersonInProceeding (PersonId, InProceedingId) VALUES (576, 413);
INSERT INTO RelationPersonInProceeding (PersonId, InProceedingId) VALUES (569, 413);
INSERT INTO InProceeding (InProceedingId, Title, Pages, Url, ProceedingId) VALUES (414, 'Fault-Tolerance in Parallel Architectures.', '349-372', NULL, 18);
INSERT INTO Person (PersonId, Name) VALUES (577, 'M. G. Sami');
INSERT INTO RelationPersonInProceeding (PersonId, InProceedingId) VALUES (577, 414);
INSERT INTO Person (PersonId, Name) VALUES (578, 'N. Scarabottolo');
INSERT INTO RelationPersonInProceeding (PersonId, InProceedingId) VALUES (578, 414);
INSERT INTO InProceeding (InProceedingId, Title, Pages, Url, ProceedingId) VALUES (415, 'The Architecture of DOOM.', '227-269', NULL, 18);
INSERT INTO Person (PersonId, Name) VALUES (579, 'R. A. H. van Twist');
INSERT INTO RelationPersonInProceeding (PersonId, InProceedingId) VALUES (579, 415);
INSERT INTO Person (PersonId, Name) VALUES (580, 'Eddy Odijk');
INSERT INTO RelationPersonInProceeding (PersonId, InProceedingId) VALUES (580, 415);
INSERT INTO Person (PersonId, Name) VALUES (581, 'Wim Bronnenberg');
INSERT INTO RelationPersonInProceeding (PersonId, InProceedingId) VALUES (581, 415);
INSERT INTO Person (PersonId, Name) VALUES (582, 'M. D. Janssens');
INSERT INTO RelationPersonInProceeding (PersonId, InProceedingId) VALUES (582, 415);
INSERT INTO InProceeding (InProceedingId, Title, Pages, Url, ProceedingId) VALUES (416, 'Reduction Languages and Reduction Systems.', '153-184', NULL, 18);
INSERT INTO RelationPersonInProceeding (PersonId, InProceedingId) VALUES (194, 416);
INSERT INTO Person (PersonId, Name) VALUES (583, 'Claudia Schmittgen');
INSERT INTO RelationPersonInProceeding (PersonId, InProceedingId) VALUES (583, 416);
INSERT INTO InProceeding (InProceedingId, Title, Pages, Url, ProceedingId) VALUES (417, 'Concurrency in a Knowledge Base.', '401-415', NULL, 18);
INSERT INTO Person (PersonId, Name) VALUES (584, 'Giuseppe Attardi');
INSERT INTO RelationPersonInProceeding (PersonId, InProceedingId) VALUES (584, 417);
INSERT INTO InProceeding (InProceedingId, Title, Pages, Url, ProceedingId) VALUES (418, 'Computer Architectures for Artificial Intelligence.', '416-482', NULL, 18);
INSERT INTO Person (PersonId, Name) VALUES (585, 'Stephen C. McCabe');
INSERT INTO RelationPersonInProceeding (PersonId, InProceedingId) VALUES (585, 418);
INSERT INTO Person (PersonId, Name) VALUES (586, 'Kenneth J. Lees');
INSERT INTO RelationPersonInProceeding (PersonId, InProceedingId) VALUES (586, 418);
INSERT INTO Person (PersonId, Name) VALUES (587, 'Apostolos Nikolaos Refenes');
INSERT INTO RelationPersonInProceeding (PersonId, InProceedingId) VALUES (587, 418);
INSERT INTO Person (PersonId, Name) VALUES (588, 'Philip C. Treleaven');
INSERT INTO RelationPersonInProceeding (PersonId, InProceedingId) VALUES (588, 418);
INSERT INTO InProceeding (InProceedingId, Title, Pages, Url, ProceedingId) VALUES (419, 'Communicating Process Architecture: Transputers and Occam.', '35-81', NULL, 18);
INSERT INTO Person (PersonId, Name) VALUES (589, 'David May');
INSERT INTO RelationPersonInProceeding (PersonId, InProceedingId) VALUES (589, 419);
INSERT INTO Person (PersonId, Name) VALUES (590, 'Catherine Keane');
INSERT INTO RelationPersonInProceeding (PersonId, InProceedingId) VALUES (590, 419);
INSERT INTO Person (PersonId, Name) VALUES (591, 'Roger Shepherd');
INSERT INTO RelationPersonInProceeding (PersonId, InProceedingId) VALUES (591, 419);
INSERT INTO InProceeding (InProceedingId, Title, Pages, Url, ProceedingId) VALUES (420, 'Parallel Inference Machines.', '185-226', NULL, 18);
INSERT INTO Person (PersonId, Name) VALUES (592, 'P. Hintenaus');
INSERT INTO RelationPersonInProceeding (PersonId, InProceedingId) VALUES (592, 420);
INSERT INTO Person (PersonId, Name) VALUES (593, 'Johann Schumann');
INSERT INTO RelationPersonInProceeding (PersonId, InProceedingId) VALUES (593, 420);
INSERT INTO Person (PersonId, Name) VALUES (594, 'Franz Kurfess');
INSERT INTO RelationPersonInProceeding (PersonId, InProceedingId) VALUES (594, 420);
INSERT INTO RelationPersonInProceeding (PersonId, InProceedingId) VALUES (87, 420);
INSERT INTO Person (PersonId, Name) VALUES (595, 'K. Aspetsberger');
INSERT INTO RelationPersonInProceeding (PersonId, InProceedingId) VALUES (595, 420);
INSERT INTO InProceeding (InProceedingId, Title, Pages, Url, ProceedingId) VALUES (421, 'Fine-Grain Parallel Computing: The Dataflow Approach.', '82-152', NULL, 18);
INSERT INTO Person (PersonId, Name) VALUES (596, 'A. P. Wim Bhm');
INSERT INTO RelationPersonInProceeding (PersonId, InProceedingId) VALUES (596, 421);
INSERT INTO Person (PersonId, Name) VALUES (597, 'John R. Gurd');
INSERT INTO RelationPersonInProceeding (PersonId, InProceedingId) VALUES (597, 421);
INSERT INTO Person (PersonId, Name) VALUES (598, 'P. M. C. C. Barahona');
INSERT INTO RelationPersonInProceeding (PersonId, InProceedingId) VALUES (598, 421);
INSERT INTO Person (PersonId, Name) VALUES (599, 'John Sargeant');
INSERT INTO RelationPersonInProceeding (PersonId, InProceedingId) VALUES (599, 421);
INSERT INTO Person (PersonId, Name) VALUES (600, 'Chris C. Kirkham');
INSERT INTO RelationPersonInProceeding (PersonId, InProceedingId) VALUES (600, 421);
INSERT INTO Person (PersonId, Name) VALUES (601, 'A. J. Parker');
INSERT INTO RelationPersonInProceeding (PersonId, InProceedingId) VALUES (601, 421);
INSERT INTO InProceeding (InProceedingId, Title, Pages, Url, ProceedingId) VALUES (422, 'Interconnection Networks for Massively Parallel Computer Systems.', '321-348', NULL, 18);
INSERT INTO Person (PersonId, Name) VALUES (602, 'Wolfgang K. Giloi');
INSERT INTO RelationPersonInProceeding (PersonId, InProceedingId) VALUES (602, 422);
INSERT INTO InProceeding (InProceedingId, Title, Pages, Url, ProceedingId) VALUES (423, 'Towards a High Performance Parallel Inference Machine - The Intermediate Stage Plan of PIM.', '299-320', NULL, 18);
INSERT INTO Person (PersonId, Name) VALUES (603, 'Atsuhiro Goto');
INSERT INTO RelationPersonInProceeding (PersonId, InProceedingId) VALUES (603, 423);
INSERT INTO Person (PersonId, Name) VALUES (604, 'Shunichi Uchida');
INSERT INTO RelationPersonInProceeding (PersonId, InProceedingId) VALUES (604, 423);
INSERT INTO InProceeding (InProceedingId, Title, Pages, Url, ProceedingId) VALUES (424, 'An Introduction to Systolic Architectures.', '387-400', NULL, 18);
INSERT INTO Person (PersonId, Name) VALUES (605, 'Patrice Quinton');
INSERT INTO RelationPersonInProceeding (PersonId, InProceedingId) VALUES (605, 424);
INSERT INTO InProceeding (InProceedingId, Title, Pages, Url, ProceedingId) VALUES (425, 'Simulation of GSM Data Channels in a Safety Critical Railway Environment.', '334-343', NULL, 15);
INSERT INTO Person (PersonId, Name) VALUES (606, 'Gero Blanke');
INSERT INTO RelationPersonInProceeding (PersonId, InProceedingId) VALUES (606, 425);
INSERT INTO Person (PersonId, Name) VALUES (607, 'Helmut Alt');
INSERT INTO Proceeding (ProceedingId, Title, EditorId, PublisherId, SeriesId, Year, ISBN, Url) VALUES (19, 'Computational Discrete Mathematics, Advanced Lectures', 607, 1, 1, '2001', '3-540-42775-9', 'http://dblp.uni-trier.de/db/conf/ac/cdm2001.html');
INSERT INTO InProceeding (InProceedingId, Title, Pages, Url, ProceedingId) VALUES (426, 'Check Character Systems and Anti-symmetric Mappings.', '136-147', NULL, 19);
INSERT INTO Person (PersonId, Name) VALUES (608, 'Ralph-Hardo Schulz');
INSERT INTO RelationPersonInProceeding (PersonId, InProceedingId) VALUES (608, 426);
INSERT INTO InProceeding (InProceedingId, Title, Pages, Url, ProceedingId) VALUES (427, 'Lattice Paths and Determinants.', '1-12', NULL, 19);
INSERT INTO Person (PersonId, Name) VALUES (609, 'Martin Aigner');
INSERT INTO RelationPersonInProceeding (PersonId, InProceedingId) VALUES (609, 427);
INSERT INTO InProceeding (InProceedingId, Title, Pages, Url, ProceedingId) VALUES (428, 'The Nearest Neighbor.', '13-24', NULL, 19);
INSERT INTO RelationPersonInProceeding (PersonId, InProceedingId) VALUES (607, 428);
INSERT INTO InProceeding (InProceedingId, Title, Pages, Url, ProceedingId) VALUES (429, 'Degree Bounds for Long Paths and Cycles in k-Connected Graphs.', '56-60', NULL, 19);
INSERT INTO Person (PersonId, Name) VALUES (610, 'Heinz Adolf Jung');
INSERT INTO RelationPersonInProceeding (PersonId, InProceedingId) VALUES (610, 429);
INSERT INTO InProceeding (InProceedingId, Title, Pages, Url, ProceedingId) VALUES (430, 'Coloring Hamming Graphs, Optimal Binary Codes, and the 0/1-Borsuk Problem in Low Dimensions.', '159-172', NULL, 19);
INSERT INTO Person (PersonId, Name) VALUES (611, 'Gnter M. Ziegler');
INSERT INTO RelationPersonInProceeding (PersonId, InProceedingId) VALUES (611, 430);
INSERT INTO InProceeding (InProceedingId, Title, Pages, Url, ProceedingId) VALUES (431, 'Division-Free Algorithms for the Determinant and the Pfaffian: Algebraic and Combinatorial Approaches.', '119-135', NULL, 19);
INSERT INTO Person (PersonId, Name) VALUES (612, 'Gnter Rote');
INSERT INTO RelationPersonInProceeding (PersonId, InProceedingId) VALUES (612, 431);
INSERT INTO InProceeding (InProceedingId, Title, Pages, Url, ProceedingId) VALUES (432, 'Random Graphs, Random Triangle-Free Graphs, and Random Partial Orders.', '98-118', NULL, 19);
INSERT INTO Person (PersonId, Name) VALUES (613, 'Hans Jrgen Prmel');
INSERT INTO RelationPersonInProceeding (PersonId, InProceedingId) VALUES (613, 432);
INSERT INTO Person (PersonId, Name) VALUES (614, 'Anusch Taraz');
INSERT INTO RelationPersonInProceeding (PersonId, InProceedingId) VALUES (614, 432);
INSERT INTO InProceeding (InProceedingId, Title, Pages, Url, ProceedingId) VALUES (433, 'Codes over Z4.', '47-55', NULL, 19);
INSERT INTO Person (PersonId, Name) VALUES (615, 'Tor Helleseth');
INSERT INTO RelationPersonInProceeding (PersonId, InProceedingId) VALUES (615, 433);
INSERT INTO InProceeding (InProceedingId, Title, Pages, Url, ProceedingId) VALUES (434, 'Algorithms in Pure Mathematics.', '148-158', NULL, 19);
INSERT INTO Person (PersonId, Name) VALUES (616, 'Gernot Stroth');
INSERT INTO RelationPersonInProceeding (PersonId, InProceedingId) VALUES (616, 434);
INSERT INTO InProceeding (InProceedingId, Title, Pages, Url, ProceedingId) VALUES (435, 'Scheduling under Uncertainty: Bounding the Makespan Distribution.', '79-97', NULL, 19);
INSERT INTO Person (PersonId, Name) VALUES (617, 'Rolf H. Mhring');
INSERT INTO RelationPersonInProceeding (PersonId, InProceedingId) VALUES (617, 435);
INSERT INTO InProceeding (InProceedingId, Title, Pages, Url, ProceedingId) VALUES (436, 'Data Structures for Boolean Functions.', '61-78', NULL, 19);
INSERT INTO Person (PersonId, Name) VALUES (618, 'Christian Stangier');
INSERT INTO RelationPersonInProceeding (PersonId, InProceedingId) VALUES (618, 436);
INSERT INTO Person (PersonId, Name) VALUES (619, 'Christoph Meinel');
INSERT INTO RelationPersonInProceeding (PersonId, InProceedingId) VALUES (619, 436);
INSERT INTO InProceeding (InProceedingId, Title, Pages, Url, ProceedingId) VALUES (437, 'Explicit and Implicit Enforcing - Randomized Optimization.', '25-46', NULL, 19);
INSERT INTO Person (PersonId, Name) VALUES (620, 'Bernd Grtner');
INSERT INTO RelationPersonInProceeding (PersonId, InProceedingId) VALUES (620, 437);
INSERT INTO Person (PersonId, Name) VALUES (621, 'Emo Welzl');
INSERT INTO RelationPersonInProceeding (PersonId, InProceedingId) VALUES (621, 437);
INSERT INTO InProceeding (InProceedingId, Title, Pages, Url, ProceedingId) VALUES (438, 'Programming Partition-Aware Network Applications.', '182-212', NULL, NULL);
INSERT INTO Person (PersonId, Name) VALUES (622, 'Alberto Bartoli');
INSERT INTO RelationPersonInProceeding (PersonId, InProceedingId) VALUES (622, 438);
INSERT INTO Person (PersonId, Name) VALUES (623, 'zalp Babaoglu');
INSERT INTO RelationPersonInProceeding (PersonId, InProceedingId) VALUES (623, 438);
INSERT INTO Person (PersonId, Name) VALUES (624, 'Gianluca Dini');
INSERT INTO RelationPersonInProceeding (PersonId, InProceedingId) VALUES (624, 438);
INSERT INTO InProceeding (InProceedingId, Title, Pages, Url, ProceedingId) VALUES (439, 'Group Communication in Partitionable Distributed Systems.', '48-78', NULL, NULL);
INSERT INTO Person (PersonId, Name) VALUES (625, 'Renzo Davoli');
INSERT INTO RelationPersonInProceeding (PersonId, InProceedingId) VALUES (625, 439);
INSERT INTO RelationPersonInProceeding (PersonId, InProceedingId) VALUES (623, 439);
INSERT INTO Person (PersonId, Name) VALUES (626, 'Alberto Montresor');
INSERT INTO RelationPersonInProceeding (PersonId, InProceedingId) VALUES (626, 439);
INSERT INTO InProceeding (InProceedingId, Title, Pages, Url, ProceedingId) VALUES (440, 'Smart Card Security.', '332-337', NULL, NULL);
INSERT INTO Person (PersonId, Name) VALUES (627, 'Ernst Bovelander');
INSERT INTO RelationPersonInProceeding (PersonId, InProceedingId) VALUES (627, 440);
INSERT INTO InProceeding (InProceedingId, Title, Pages, Url, ProceedingId) VALUES (441, 'Acquisition-Environment.', '45-130', NULL, NULL);
INSERT INTO RelationPersonInProceeding (PersonId, InProceedingId) VALUES (447, 441);
INSERT INTO InProceeding (InProceedingId, Title, Pages, Url, ProceedingId) VALUES (442, 'Protocol Specification Using P-Graphs, a Technique Based on Coloured Petri Nets.', '293-330', NULL, NULL);
INSERT INTO Person (PersonId, Name) VALUES (628, 'Jonathan Billington');
INSERT INTO RelationPersonInProceeding (PersonId, InProceedingId) VALUES (628, 442);
INSERT INTO InProceeding (InProceedingId, Title, Pages, Url, ProceedingId) VALUES (443, 'Elements of General Net Theory.', '21-163', NULL, 10);
INSERT INTO RelationPersonInProceeding (PersonId, InProceedingId) VALUES (58, 443);
INSERT INTO RelationPersonInProceeding (PersonId, InProceedingId) VALUES (145, 443);
INSERT INTO RelationPersonInProceeding (PersonId, InProceedingId) VALUES (284, 443);
INSERT INTO Person (PersonId, Name) VALUES (629, 'Dominique Snyers');
INSERT INTO Proceeding (ProceedingId, Title, EditorId, PublisherId, SeriesId, Year, ISBN, Url) VALUES (20, 'Artificial Evolution, European Conference, AE 95, Brest, France, September 4-6, 1995, Selected Papers', 629, 1, 1, '1996', '3-540-61108-8', 'http://dblp.uni-trier.de/db/conf/ae/ae1995.html');
INSERT INTO InProceeding (InProceedingId, Title, Pages, Url, ProceedingId) VALUES (444, 'Evolution Strategies: An Alternative Evolutionary Algorithm.', '3-20', NULL, 20);
INSERT INTO Person (PersonId, Name) VALUES (630, 'Thomas Bck');
INSERT INTO RelationPersonInProceeding (PersonId, InProceedingId) VALUES (630, 444);
INSERT INTO Proceeding (ProceedingId, Title, EditorId, PublisherId, SeriesId, Year, ISBN, Url) VALUES (21, 'Artificial Evolution, Third European Conference, AE$197, Nmes, France, 22-24 October 1997, Selected Papers', 629, 1, 1, '1998', '3-540-64169-6', 'http://dblp.uni-trier.de/db/conf/ae/ae1997.html');
INSERT INTO Person (PersonId, Name) VALUES (631, 'Marc Schoenauer');
INSERT INTO Proceeding (ProceedingId, Title, EditorId, PublisherId, SeriesId, Year, ISBN, Url) VALUES (22, 'Artificial Evolution, 4th European Conference, AE$199, Dunkerque, France, November 3-5, 1999, Selected Papers', 631, 1, 1, '2000', '3-540-67846-8', 'http://dblp.uni-trier.de/db/conf/ae/ae1999.html');
INSERT INTO Proceeding (ProceedingId, Title, EditorId, PublisherId, SeriesId, Year, ISBN, Url) VALUES (23, 'Artificial Evolution, 5th International Conference, Evolution Artificielle, EA 2001, Le Creusot, France, October 29-31, 2001, Selected Papers', 631, 1, 1, '2002', '3-540-43544-1', 'http://dblp.uni-trier.de/db/conf/ae/ae2001.html');
INSERT INTO InProceeding (InProceedingId, Title, Pages, Url, ProceedingId) VALUES (445, 'Modular Genetic Neural Networks for Six-Legged Locomotion.', '201-219', NULL, 20);
INSERT INTO Person (PersonId, Name) VALUES (632, 'Frdric Gruau');
INSERT INTO RelationPersonInProceeding (PersonId, InProceedingId) VALUES (632, 445);
INSERT INTO InProceeding (InProceedingId, Title, Pages, Url, ProceedingId) VALUES (446, 'Evolving Turing Machines from Examples.', '167-182', NULL, 21);
INSERT INTO Person (PersonId, Name) VALUES (633, 'Julio Tanomaru');
INSERT INTO RelationPersonInProceeding (PersonId, InProceedingId) VALUES (633, 446);
INSERT INTO InProceeding (InProceedingId, Title, Pages, Url, ProceedingId) VALUES (447, 'Coevolution and Evolving Parallel Cellular Automata - Based Scheduling Algorithms.', '362-374', NULL, 23);
INSERT INTO Person (PersonId, Name) VALUES (634, 'Franciszek Seredynski');
INSERT INTO RelationPersonInProceeding (PersonId, InProceedingId) VALUES (634, 447);
INSERT INTO Person (PersonId, Name) VALUES (635, 'Albert Y. Zomaya');
INSERT INTO RelationPersonInProceeding (PersonId, InProceedingId) VALUES (635, 447);
INSERT INTO InProceeding (InProceedingId, Title, Pages, Url, ProceedingId) VALUES (448, 'An Asymptotic Theory of Genetic Algorithms.', '37-53', NULL, 20);
INSERT INTO Person (PersonId, Name) VALUES (636, 'Raphal Cerf');
INSERT INTO RelationPersonInProceeding (PersonId, InProceedingId) VALUES (636, 448);
INSERT INTO InProceeding (InProceedingId, Title, Pages, Url, ProceedingId) VALUES (449, 'Million Module Neural Systems Evolution - The Next Step in ATR$1s Billion Neuron Artificial Brain (``CAM-Brain$1$1) Project.', '335-347', NULL, 21);
INSERT INTO Person (PersonId, Name) VALUES (637, 'Zhengjun Pan');
INSERT INTO RelationPersonInProceeding (PersonId, InProceedingId) VALUES (637, 449);
INSERT INTO Person (PersonId, Name) VALUES (638, 'Lishan Kang');
INSERT INTO RelationPersonInProceeding (PersonId, InProceedingId) VALUES (638, 449);
INSERT INTO Person (PersonId, Name) VALUES (639, 'Edmund M. A. Ronald');
INSERT INTO RelationPersonInProceeding (PersonId, InProceedingId) VALUES (639, 449);
INSERT INTO Person (PersonId, Name) VALUES (640, 'Masahiro Ootani');
INSERT INTO RelationPersonInProceeding (PersonId, InProceedingId) VALUES (640, 449);
INSERT INTO Person (PersonId, Name) VALUES (641, 'Hugo de Garis');
INSERT INTO RelationPersonInProceeding (PersonId, InProceedingId) VALUES (641, 449);
INSERT INTO Person (PersonId, Name) VALUES (642, 'Qiming He');
INSERT INTO RelationPersonInProceeding (PersonId, InProceedingId) VALUES (642, 449);
INSERT INTO InProceeding (InProceedingId, Title, Pages, Url, ProceedingId) VALUES (450, 'On the Effectivity of Evolutionary Algorithms for the Multidimensional Knapsack Problem.', '23-37', NULL, 22);
INSERT INTO Person (PersonId, Name) VALUES (643, 'Jens Gottlieb');
INSERT INTO RelationPersonInProceeding (PersonId, InProceedingId) VALUES (643, 450);
INSERT INTO InProceeding (InProceedingId, Title, Pages, Url, ProceedingId) VALUES (451, 'Towards a Genetic Theory of Easy and Hard Functions.', '54-66', NULL, 20);
INSERT INTO Person (PersonId, Name) VALUES (644, 'Gilles Venturini');
INSERT INTO RelationPersonInProceeding (PersonId, InProceedingId) VALUES (644, 451);
INSERT INTO InProceeding (InProceedingId, Title, Pages, Url, ProceedingId) VALUES (452, 'How Long Does It Take to Evolve a Neural Net?', '232-244', NULL, 20);
INSERT INTO RelationPersonInProceeding (PersonId, InProceedingId) VALUES (639, 452);
INSERT INTO RelationPersonInProceeding (PersonId, InProceedingId) VALUES (631, 452);
INSERT INTO InProceeding (InProceedingId, Title, Pages, Url, ProceedingId) VALUES (453, 'New Multicriteria Optimization Method Based on the Use of a Diploid Genetic Algorithm: Example of an Industrial Problem.', '120-127', NULL, 20);
INSERT INTO Person (PersonId, Name) VALUES (645, 'Ivan Marc');
INSERT INTO RelationPersonInProceeding (PersonId, InProceedingId) VALUES (645, 453);
INSERT INTO Person (PersonId, Name) VALUES (646, 'Christian Fonteix');
INSERT INTO RelationPersonInProceeding (PersonId, InProceedingId) VALUES (646, 453);
INSERT INTO Person (PersonId, Name) VALUES (647, 'Rmy Viennet');
INSERT INTO RelationPersonInProceeding (PersonId, InProceedingId) VALUES (647, 453);
INSERT INTO InProceeding (InProceedingId, Title, Pages, Url, ProceedingId) VALUES (454, 'Study of Genetic Search for the Frequency Assignment Problem.', '333-344', NULL, 20);
INSERT INTO Person (PersonId, Name) VALUES (648, 'Jin-Kao Hao');
INSERT INTO RelationPersonInProceeding (PersonId, InProceedingId) VALUES (648, 454);
INSERT INTO Person (PersonId, Name) VALUES (649, 'Raphal Dorne');
INSERT INTO RelationPersonInProceeding (PersonId, InProceedingId) VALUES (649, 454);
INSERT INTO InProceeding (InProceedingId, Title, Pages, Url, ProceedingId) VALUES (455, 'Mixed IFS: Resolution of the Inverse Problem Using Genetic Programming.', '247-258', NULL, 20);
INSERT INTO Person (PersonId, Name) VALUES (650, 'Guillaume Cretin');
INSERT INTO RelationPersonInProceeding (PersonId, InProceedingId) VALUES (650, 455);
INSERT INTO Person (PersonId, Name) VALUES (651, 'Evelyne Lutton');
INSERT INTO RelationPersonInProceeding (PersonId, InProceedingId) VALUES (651, 455);
INSERT INTO Person (PersonId, Name) VALUES (652, 'Jacques Levy-Vehel');
INSERT INTO RelationPersonInProceeding (PersonId, InProceedingId) VALUES (652, 455);
INSERT INTO Person (PersonId, Name) VALUES (653, 'Cdric Roll');
INSERT INTO RelationPersonInProceeding (PersonId, InProceedingId) VALUES (653, 455);
INSERT INTO Person (PersonId, Name) VALUES (654, 'Philippe Glevarec');
INSERT INTO RelationPersonInProceeding (PersonId, InProceedingId) VALUES (654, 455);
INSERT INTO InProceeding (InProceedingId, Title, Pages, Url, ProceedingId) VALUES (456, 'A New Genetic Algorithm for the Optimal Communication Spanning Tree Problem.', '162-173', NULL, 22);
INSERT INTO Person (PersonId, Name) VALUES (655, 'Youcef Bouchebaba');
INSERT INTO RelationPersonInProceeding (PersonId, InProceedingId) VALUES (655, 456);
INSERT INTO Person (PersonId, Name) VALUES (656, 'Yu Li');
INSERT INTO RelationPersonInProceeding (PersonId, InProceedingId) VALUES (656, 456);
INSERT INTO InProceeding (InProceedingId, Title, Pages, Url, ProceedingId) VALUES (457, 'An Analysis of Punctuated Equilibria in Simple Genetic Algorithms.', '195-206', NULL, 21);
INSERT INTO Person (PersonId, Name) VALUES (657, 'Sangyeop Oh');
INSERT INTO RelationPersonInProceeding (PersonId, InProceedingId) VALUES (657, 457);
INSERT INTO Person (PersonId, Name) VALUES (658, 'Hyunsoo Yoon');
INSERT INTO RelationPersonInProceeding (PersonId, InProceedingId) VALUES (658, 457);
INSERT INTO InProceeding (InProceedingId, Title, Pages, Url, ProceedingId) VALUES (458, 'Extending Selection Learning toward Fixed-Length d-Ary Strings.', '54-64', NULL, 23);
INSERT INTO Person (PersonId, Name) VALUES (659, 'Arnaud Berny');
INSERT INTO RelationPersonInProceeding (PersonId, InProceedingId) VALUES (659, 458);
INSERT INTO InProceeding (InProceedingId, Title, Pages, Url, ProceedingId) VALUES (459, 'Lamarckian vs Darwinian Evolution for the Adaptation to Acoustical Environment Change.', '136-144', NULL, 22);
INSERT INTO Person (PersonId, Name) VALUES (660, 'Anne Spalanzani');
INSERT INTO RelationPersonInProceeding (PersonId, InProceedingId) VALUES (660, 459);
INSERT INTO InProceeding (InProceedingId, Title, Pages, Url, ProceedingId) VALUES (460, 'Evolving Cooperative Ecosystems: A Multi-agent Simulation of Deforestation Activities.', '323-337', NULL, 23);
INSERT INTO Person (PersonId, Name) VALUES (661, 'Amit Kaldate');
INSERT INTO RelationPersonInProceeding (PersonId, InProceedingId) VALUES (661, 460);
INSERT INTO Person (PersonId, Name) VALUES (662, 'Ravi Srivastava');
INSERT INTO RelationPersonInProceeding (PersonId, InProceedingId) VALUES (662, 460);
INSERT INTO InProceeding (InProceedingId, Title, Pages, Url, ProceedingId) VALUES (461, 'Genetic Algorithms at the Edge of a Dream.', '69-80', NULL, 21);
INSERT INTO Person (PersonId, Name) VALUES (663, 'Philippe Collard');
INSERT INTO RelationPersonInProceeding (PersonId, InProceedingId) VALUES (663, 461);
INSERT INTO Person (PersonId, Name) VALUES (664, 'Cathy Escazut');
INSERT INTO RelationPersonInProceeding (PersonId, InProceedingId) VALUES (664, 461);
INSERT INTO InProceeding (InProceedingId, Title, Pages, Url, ProceedingId) VALUES (462, 'An Artificial Life Approach for the Synthesis of Autonomous Agents.', '220-231', NULL, 20);
INSERT INTO Person (PersonId, Name) VALUES (665, 'Olivier Michel');
INSERT INTO RelationPersonInProceeding (PersonId, InProceedingId) VALUES (665, 462);
INSERT INTO InProceeding (InProceedingId, Title, Pages, Url, ProceedingId) VALUES (463, 'Evolutionary Case-Based Design.', '53-72', NULL, 22);
INSERT INTO Person (PersonId, Name) VALUES (666, 'Mike Rosenman');
INSERT INTO RelationPersonInProceeding (PersonId, InProceedingId) VALUES (666, 463);
INSERT INTO InProceeding (InProceedingId, Title, Pages, Url, ProceedingId) VALUES (464, 'A Template for Scatter Search and Path Relinking.', '3-54', NULL, 21);
INSERT INTO Person (PersonId, Name) VALUES (667, 'Fred Glover');
INSERT INTO RelationPersonInProceeding (PersonId, InProceedingId) VALUES (667, 464);
INSERT INTO InProceeding (InProceedingId, Title, Pages, Url, ProceedingId) VALUES (465, 'Cooperative Coevolution for Learning Fuzzy Rule-Based Systems.', '311-322', NULL, 23);
INSERT INTO Person (PersonId, Name) VALUES (668, 'Oscar Cordn');
INSERT INTO RelationPersonInProceeding (PersonId, InProceedingId) VALUES (668, 465);
INSERT INTO Person (PersonId, Name) VALUES (669, 'Juan J. Merelo Guervs');
INSERT INTO RelationPersonInProceeding (PersonId, InProceedingId) VALUES (669, 465);
INSERT INTO Person (PersonId, Name) VALUES (670, 'Jorge Casillas');
INSERT INTO RelationPersonInProceeding (PersonId, InProceedingId) VALUES (670, 465);
INSERT INTO Person (PersonId, Name) VALUES (671, 'Francisco Herrera');
INSERT INTO RelationPersonInProceeding (PersonId, InProceedingId) VALUES (671, 465);
INSERT INTO InProceeding (InProceedingId, Title, Pages, Url, ProceedingId) VALUES (466, 'Inverse Problems for Finite Automata: A Solution Based on Genetic Algorithms.', '157-166', NULL, 21);
INSERT INTO Person (PersonId, Name) VALUES (672, 'Benoit Leblanc');
INSERT INTO RelationPersonInProceeding (PersonId, InProceedingId) VALUES (672, 466);
INSERT INTO Person (PersonId, Name) VALUES (673, 'Jean-Paul Allouche');
INSERT INTO RelationPersonInProceeding (PersonId, InProceedingId) VALUES (673, 466);
INSERT INTO RelationPersonInProceeding (PersonId, InProceedingId) VALUES (651, 466);
INSERT INTO InProceeding (InProceedingId, Title, Pages, Url, ProceedingId) VALUES (467, 'CoDi-1Bit: A Simplified Cellular Automata Based Neuron Model.', '315-334', NULL, 21);
INSERT INTO Person (PersonId, Name) VALUES (674, 'Felix Gers');
INSERT INTO RelationPersonInProceeding (PersonId, InProceedingId) VALUES (674, 467);
INSERT INTO Person (PersonId, Name) VALUES (675, 'Michael Korkin');
INSERT INTO RelationPersonInProceeding (PersonId, InProceedingId) VALUES (675, 467);
INSERT INTO RelationPersonInProceeding (PersonId, InProceedingId) VALUES (641, 467);
INSERT INTO InProceeding (InProceedingId, Title, Pages, Url, ProceedingId) VALUES (468, 'The Frequency Assignment Problem: A Look at the Performance of Evolutionary Search.', '263-274', NULL, 21);
INSERT INTO Person (PersonId, Name) VALUES (676, 'Heinz Mhlenbein');
INSERT INTO RelationPersonInProceeding (PersonId, InProceedingId) VALUES (676, 468);
INSERT INTO Person (PersonId, Name) VALUES (677, 'Christine Crisan');
INSERT INTO RelationPersonInProceeding (PersonId, InProceedingId) VALUES (677, 468);
INSERT INTO InProceeding (InProceedingId, Title, Pages, Url, ProceedingId) VALUES (469, 'Optimizing Hidden Markov Models with a Genetic Algorithm.', '384-396', NULL, 20);
INSERT INTO RelationPersonInProceeding (PersonId, InProceedingId) VALUES (644, 469);
INSERT INTO Person (PersonId, Name) VALUES (678, 'M. Slimane');
INSERT INTO RelationPersonInProceeding (PersonId, InProceedingId) VALUES (678, 469);
INSERT INTO Person (PersonId, Name) VALUES (679, 'T. Brouard');
INSERT INTO RelationPersonInProceeding (PersonId, InProceedingId) VALUES (679, 469);
INSERT INTO Person (PersonId, Name) VALUES (680, 'Jean Pierre Asselin de Beauville');
INSERT INTO RelationPersonInProceeding (PersonId, InProceedingId) VALUES (680, 469);
INSERT INTO Person (PersonId, Name) VALUES (681, 'A. Brandeau');
INSERT INTO RelationPersonInProceeding (PersonId, InProceedingId) VALUES (681, 469);
INSERT INTO InProceeding (InProceedingId, Title, Pages, Url, ProceedingId) VALUES (470, 'The Artificial Evolution of Cooperation.', '159-180', NULL, 20);
INSERT INTO Person (PersonId, Name) VALUES (682, 'Claude Lattaud');
INSERT INTO RelationPersonInProceeding (PersonId, InProceedingId) VALUES (682, 470);
INSERT INTO Person (PersonId, Name) VALUES (683, 'Nicolas Meuleau');
INSERT INTO RelationPersonInProceeding (PersonId, InProceedingId) VALUES (683, 470);
INSERT INTO InProceeding (InProceedingId, Title, Pages, Url, ProceedingId) VALUES (471, 'Evolution Strategy in Portfolio Optimization.', '156-167', NULL, 23);
INSERT INTO Person (PersonId, Name) VALUES (684, 'Piotr Lipinski');
INSERT INTO RelationPersonInProceeding (PersonId, InProceedingId) VALUES (684, 471);
INSERT INTO Person (PersonId, Name) VALUES (685, 'Patrick Roger');
INSERT INTO RelationPersonInProceeding (PersonId, InProceedingId) VALUES (685, 471);
INSERT INTO Person (PersonId, Name) VALUES (686, 'Jerzy J. Korczak');
INSERT INTO RelationPersonInProceeding (PersonId, InProceedingId) VALUES (686, 471);
INSERT INTO InProceeding (InProceedingId, Title, Pages, Url, ProceedingId) VALUES (472, 'Dual Evolutionary Optimization.', '281-294', NULL, 23);
INSERT INTO Person (PersonId, Name) VALUES (687, 'Rodolphe Le Riche');
INSERT INTO RelationPersonInProceeding (PersonId, InProceedingId) VALUES (687, 472);
INSERT INTO Person (PersonId, Name) VALUES (688, 'Frdric Guyon');
INSERT INTO RelationPersonInProceeding (PersonId, InProceedingId) VALUES (688, 472);
INSERT INTO InProceeding (InProceedingId, Title, Pages, Url, ProceedingId) VALUES (473, 'Scatter Search for Graph Coloring.', '168-179', NULL, 23);
INSERT INTO RelationPersonInProceeding (PersonId, InProceedingId) VALUES (648, 473);
INSERT INTO Person (PersonId, Name) VALUES (689, 'Jean-Philippe Hamiez');
INSERT INTO RelationPersonInProceeding (PersonId, InProceedingId) VALUES (689, 473);
INSERT INTO InProceeding (InProceedingId, Title, Pages, Url, ProceedingId) VALUES (474, 'Evolving Objects: A General Purpose Evolutionary Computation Library.', '231-244', NULL, 23);
INSERT INTO Person (PersonId, Name) VALUES (690, 'Maarten Keijzer');
INSERT INTO RelationPersonInProceeding (PersonId, InProceedingId) VALUES (690, 474);
INSERT INTO RelationPersonInProceeding (PersonId, InProceedingId) VALUES (631, 474);
INSERT INTO RelationPersonInProceeding (PersonId, InProceedingId) VALUES (669, 474);
INSERT INTO Person (PersonId, Name) VALUES (691, 'Gustavo Romero');
INSERT INTO RelationPersonInProceeding (PersonId, InProceedingId) VALUES (691, 474);
INSERT INTO InProceeding (InProceedingId, Title, Pages, Url, ProceedingId) VALUES (475, 'Avoiding the Bloat with Stochastic Grammar-Based Genetic Programming.', '255-266', NULL, 23);
INSERT INTO Person (PersonId, Name) VALUES (692, 'Alain Ratle');
INSERT INTO RelationPersonInProceeding (PersonId, InProceedingId) VALUES (692, 475);
INSERT INTO Person (PersonId, Name) VALUES (693, 'Michle Sebag');
INSERT INTO RelationPersonInProceeding (PersonId, InProceedingId) VALUES (693, 475);
INSERT INTO InProceeding (InProceedingId, Title, Pages, Url, ProceedingId) VALUES (476, 'Air Traffic Conflict Resolution by Genetic Algorithms.', '370-383', NULL, 20);
INSERT INTO Person (PersonId, Name) VALUES (694, 'Frdric Mdioni');
INSERT INTO RelationPersonInProceeding (PersonId, InProceedingId) VALUES (694, 476);
INSERT INTO Person (PersonId, Name) VALUES (695, 'Jean-Marc Alliot');
INSERT INTO RelationPersonInProceeding (PersonId, InProceedingId) VALUES (695, 476);
INSERT INTO Person (PersonId, Name) VALUES (696, 'Nicolas Durand');
INSERT INTO RelationPersonInProceeding (PersonId, InProceedingId) VALUES (696, 476);
INSERT INTO InProceeding (InProceedingId, Title, Pages, Url, ProceedingId) VALUES (477, 'Wings Were Not Designed to Let Animals Fly.', '237-250', NULL, 21);
INSERT INTO Person (PersonId, Name) VALUES (697, 'Olivier Lebeltel');
INSERT INTO RelationPersonInProceeding (PersonId, InProceedingId) VALUES (697, 477);
INSERT INTO Person (PersonId, Name) VALUES (698, 'Pierre Bessire');
INSERT INTO RelationPersonInProceeding (PersonId, InProceedingId) VALUES (698, 477);
INSERT INTO Person (PersonId, Name) VALUES (699, 'Eric Dedieu');
INSERT INTO RelationPersonInProceeding (PersonId, InProceedingId) VALUES (699, 477);
INSERT INTO InProceeding (InProceedingId, Title, Pages, Url, ProceedingId) VALUES (478, 'An Agent System for Learning Profiles in Broadcasting Applications on the Internet.', '109-122', NULL, 21);
INSERT INTO Person (PersonId, Name) VALUES (700, 'Jean-Claude Heudin');
INSERT INTO RelationPersonInProceeding (PersonId, InProceedingId) VALUES (700, 478);
INSERT INTO Person (PersonId, Name) VALUES (701, 'Cristina Cuenca');
INSERT INTO RelationPersonInProceeding (PersonId, InProceedingId) VALUES (701, 478);
INSERT INTO InProceeding (InProceedingId, Title, Pages, Url, ProceedingId) VALUES (479, 'Mimetic Evolution.', '81-94', NULL, 21);
INSERT INTO RelationPersonInProceeding (PersonId, InProceedingId) VALUES (693, 479);
INSERT INTO RelationPersonInProceeding (PersonId, InProceedingId) VALUES (631, 479);
INSERT INTO Person (PersonId, Name) VALUES (702, 'Caroline Ravise');
INSERT INTO RelationPersonInProceeding (PersonId, InProceedingId) VALUES (702, 479);
INSERT INTO Person (PersonId, Name) VALUES (703, 'Antoine Ducoulombier');
INSERT INTO RelationPersonInProceeding (PersonId, InProceedingId) VALUES (703, 479);
INSERT INTO Person (PersonId, Name) VALUES (704, 'Mathieu Peyral');
INSERT INTO RelationPersonInProceeding (PersonId, InProceedingId) VALUES (704, 479);
INSERT INTO InProceeding (InProceedingId, Title, Pages, Url, ProceedingId) VALUES (480, 'Adaptive Penalties for Evolutionary Graph Coloring.', '95-108', NULL, 21);
INSERT INTO Person (PersonId, Name) VALUES (705, 'J. K. van der Hauw');
INSERT INTO RelationPersonInProceeding (PersonId, InProceedingId) VALUES (705, 480);
INSERT INTO Person (PersonId, Name) VALUES (706, 'A. E. Eiben');
INSERT INTO RelationPersonInProceeding (PersonId, InProceedingId) VALUES (706, 480);
INSERT INTO InProceeding (InProceedingId, Title, Pages, Url, ProceedingId) VALUES (481, 'Co-operative Improvement for a Combinatorial Optimization Algorithm.', '231-241', NULL, 22);
INSERT INTO Person (PersonId, Name) VALUES (707, 'Olivier Roux');
INSERT INTO RelationPersonInProceeding (PersonId, InProceedingId) VALUES (707, 481);
INSERT INTO Person (PersonId, Name) VALUES (708, 'Denis Robilliard');
INSERT INTO RelationPersonInProceeding (PersonId, InProceedingId) VALUES (708, 481);
INSERT INTO Person (PersonId, Name) VALUES (709, 'Cyril Fonlupt');
INSERT INTO RelationPersonInProceeding (PersonId, InProceedingId) VALUES (709, 481);
INSERT INTO InProceeding (InProceedingId, Title, Pages, Url, ProceedingId) VALUES (482, 'Surrogate Deterministic Mutation: Preliminary Results.', '104-116', NULL, 23);
INSERT INTO RelationPersonInProceeding (PersonId, InProceedingId) VALUES (631, 482);
INSERT INTO Person (PersonId, Name) VALUES (710, 'K. Abboud');
INSERT INTO RelationPersonInProceeding (PersonId, InProceedingId) VALUES (710, 482);
INSERT INTO InProceeding (InProceedingId, Title, Pages, Url, ProceedingId) VALUES (483, 'Genetic Operators for Two-Dimensional Shape Optimization.', '355-369', NULL, 20);
INSERT INTO RelationPersonInProceeding (PersonId, InProceedingId) VALUES (631, 483);
INSERT INTO Person (PersonId, Name) VALUES (711, 'Couro Kane');
INSERT INTO RelationPersonInProceeding (PersonId, InProceedingId) VALUES (711, 483);
INSERT INTO InProceeding (InProceedingId, Title, Pages, Url, ProceedingId) VALUES (484, 'Two Evolutionary Approaches to Design Phase Plate for Tailoring Focal-Plane Irradiance Profile.', '266-276', NULL, 22);
INSERT INTO Person (PersonId, Name) VALUES (712, 'Sana Ben Hamida');
INSERT INTO RelationPersonInProceeding (PersonId, InProceedingId) VALUES (712, 484);
INSERT INTO Person (PersonId, Name) VALUES (713, 'Alain Racine');
INSERT INTO RelationPersonInProceeding (PersonId, InProceedingId) VALUES (713, 484);
INSERT INTO RelationPersonInProceeding (PersonId, InProceedingId) VALUES (631, 484);
INSERT INTO InProceeding (InProceedingId, Title, Pages, Url, ProceedingId) VALUES (485, 'GAs, a Concept of Modeling Species in Genetic Algorithms.', '69-85', NULL, 20);
INSERT INTO Person (PersonId, Name) VALUES (714, 'Jzsef Dombi');
INSERT INTO RelationPersonInProceeding (PersonId, InProceedingId) VALUES (714, 485);
INSERT INTO Person (PersonId, Name) VALUES (715, 'Mrk Jelasity');
INSERT INTO RelationPersonInProceeding (PersonId, InProceedingId) VALUES (715, 485);
INSERT INTO InProceeding (InProceedingId, Title, Pages, Url, ProceedingId) VALUES (486, 'On Generating HTML Style Sheets with an Interactive Genetic Algorithm Based on Gene Frequencies.', '99-110', NULL, 22);
INSERT INTO Person (PersonId, Name) VALUES (716, 'G. Nocent');
INSERT INTO RelationPersonInProceeding (PersonId, InProceedingId) VALUES (716, 486);
INSERT INTO RelationPersonInProceeding (PersonId, InProceedingId) VALUES (644, 486);
INSERT INTO Person (PersonId, Name) VALUES (717, 'Nicolas Monmarch');
INSERT INTO RelationPersonInProceeding (PersonId, InProceedingId) VALUES (717, 486);
INSERT INTO Person (PersonId, Name) VALUES (718, 'P. Santini');
INSERT INTO RelationPersonInProceeding (PersonId, InProceedingId) VALUES (718, 486);
INSERT INTO InProceeding (InProceedingId, Title, Pages, Url, ProceedingId) VALUES (487, 'Problem-Specific Representations for Heterogeneous Materials Design.', '111-122', NULL, 22);
INSERT INTO RelationPersonInProceeding (PersonId, InProceedingId) VALUES (692, 487);
INSERT INTO InProceeding (InProceedingId, Title, Pages, Url, ProceedingId) VALUES (488, 'The Impact of Environmental Structure on the Evolutionary Trajectories of a Foraging Agent.', '338-349', NULL, 23);
INSERT INTO Person (PersonId, Name) VALUES (719, 'Ian R. Edmonds');
INSERT INTO RelationPersonInProceeding (PersonId, InProceedingId) VALUES (719, 488);
INSERT INTO InProceeding (InProceedingId, Title, Pages, Url, ProceedingId) VALUES (489, 'Prediction of Binary Sequences by Evolving Finite State Machines.', '42-53', NULL, 23);
INSERT INTO Person (PersonId, Name) VALUES (720, 'Pierre Liardet');
INSERT INTO RelationPersonInProceeding (PersonId, InProceedingId) VALUES (720, 489);
INSERT INTO Person (PersonId, Name) VALUES (721, 'Mario Giacobini');
INSERT INTO RelationPersonInProceeding (PersonId, InProceedingId) VALUES (721, 489);
INSERT INTO Person (PersonId, Name) VALUES (722, 'Umberto Cerruti');
INSERT INTO RelationPersonInProceeding (PersonId, InProceedingId) VALUES (722, 489);
INSERT INTO InProceeding (InProceedingId, Title, Pages, Url, ProceedingId) VALUES (490, 'A Comparative Study of a Penalty Function, a Repair Heuristic and Stochastic Operators with the Set-Covering Problem.', '320-332', NULL, 20);
INSERT INTO RelationPersonInProceeding (PersonId, InProceedingId) VALUES (630, 490);
INSERT INTO Person (PersonId, Name) VALUES (723, 'Martin Schtz');
INSERT INTO RelationPersonInProceeding (PersonId, InProceedingId) VALUES (723, 490);
INSERT INTO Person (PersonId, Name) VALUES (724, 'Sami Khuri');
INSERT INTO RelationPersonInProceeding (PersonId, InProceedingId) VALUES (724, 490);
INSERT INTO InProceeding (InProceedingId, Title, Pages, Url, ProceedingId) VALUES (491, 'The Two Stage Continuous Parallel Flow Shop Problem with Limited Storage: Modeling and Algorithms.', '180-191', NULL, 23);
INSERT INTO Person (PersonId, Name) VALUES (725, 'Thomas Bousonville');
INSERT INTO RelationPersonInProceeding (PersonId, InProceedingId) VALUES (725, 491);
INSERT INTO InProceeding (InProceedingId, Title, Pages, Url, ProceedingId) VALUES (492, 'Telephone Network Traffic Overloading Diagnosis and Evolutionary Computation Techniques.', '137-144', NULL, 21);
INSERT INTO Person (PersonId, Name) VALUES (726, 'Daniel Stern');
INSERT INTO RelationPersonInProceeding (PersonId, InProceedingId) VALUES (726, 492);
INSERT INTO Person (PersonId, Name) VALUES (727, 'Isabelle Servet');
INSERT INTO RelationPersonInProceeding (PersonId, InProceedingId) VALUES (727, 492);
INSERT INTO Person (PersonId, Name) VALUES (728, 'Louise Trav-Massuys');
INSERT INTO RelationPersonInProceeding (PersonId, InProceedingId) VALUES (728, 492);
INSERT INTO InProceeding (InProceedingId, Title, Pages, Url, ProceedingId) VALUES (493, 'Why Biologists and Computer Scientists Should Work Together.', '3-18', NULL, 23);
INSERT INTO Person (PersonId, Name) VALUES (729, 'Peter J. Bentley');
INSERT INTO RelationPersonInProceeding (PersonId, InProceedingId) VALUES (729, 493);
INSERT INTO InProceeding (InProceedingId, Title, Pages, Url, ProceedingId) VALUES (494, 'Measurement of Population Diversity.', '31-41', NULL, 23);
INSERT INTO Person (PersonId, Name) VALUES (730, 'Kenneth A. De Jong');
INSERT INTO RelationPersonInProceeding (PersonId, InProceedingId) VALUES (730, 494);
INSERT INTO Person (PersonId, Name) VALUES (731, 'Ronald W. Morrison');
INSERT INTO RelationPersonInProceeding (PersonId, InProceedingId) VALUES (731, 494);
INSERT INTO InProceeding (InProceedingId, Title, Pages, Url, ProceedingId) VALUES (495, 'Measuring the Spatial Dispersion of Evolutionary Search Processes: Application to Walksat.', '77-90', NULL, 23);
INSERT INTO Person (PersonId, Name) VALUES (732, 'Jean-Jacques Chabrier');
INSERT INTO RelationPersonInProceeding (PersonId, InProceedingId) VALUES (732, 495);
INSERT INTO Person (PersonId, Name) VALUES (733, 'Alain Sidaner');
INSERT INTO RelationPersonInProceeding (PersonId, InProceedingId) VALUES (733, 495);
INSERT INTO Person (PersonId, Name) VALUES (734, 'Olivier Bailleux');
INSERT INTO RelationPersonInProceeding (PersonId, InProceedingId) VALUES (734, 495);
INSERT INTO InProceeding (InProceedingId, Title, Pages, Url, ProceedingId) VALUES (496, 'Markov Random Field Modelling of Royal Road Genetic Algorithms.', '65-76', NULL, 23);
INSERT INTO Person (PersonId, Name) VALUES (735, 'John A. W. McCall');
INSERT INTO RelationPersonInProceeding (PersonId, InProceedingId) VALUES (735, 496);
INSERT INTO Person (PersonId, Name) VALUES (736, 'D. F. Brown');
INSERT INTO RelationPersonInProceeding (PersonId, InProceedingId) VALUES (736, 496);
INSERT INTO Person (PersonId, Name) VALUES (737, 'A. B. Garmendia-Doval');
INSERT INTO RelationPersonInProceeding (PersonId, InProceedingId) VALUES (737, 496);
INSERT INTO InProceeding (InProceedingId, Title, Pages, Url, ProceedingId) VALUES (497, 'An Application of Evolutionary Algorithms to the Scheduling of Robotic Operations.', '345-354', NULL, 20);
INSERT INTO Person (PersonId, Name) VALUES (738, 'Vittorio Gorrini');
INSERT INTO RelationPersonInProceeding (PersonId, InProceedingId) VALUES (738, 497);
INSERT INTO Person (PersonId, Name) VALUES (739, 'Marco Dorigo');
INSERT INTO RelationPersonInProceeding (PersonId, InProceedingId) VALUES (739, 497);
INSERT INTO InProceeding (InProceedingId, Title, Pages, Url, ProceedingId) VALUES (498, 'Evolving Behavioural Animation Systems.', '217-227', NULL, 22);
INSERT INTO Person (PersonId, Name) VALUES (740, 'Anargyros Sarafopoulos');
INSERT INTO RelationPersonInProceeding (PersonId, InProceedingId) VALUES (740, 498);
INSERT INTO Person (PersonId, Name) VALUES (741, 'David Griffiths');
INSERT INTO RelationPersonInProceeding (PersonId, InProceedingId) VALUES (741, 498);
INSERT INTO InProceeding (InProceedingId, Title, Pages, Url, ProceedingId) VALUES (499, 'Adaptation on the Evolutionary Time Scale: A Working Hypothesis and Basic Experiments.', '251-262', NULL, 21);
INSERT INTO Person (PersonId, Name) VALUES (742, 'Peter Eggenberger');
INSERT INTO RelationPersonInProceeding (PersonId, InProceedingId) VALUES (742, 499);
INSERT INTO Person (PersonId, Name) VALUES (743, 'Ralf Salomon');
INSERT INTO RelationPersonInProceeding (PersonId, InProceedingId) VALUES (743, 499);
INSERT INTO InProceeding (InProceedingId, Title, Pages, Url, ProceedingId) VALUES (500, 'Induction-Based Control of Genetic Algorithms.', '100-119', NULL, 20);
INSERT INTO RelationPersonInProceeding (PersonId, InProceedingId) VALUES (693, 500);
INSERT INTO RelationPersonInProceeding (PersonId, InProceedingId) VALUES (631, 500);
INSERT INTO RelationPersonInProceeding (PersonId, InProceedingId) VALUES (702, 500);
INSERT INTO InProceeding (InProceedingId, Title, Pages, Url, ProceedingId) VALUES (501, 'Shorter Fitness Preserving Genetic Programs.', '73-83', NULL, 22);
INSERT INTO Person (PersonId, Name) VALUES (744, 'Anik Ekrt');
INSERT INTO RelationPersonInProceeding (PersonId, InProceedingId) VALUES (744, 501);
INSERT INTO InProceeding (InProceedingId, Title, Pages, Url, ProceedingId) VALUES (502, 'Applying Boosting Techniques to Genetic Programming.', '267-280', NULL, 23);
INSERT INTO Person (PersonId, Name) VALUES (745, 'Gregory Paris');
INSERT INTO RelationPersonInProceeding (PersonId, InProceedingId) VALUES (745, 502);
INSERT INTO RelationPersonInProceeding (PersonId, InProceedingId) VALUES (708, 502);
INSERT INTO RelationPersonInProceeding (PersonId, InProceedingId) VALUES (709, 502);
INSERT INTO InProceeding (InProceedingId, Title, Pages, Url, ProceedingId) VALUES (503, 'A Multiobjective Evolutionary Algorithm for Car Front End Design.', '205-218', NULL, 23);
INSERT INTO Person (PersonId, Name) VALUES (746, 'Tiziana Bosio');
INSERT INTO RelationPersonInProceeding (PersonId, InProceedingId) VALUES (746, 503);
INSERT INTO Person (PersonId, Name) VALUES (747, 'Roberto Fontana');
INSERT INTO RelationPersonInProceeding (PersonId, InProceedingId) VALUES (747, 503);
INSERT INTO Person (PersonId, Name) VALUES (748, 'Olga Rudenko');
INSERT INTO RelationPersonInProceeding (PersonId, InProceedingId) VALUES (748, 503);
INSERT INTO RelationPersonInProceeding (PersonId, InProceedingId) VALUES (631, 503);
INSERT INTO InProceeding (InProceedingId, Title, Pages, Url, ProceedingId) VALUES (504, 'A Genetic Algorithm with Parallel Steady-State Reproduction.', '86-99', NULL, 20);
INSERT INTO Person (PersonId, Name) VALUES (749, 'Martin Krger');
INSERT INTO RelationPersonInProceeding (PersonId, InProceedingId) VALUES (749, 504);
INSERT INTO Person (PersonId, Name) VALUES (750, 'Cyril Godart');
INSERT INTO RelationPersonInProceeding (PersonId, InProceedingId) VALUES (750, 504);
INSERT INTO InProceeding (InProceedingId, Title, Pages, Url, ProceedingId) VALUES (505, 'Genetic Algorithms for Genetic Mapping.', '145-156', NULL, 21);
INSERT INTO Person (PersonId, Name) VALUES (751, 'Thomas Schiex');
INSERT INTO RelationPersonInProceeding (PersonId, InProceedingId) VALUES (751, 505);
INSERT INTO Person (PersonId, Name) VALUES (752, 'Christine Gaspin');
INSERT INTO RelationPersonInProceeding (PersonId, InProceedingId) VALUES (752, 505);
INSERT INTO InProceeding (InProceedingId, Title, Pages, Url, ProceedingId) VALUES (506, 'Evolution Through Cooperation: The Symbiotic Algorithm.', '145-158', NULL, 20);
INSERT INTO Person (PersonId, Name) VALUES (753, 'Renaud Dumeur');
INSERT INTO RelationPersonInProceeding (PersonId, InProceedingId) VALUES (753, 506);
INSERT INTO InProceeding (InProceedingId, Title, Pages, Url, ProceedingId) VALUES (507, 'Modeling and Analysis of Genetic Algorithm with Tournament Selection.', '84-95', NULL, 22);
INSERT INTO Person (PersonId, Name) VALUES (754, 'Anton V. Emereev');
INSERT INTO RelationPersonInProceeding (PersonId, InProceedingId) VALUES (754, 507);
INSERT INTO InProceeding (InProceedingId, Title, Pages, Url, ProceedingId) VALUES (508, 'Learning as a Consequence of Selection.', '350-361', NULL, 23);
INSERT INTO Person (PersonId, Name) VALUES (755, 'Samuel Delepoulle');
INSERT INTO RelationPersonInProceeding (PersonId, InProceedingId) VALUES (755, 508);
INSERT INTO Person (PersonId, Name) VALUES (756, 'Philippe Preux');
INSERT INTO RelationPersonInProceeding (PersonId, InProceedingId) VALUES (756, 508);
INSERT INTO Person (PersonId, Name) VALUES (757, 'Jean-Claude Darcheville');
INSERT INTO RelationPersonInProceeding (PersonId, InProceedingId) VALUES (757, 508);
INSERT INTO InProceeding (InProceedingId, Title, Pages, Url, ProceedingId) VALUES (509, 'Evolution of Cooperation within a Behavior-Based Perspective: Confronting Nature and Animats.', '204-216', NULL, 22);
INSERT INTO RelationPersonInProceeding (PersonId, InProceedingId) VALUES (755, 509);
INSERT INTO RelationPersonInProceeding (PersonId, InProceedingId) VALUES (756, 509);
INSERT INTO RelationPersonInProceeding (PersonId, InProceedingId) VALUES (757, 509);
INSERT INTO InProceeding (InProceedingId, Title, Pages, Url, ProceedingId) VALUES (510, 'Genetic Algorithms: Minimal Conditions for Convergence.', '183-206', NULL, 21);
INSERT INTO Person (PersonId, Name) VALUES (758, 'Alexandru Agapie');
INSERT INTO RelationPersonInProceeding (PersonId, InProceedingId) VALUES (758, 510);
INSERT INTO InProceeding (InProceedingId, Title, Pages, Url, ProceedingId) VALUES (511, 'Fitness Landscapes and Evolutionary Algorithms.', '3-20', NULL, 22);
INSERT INTO Person (PersonId, Name) VALUES (759, 'Colin R. Reeves');
INSERT INTO RelationPersonInProceeding (PersonId, InProceedingId) VALUES (759, 511);
INSERT INTO InProceeding (InProceedingId, Title, Pages, Url, ProceedingId) VALUES (512, 'Lotka Volterra Coevolution at the Edge of Chaos.', '131-144', NULL, 20);
INSERT INTO RelationPersonInProceeding (PersonId, InProceedingId) VALUES (629, 512);
INSERT INTO Person (PersonId, Name) VALUES (760, 'Paul Bourgine');
INSERT INTO RelationPersonInProceeding (PersonId, InProceedingId) VALUES (760, 512);
INSERT INTO InProceeding (InProceedingId, Title, Pages, Url, ProceedingId) VALUES (513, 'A Genetic Algorithm to Improve an Othello Program.', '307-319', NULL, 20);
INSERT INTO RelationPersonInProceeding (PersonId, InProceedingId) VALUES (695, 513);
INSERT INTO RelationPersonInProceeding (PersonId, InProceedingId) VALUES (696, 513);
INSERT INTO InProceeding (InProceedingId, Title, Pages, Url, ProceedingId) VALUES (514, 'Using Evolutionary Algorithms Incorporating the Augmented Lagrangian Penalty Function to Solve Discrete and Continuous Constrained Non-linear Optimal Control Problems.', '295-310', NULL, 23);
INSERT INTO Person (PersonId, Name) VALUES (761, 'Stephen Smith');
INSERT INTO RelationPersonInProceeding (PersonId, InProceedingId) VALUES (761, 514);
INSERT INTO InProceeding (InProceedingId, Title, Pages, Url, ProceedingId) VALUES (515, 'Characterizing Locality in Decoder-Based EAs for the Multidimensional Knapsack Problem.', '38-52', NULL, 22);
INSERT INTO RelationPersonInProceeding (PersonId, InProceedingId) VALUES (643, 515);
INSERT INTO Person (PersonId, Name) VALUES (762, 'Gnther R. Raidl');
INSERT INTO RelationPersonInProceeding (PersonId, InProceedingId) VALUES (762, 515);
INSERT INTO InProceeding (InProceedingId, Title, Pages, Url, ProceedingId) VALUES (516, 'Representations, Fitness Functions and Genetic Operators for the Satisfiability Problem.', '55-68', NULL, 21);
INSERT INTO RelationPersonInProceeding (PersonId, InProceedingId) VALUES (643, 516);
INSERT INTO Person (PersonId, Name) VALUES (763, 'Nico Voss');
INSERT INTO RelationPersonInProceeding (PersonId, InProceedingId) VALUES (763, 516);
INSERT INTO InProceeding (InProceedingId, Title, Pages, Url, ProceedingId) VALUES (517, 'A Genetic Algorithm with Sharing for the Detection of 2D Geometric Primitives in Images.', '287-303', NULL, 20);
INSERT INTO Person (PersonId, Name) VALUES (764, 'Patrice Martinez');
INSERT INTO RelationPersonInProceeding (PersonId, InProceedingId) VALUES (764, 517);
INSERT INTO RelationPersonInProceeding (PersonId, InProceedingId) VALUES (651, 517);
INSERT INTO InProceeding (InProceedingId, Title, Pages, Url, ProceedingId) VALUES (518, 'SGA Search Dynamics on Second Order Functions.', '207-222', NULL, 21);
INSERT INTO Person (PersonId, Name) VALUES (765, 'Bart Naudts');
INSERT INTO RelationPersonInProceeding (PersonId, InProceedingId) VALUES (765, 518);
INSERT INTO Person (PersonId, Name) VALUES (766, 'Alain Verschoren');
INSERT INTO RelationPersonInProceeding (PersonId, InProceedingId) VALUES (766, 518);
INSERT INTO InProceeding (InProceedingId, Title, Pages, Url, ProceedingId) VALUES (519, 'Synthetic Neutrality for Artificial Evolution.', '254-265', NULL, 22);
INSERT INTO Person (PersonId, Name) VALUES (767, 'Michael Defoin-Platel');
INSERT INTO RelationPersonInProceeding (PersonId, InProceedingId) VALUES (767, 519);
INSERT INTO Person (PersonId, Name) VALUES (768, 'Manuel Clergue');
INSERT INTO RelationPersonInProceeding (PersonId, InProceedingId) VALUES (768, 519);
INSERT INTO RelationPersonInProceeding (PersonId, InProceedingId) VALUES (663, 519);
INSERT INTO InProceeding (InProceedingId, Title, Pages, Url, ProceedingId) VALUES (520, 'A Critical and Empirical Study of Epistasis Measures for Predicting GA Performances: A Summary.', '275-286', NULL, 21);
INSERT INTO RelationPersonInProceeding (PersonId, InProceedingId) VALUES (644, 520);
INSERT INTO RelationPersonInProceeding (PersonId, InProceedingId) VALUES (678, 520);
INSERT INTO Person (PersonId, Name) VALUES (769, 'Sophie Rochet');
INSERT INTO RelationPersonInProceeding (PersonId, InProceedingId) VALUES (769, 520);
INSERT INTO Person (PersonId, Name) VALUES (770, 'E. M. El Kharoubi');
INSERT INTO RelationPersonInProceeding (PersonId, InProceedingId) VALUES (770, 520);
INSERT INTO InProceeding (InProceedingId, Title, Pages, Url, ProceedingId) VALUES (521, 'The Importance of Selection Mechanisms in Distribution Estimation Algorithms.', '91-103', NULL, 23);
INSERT INTO Person (PersonId, Name) VALUES (771, 'Andrew Johnson');
INSERT INTO RelationPersonInProceeding (PersonId, InProceedingId) VALUES (771, 521);
INSERT INTO RelationPersonInProceeding (PersonId, InProceedingId) VALUES (73, 521);
INSERT INTO InProceeding (InProceedingId, Title, Pages, Url, ProceedingId) VALUES (522, 'History and Immortality in Evolutionary Computation.', '128-142', NULL, 23);
INSERT INTO Person (PersonId, Name) VALUES (772, 'Herv Toulhoat');
INSERT INTO RelationPersonInProceeding (PersonId, InProceedingId) VALUES (772, 522);
INSERT INTO Person (PersonId, Name) VALUES (773, 'Bertrand Braunschweig');
INSERT INTO RelationPersonInProceeding (PersonId, InProceedingId) VALUES (773, 522);
INSERT INTO RelationPersonInProceeding (PersonId, InProceedingId) VALUES (672, 522);
INSERT INTO RelationPersonInProceeding (PersonId, InProceedingId) VALUES (651, 522);
INSERT INTO InProceeding (InProceedingId, Title, Pages, Url, ProceedingId) VALUES (523, 'A Priori Comparison of Binary Crossover Operators: No Universal Statistical Measure, But a Set of Hints.', '287-302', NULL, 21);
INSERT INTO Person (PersonId, Name) VALUES (774, 'Leila Kallel');
INSERT INTO RelationPersonInProceeding (PersonId, InProceedingId) VALUES (774, 523);
INSERT INTO RelationPersonInProceeding (PersonId, InProceedingId) VALUES (631, 523);
INSERT INTO InProceeding (InProceedingId, Title, Pages, Url, ProceedingId) VALUES (524, 'Asymptotical Convergence Rates of Simple Evolutionary Algorithms under Factorizing Mutation Distributions.', '223-236', NULL, 21);
INSERT INTO Person (PersonId, Name) VALUES (775, 'Gnter Rudolph');
INSERT INTO RelationPersonInProceeding (PersonId, InProceedingId) VALUES (775, 524);
INSERT INTO InProceeding (InProceedingId, Title, Pages, Url, ProceedingId) VALUES (525, 'The Dynamical Nightwatch$1s Problem Solved by the Autonomous Micro-Robot Khepera.', '303-314', NULL, 21);
INSERT INTO Person (PersonId, Name) VALUES (776, 'Axel Lffler');
INSERT INTO RelationPersonInProceeding (PersonId, InProceedingId) VALUES (776, 525);
INSERT INTO Person (PersonId, Name) VALUES (777, 'Ulrich Rckert');
INSERT INTO RelationPersonInProceeding (PersonId, InProceedingId) VALUES (777, 525);
INSERT INTO Person (PersonId, Name) VALUES (778, 'Jrgen Klahold');
INSERT INTO RelationPersonInProceeding (PersonId, InProceedingId) VALUES (778, 525);
INSERT INTO InProceeding (InProceedingId, Title, Pages, Url, ProceedingId) VALUES (526, 'EASEA Comparisons on Test Functions: GALib versus EO.', '219-230', NULL, 23);
INSERT INTO RelationPersonInProceeding (PersonId, InProceedingId) VALUES (651, 526);
INSERT INTO Person (PersonId, Name) VALUES (779, 'Pierre Collet');
INSERT INTO RelationPersonInProceeding (PersonId, InProceedingId) VALUES (779, 526);
INSERT INTO Person (PersonId, Name) VALUES (780, 'Jean Louchet');
INSERT INTO RelationPersonInProceeding (PersonId, InProceedingId) VALUES (780, 526);
INSERT INTO InProceeding (InProceedingId, Title, Pages, Url, ProceedingId) VALUES (527, 'An Introduction to Evolutionary Programming.', '21-33', NULL, 20);
INSERT INTO Person (PersonId, Name) VALUES (781, 'Lawrence J. Fogel');
INSERT INTO RelationPersonInProceeding (PersonId, InProceedingId) VALUES (781, 527);
INSERT INTO Person (PersonId, Name) VALUES (782, 'David B. Fogel');
INSERT INTO RelationPersonInProceeding (PersonId, InProceedingId) VALUES (782, 527);
INSERT INTO InProceeding (InProceedingId, Title, Pages, Url, ProceedingId) VALUES (528, 'Application of Evolutionary Algorithms to Protein Folding Prediction.', '123-136', NULL, 21);
INSERT INTO Person (PersonId, Name) VALUES (783, 'Antonio Piccolboni');
INSERT INTO RelationPersonInProceeding (PersonId, InProceedingId) VALUES (783, 528);
INSERT INTO Person (PersonId, Name) VALUES (784, 'G. Mauri');
INSERT INTO RelationPersonInProceeding (PersonId, InProceedingId) VALUES (784, 528);
INSERT INTO InProceeding (InProceedingId, Title, Pages, Url, ProceedingId) VALUES (529, 'Origins and Learnability of Syllable Systems: A Cultural Evolutionary Model.', '143-155', NULL, 23);
INSERT INTO Person (PersonId, Name) VALUES (785, 'Pierre-Yves Oudeyer');
INSERT INTO RelationPersonInProceeding (PersonId, InProceedingId) VALUES (785, 529);
INSERT INTO InProceeding (InProceedingId, Title, Pages, Url, ProceedingId) VALUES (530, 'Studies on Dynamics in the Classical Iterated Prisoner$1s Dilemma with Few Strategies.', '177-190', NULL, 22);
INSERT INTO Person (PersonId, Name) VALUES (786, 'Jean-Paul Delahaye');
INSERT INTO RelationPersonInProceeding (PersonId, InProceedingId) VALUES (786, 530);
INSERT INTO Person (PersonId, Name) VALUES (787, 'Bruno Beaufils');
INSERT INTO RelationPersonInProceeding (PersonId, InProceedingId) VALUES (787, 530);
INSERT INTO Person (PersonId, Name) VALUES (788, 'Philippe Mathieu');
INSERT INTO RelationPersonInProceeding (PersonId, InProceedingId) VALUES (788, 530);
INSERT INTO InProceeding (InProceedingId, Title, Pages, Url, ProceedingId) VALUES (531, 'The Effects of Partial Restarts in Evolutionary Search.', '117-127', NULL, 23);
INSERT INTO Person (PersonId, Name) VALUES (789, 'Ingo la Tendresse');
INSERT INTO RelationPersonInProceeding (PersonId, InProceedingId) VALUES (789, 531);
INSERT INTO RelationPersonInProceeding (PersonId, InProceedingId) VALUES (643, 531);
INSERT INTO Person (PersonId, Name) VALUES (790, 'Odej Kao');
INSERT INTO RelationPersonInProceeding (PersonId, InProceedingId) VALUES (790, 531);
INSERT INTO InProceeding (InProceedingId, Title, Pages, Url, ProceedingId) VALUES (532, 'From Hough to Darwin: An Invidual Evolutionary Strategy Applied to Artificial Vision.', '145-161', NULL, 22);
INSERT INTO RelationPersonInProceeding (PersonId, InProceedingId) VALUES (780, 532);
INSERT INTO InProceeding (InProceedingId, Title, Pages, Url, ProceedingId) VALUES (533, 'A Hybrid Evolution Strategy for Mixed Discrete Continuous Constrained Problems.', '123-135', NULL, 22);
INSERT INTO Person (PersonId, Name) VALUES (791, 'Pascal Lafon');
INSERT INTO RelationPersonInProceeding (PersonId, InProceedingId) VALUES (791, 533);
INSERT INTO Person (PersonId, Name) VALUES (792, 'Laurence Moreau-Giraud');
INSERT INTO RelationPersonInProceeding (PersonId, InProceedingId) VALUES (792, 533);
INSERT INTO InProceeding (InProceedingId, Title, Pages, Url, ProceedingId) VALUES (534, 'Backwarding : An Overfitting Control for Genetic Programming in a Remote Sensing Application.', '245-254', NULL, 23);
INSERT INTO RelationPersonInProceeding (PersonId, InProceedingId) VALUES (708, 534);
INSERT INTO RelationPersonInProceeding (PersonId, InProceedingId) VALUES (709, 534);
INSERT INTO InProceeding (InProceedingId, Title, Pages, Url, ProceedingId) VALUES (535, 'A Shepherd and a Sheepdog to Guide Evolutionary Computation?', '277-291', NULL, 22);
INSERT INTO RelationPersonInProceeding (PersonId, InProceedingId) VALUES (708, 535);
INSERT INTO RelationPersonInProceeding (PersonId, InProceedingId) VALUES (709, 535);
INSERT INTO InProceeding (InProceedingId, Title, Pages, Url, ProceedingId) VALUES (536, 'Immune System and Fault-Tolerant Computing.', '181-197', NULL, 20);
INSERT INTO Person (PersonId, Name) VALUES (793, 'Spyros Xanthakis');
INSERT INTO RelationPersonInProceeding (PersonId, InProceedingId) VALUES (793, 536);
INSERT INTO Person (PersonId, Name) VALUES (794, 'Constantinos Karapoulios');
INSERT INTO RelationPersonInProceeding (PersonId, InProceedingId) VALUES (794, 536);
INSERT INTO Person (PersonId, Name) VALUES (795, 'Ahmed Rozz');
INSERT INTO RelationPersonInProceeding (PersonId, InProceedingId) VALUES (795, 536);
INSERT INTO Person (PersonId, Name) VALUES (796, 'Rgis Pajot');
INSERT INTO RelationPersonInProceeding (PersonId, InProceedingId) VALUES (796, 536);
INSERT INTO InProceeding (InProceedingId, Title, Pages, Url, ProceedingId) VALUES (537, 'Building New Tools for Synthetic Image Animation by Using Evolutionary Techniques.', '273-286', NULL, 20);
INSERT INTO Person (PersonId, Name) VALUES (797, 'David Crochemore');
INSERT INTO RelationPersonInProceeding (PersonId, InProceedingId) VALUES (797, 537);
INSERT INTO Person (PersonId, Name) VALUES (798, 'Xavier Provot');
INSERT INTO RelationPersonInProceeding (PersonId, InProceedingId) VALUES (798, 537);
INSERT INTO Person (PersonId, Name) VALUES (799, 'Michael Boccara');
INSERT INTO RelationPersonInProceeding (PersonId, InProceedingId) VALUES (799, 537);
INSERT INTO RelationPersonInProceeding (PersonId, InProceedingId) VALUES (780, 537);
INSERT INTO InProceeding (InProceedingId, Title, Pages, Url, ProceedingId) VALUES (538, 'SAT, Local Search Dynamics and Density of States.', '192-204', NULL, 23);
INSERT INTO Person (PersonId, Name) VALUES (800, 'Meriema Belaidouni');
INSERT INTO RelationPersonInProceeding (PersonId, InProceedingId) VALUES (800, 538);
INSERT INTO RelationPersonInProceeding (PersonId, InProceedingId) VALUES (648, 538);
INSERT INTO InProceeding (InProceedingId, Title, Pages, Url, ProceedingId) VALUES (539, 'Landscapes and the Maximal Constraint Satisfaction Problem.', '242-253', NULL, 22);
INSERT INTO RelationPersonInProceeding (PersonId, InProceedingId) VALUES (800, 539);
INSERT INTO RelationPersonInProceeding (PersonId, InProceedingId) VALUES (648, 539);
INSERT INTO InProceeding (InProceedingId, Title, Pages, Url, ProceedingId) VALUES (540, 'An Adaptive Agent Model for Generator Company Bidding in the UK Power Pool.', '191-203', NULL, 22);
INSERT INTO Person (PersonId, Name) VALUES (801, 'A. G. Bagnall');
INSERT INTO RelationPersonInProceeding (PersonId, InProceedingId) VALUES (801, 540);
INSERT INTO Person (PersonId, Name) VALUES (802, 'G. D. Smith');
INSERT INTO RelationPersonInProceeding (PersonId, InProceedingId) VALUES (802, 540);
INSERT INTO InProceeding (InProceedingId, Title, Pages, Url, ProceedingId) VALUES (541, 'Interactive Evolution for Simulated Natural Evolution.', '259-272', NULL, 20);
INSERT INTO Person (PersonId, Name) VALUES (803, 'Wolfgang Banzhaf');
INSERT INTO RelationPersonInProceeding (PersonId, InProceedingId) VALUES (803, 541);
INSERT INTO Person (PersonId, Name) VALUES (804, 'Jeanine Graf');
INSERT INTO RelationPersonInProceeding (PersonId, InProceedingId) VALUES (804, 541);
INSERT INTO InProceeding (InProceedingId, Title, Pages, Url, ProceedingId) VALUES (542, 'Niching in Monte Carlo Filtering Algorithms.', '19-30', NULL, 23);
INSERT INTO Person (PersonId, Name) VALUES (805, 'Alexis Bienvene');
INSERT INTO RelationPersonInProceeding (PersonId, InProceedingId) VALUES (805, 542);
INSERT INTO Person (PersonId, Name) VALUES (806, 'Olivier Franois');
INSERT INTO RelationPersonInProceeding (PersonId, InProceedingId) VALUES (806, 542);
INSERT INTO Person (PersonId, Name) VALUES (807, 'ric Fontenas');
INSERT INTO RelationPersonInProceeding (PersonId, InProceedingId) VALUES (807, 542);
INSERT INTO Person (PersonId, Name) VALUES (808, 'Jean Brard');
INSERT INTO RelationPersonInProceeding (PersonId, InProceedingId) VALUES (808, 542);
INSERT INTO Person (PersonId, Name) VALUES (809, 'Marc Joannides');
INSERT INTO RelationPersonInProceeding (PersonId, InProceedingId) VALUES (809, 542);
INSERT INTO Person (PersonId, Name) VALUES (810, 'Carlo Strapparava');
INSERT INTO Proceeding (ProceedingId, Title, EditorId, PublisherId, SeriesId, Year, ISBN, Url) VALUES (24, 'Adaptive Hypermedia and Adaptive Web-Based Systems, International Conference, AH 2000, Trento, Italy, August 28-30, 2000, Proceedings', 810, 1, 1, '2000', '3-540-67910-3', 'http://dblp.uni-trier.de/db/conf/ah/ah2000.html');
INSERT INTO Person (PersonId, Name) VALUES (811, 'Ricardo Conejo');
INSERT INTO Proceeding (ProceedingId, Title, EditorId, PublisherId, SeriesId, Year, ISBN, Url) VALUES (25, 'Adaptive Hypermedia and Adaptive Web-Based Systems, Second International Conference, AH 2002, Malaga, Spain, May 29-31, 2002, Proceedings', 811, 1, 1, '2002', '3-540-43737-1', 'http://dblp.uni-trier.de/db/conf/ah/ah2002.html');
INSERT INTO InProceeding (InProceedingId, Title, Pages, Url, ProceedingId) VALUES (543, 'Learning Grammar with Adaptive Hypertexts: Reading or Searching?', '372-375', NULL, 25);
INSERT INTO Person (PersonId, Name) VALUES (812, 'Angela Brunstein');
INSERT INTO RelationPersonInProceeding (PersonId, InProceedingId) VALUES (812, 543);
INSERT INTO Person (PersonId, Name) VALUES (813, 'Anja Naumann');
INSERT INTO RelationPersonInProceeding (PersonId, InProceedingId) VALUES (813, 543);
INSERT INTO Person (PersonId, Name) VALUES (814, 'Josef Krems');
INSERT INTO RelationPersonInProceeding (PersonId, InProceedingId) VALUES (814, 543);
INSERT INTO Person (PersonId, Name) VALUES (815, 'Jacqueline Waniek');
INSERT INTO RelationPersonInProceeding (PersonId, InProceedingId) VALUES (815, 543);
INSERT INTO InProceeding (InProceedingId, Title, Pages, Url, ProceedingId) VALUES (544, 'Adaptation through Interaction Modelling in Educational Hypermedia.', '576-579', NULL, 25);
INSERT INTO Person (PersonId, Name) VALUES (816, 'Elio Toppano');
INSERT INTO RelationPersonInProceeding (PersonId, InProceedingId) VALUES (816, 544);
INSERT INTO InProceeding (InProceedingId, Title, Pages, Url, ProceedingId) VALUES (545, 'Adaptation and Generation in a Web-Based Lisp Tutor.', '297-300', NULL, 24);
INSERT INTO Person (PersonId, Name) VALUES (817, 'Isabel Fernndez-Anta');
INSERT INTO RelationPersonInProceeding (PersonId, InProceedingId) VALUES (817, 545);
INSERT INTO Person (PersonId, Name) VALUES (818, 'Eva Milln');
INSERT INTO RelationPersonInProceeding (PersonId, InProceedingId) VALUES (818, 545);
INSERT INTO Person (PersonId, Name) VALUES (819, 'Jos-Luis Prez-de-la-Cruz');
INSERT INTO RelationPersonInProceeding (PersonId, InProceedingId) VALUES (819, 545);
INSERT INTO InProceeding (InProceedingId, Title, Pages, Url, ProceedingId) VALUES (546, 'Adaptive Hypermedia Made Simple with HTML/XML Style Sheet Selectors.', '472-475', NULL, 25);
INSERT INTO Person (PersonId, Name) VALUES (820, 'Michael Kraus');
INSERT INTO RelationPersonInProceeding (PersonId, InProceedingId) VALUES (820, 546);
INSERT INTO Person (PersonId, Name) VALUES (821, 'Franois Bry');
INSERT INTO RelationPersonInProceeding (PersonId, InProceedingId) VALUES (821, 546);
INSERT INTO InProceeding (InProceedingId, Title, Pages, Url, ProceedingId) VALUES (547, 'Adaptive Hypertext Design Environments: Putting Principles into Practice.', '202-213', NULL, 24);
INSERT INTO Person (PersonId, Name) VALUES (822, 'Daniele Baggio');
INSERT INTO RelationPersonInProceeding (PersonId, InProceedingId) VALUES (822, 547);
INSERT INTO Person (PersonId, Name) VALUES (823, 'Daniela Petrelli');
INSERT INTO RelationPersonInProceeding (PersonId, InProceedingId) VALUES (823, 547);
INSERT INTO Person (PersonId, Name) VALUES (824, 'Giovanni Pezzulo');
INSERT INTO RelationPersonInProceeding (PersonId, InProceedingId) VALUES (824, 547);
INSERT INTO InProceeding (InProceedingId, Title, Pages, Url, ProceedingId) VALUES (548, 'An Adaptive Web Content Delivery System.', '284-288', NULL, 24);
INSERT INTO Person (PersonId, Name) VALUES (825, 'Jinlin Chen');
INSERT INTO RelationPersonInProceeding (PersonId, InProceedingId) VALUES (825, 548);
INSERT INTO Person (PersonId, Name) VALUES (826, 'Yudong Yang');
INSERT INTO RelationPersonInProceeding (PersonId, InProceedingId) VALUES (826, 548);
INSERT INTO Person (PersonId, Name) VALUES (827, 'HongJiang Zhang');
INSERT INTO RelationPersonInProceeding (PersonId, InProceedingId) VALUES (827, 548);
INSERT INTO InProceeding (InProceedingId, Title, Pages, Url, ProceedingId) VALUES (549, 'Open Multimedia Environment to Retrieve and Organise Documents: An Adaptive Web-Based IR System in the Field of Textile and Clothing Industry.', '403-408', NULL, 24);
INSERT INTO Person (PersonId, Name) VALUES (828, 'Cristiano Chesi');
INSERT INTO RelationPersonInProceeding (PersonId, InProceedingId) VALUES (828, 549);
INSERT INTO Person (PersonId, Name) VALUES (829, 'Francesca Rizzo');
INSERT INTO RelationPersonInProceeding (PersonId, InProceedingId) VALUES (829, 549);
INSERT INTO InProceeding (InProceedingId, Title, Pages, Url, ProceedingId) VALUES (550, 'ECSAIWeb: A Web-Based Authoring System to Create Adaptive Learning Systems.', '214-226', NULL, 24);
INSERT INTO Person (PersonId, Name) VALUES (830, 'Charun Sanrach');
INSERT INTO RelationPersonInProceeding (PersonId, InProceedingId) VALUES (830, 550);
INSERT INTO Person (PersonId, Name) VALUES (831, 'Monique Grandbastien');
INSERT INTO RelationPersonInProceeding (PersonId, InProceedingId) VALUES (831, 550);
INSERT INTO InProceeding (InProceedingId, Title, Pages, Url, ProceedingId) VALUES (551, 'Evaluating the Effects of Open Student Models on Learning.', '296-305', NULL, 25);
INSERT INTO Person (PersonId, Name) VALUES (832, 'Antonija Mitrovic');
INSERT INTO RelationPersonInProceeding (PersonId, InProceedingId) VALUES (832, 551);
INSERT INTO Person (PersonId, Name) VALUES (833, 'Brent Martin');
INSERT INTO RelationPersonInProceeding (PersonId, InProceedingId) VALUES (833, 551);
INSERT INTO InProceeding (InProceedingId, Title, Pages, Url, ProceedingId) VALUES (552, 'Distributed Systems for Group Adaptivity on the Web.', '396-402', NULL, 24);
INSERT INTO Person (PersonId, Name) VALUES (834, 'Maria Barra');
INSERT INTO RelationPersonInProceeding (PersonId, InProceedingId) VALUES (834, 552);
INSERT INTO InProceeding (InProceedingId, Title, Pages, Url, ProceedingId) VALUES (553, 'An Ontology-Guided Approach to Content Adaptation in LEO: A Learning Environment Organizer.', '380-383', NULL, 25);
INSERT INTO Person (PersonId, Name) VALUES (835, 'John W. Coffey');
INSERT INTO RelationPersonInProceeding (PersonId, InProceedingId) VALUES (835, 553);
INSERT INTO InProceeding (InProceedingId, Title, Pages, Url, ProceedingId) VALUES (554, 'Enhancing Adaptive Hypermedia Presentation Systems by Lifelike Synthetic Characters.', '1-4', NULL, 24);
INSERT INTO Person (PersonId, Name) VALUES (836, 'Elisabeth Andr');
INSERT INTO RelationPersonInProceeding (PersonId, InProceedingId) VALUES (836, 554);
INSERT INTO InProceeding (InProceedingId, Title, Pages, Url, ProceedingId) VALUES (555, 'Researching Adaptive Instruction.', '409-414', NULL, 24);
INSERT INTO Person (PersonId, Name) VALUES (837, 'Juan E. Gilbert');
INSERT INTO RelationPersonInProceeding (PersonId, InProceedingId) VALUES (837, 555);
INSERT INTO Person (PersonId, Name) VALUES (838, 'Chia Y. Han');
INSERT INTO RelationPersonInProceeding (PersonId, InProceedingId) VALUES (838, 555);
INSERT INTO InProceeding (InProceedingId, Title, Pages, Url, ProceedingId) VALUES (556, 'A Scrutable Adaptive Hypertext.', '384-387', NULL, 25);
INSERT INTO Person (PersonId, Name) VALUES (839, 'Judy Kay');
INSERT INTO RelationPersonInProceeding (PersonId, InProceedingId) VALUES (839, 556);
INSERT INTO Person (PersonId, Name) VALUES (840, 'Marek Czarkowski');
INSERT INTO RelationPersonInProceeding (PersonId, InProceedingId) VALUES (840, 556);
INSERT INTO InProceeding (InProceedingId, Title, Pages, Url, ProceedingId) VALUES (557, 'Adapting Web Interfaces by WHAT.', '551-555', NULL, 25);
INSERT INTO Person (PersonId, Name) VALUES (841, 'Wilfred Ng');
INSERT INTO RelationPersonInProceeding (PersonId, InProceedingId) VALUES (841, 557);
INSERT INTO Person (PersonId, Name) VALUES (842, 'Jerry Yau');
INSERT INTO RelationPersonInProceeding (PersonId, InProceedingId) VALUES (842, 557);
INSERT INTO InProceeding (InProceedingId, Title, Pages, Url, ProceedingId) VALUES (558, 'Towards Generic Adaptive Systems: Analysis of a Case Study.', '79-89', NULL, 25);
INSERT INTO Person (PersonId, Name) VALUES (843, 'Alexandra I. Cristea');
INSERT INTO RelationPersonInProceeding (PersonId, InProceedingId) VALUES (843, 558);
INSERT INTO Person (PersonId, Name) VALUES (844, 'Licia Calvi');
INSERT INTO RelationPersonInProceeding (PersonId, InProceedingId) VALUES (844, 558);
INSERT INTO InProceeding (InProceedingId, Title, Pages, Url, ProceedingId) VALUES (559, 'TV Scout: Lowering the Entry Barrier to Personalized TV Program Recommendation.', '58-68', NULL, 25);
INSERT INTO Person (PersonId, Name) VALUES (845, 'Lars Brueckner');
INSERT INTO RelationPersonInProceeding (PersonId, InProceedingId) VALUES (845, 559);
INSERT INTO Person (PersonId, Name) VALUES (846, 'Patrick Baudisch');
INSERT INTO RelationPersonInProceeding (PersonId, InProceedingId) VALUES (846, 559);
INSERT INTO InProceeding (InProceedingId, Title, Pages, Url, ProceedingId) VALUES (560, 'Adaptive Authoring of Adaptive Educational Hypermedia.', '122-132', NULL, 25);
INSERT INTO RelationPersonInProceeding (PersonId, InProceedingId) VALUES (843, 560);
INSERT INTO Person (PersonId, Name) VALUES (847, 'Lora Aroyo');
INSERT INTO RelationPersonInProceeding (PersonId, InProceedingId) VALUES (847, 560);
INSERT INTO InProceeding (InProceedingId, Title, Pages, Url, ProceedingId) VALUES (561, 'Knowledge Computing Method for Enhancing the Effectiveness of a WWW Distance Education System.', '289-292', NULL, 24);
INSERT INTO RelationPersonInProceeding (PersonId, InProceedingId) VALUES (843, 561);
INSERT INTO Person (PersonId, Name) VALUES (848, 'Toshio Okamoto');
INSERT INTO RelationPersonInProceeding (PersonId, InProceedingId) VALUES (848, 561);
INSERT INTO InProceeding (InProceedingId, Title, Pages, Url, ProceedingId) VALUES (562, 'Adaptation in the Web-Based Logic-ITA.', '456-461', NULL, 25);
INSERT INTO Person (PersonId, Name) VALUES (849, 'David Abraham');
INSERT INTO RelationPersonInProceeding (PersonId, InProceedingId) VALUES (849, 562);
INSERT INTO Person (PersonId, Name) VALUES (850, 'Kalina Yacef');
INSERT INTO RelationPersonInProceeding (PersonId, InProceedingId) VALUES (850, 562);
INSERT INTO InProceeding (InProceedingId, Title, Pages, Url, ProceedingId) VALUES (563, 'Lexical Chaining for Web-Based Retrieval of Breaking News.', '327-330', NULL, 24);
INSERT INTO Person (PersonId, Name) VALUES (851, 'Joe Carthy');
INSERT INTO RelationPersonInProceeding (PersonId, InProceedingId) VALUES (851, 563);
INSERT INTO Person (PersonId, Name) VALUES (852, 'Nicola Stokes');
INSERT INTO RelationPersonInProceeding (PersonId, InProceedingId) VALUES (852, 563);
INSERT INTO Person (PersonId, Name) VALUES (853, 'Paula Hatch');
INSERT INTO RelationPersonInProceeding (PersonId, InProceedingId) VALUES (853, 563);
INSERT INTO InProceeding (InProceedingId, Title, Pages, Url, ProceedingId) VALUES (564, 'Exploiting a Progressive Access Model to Information.', '444-447', NULL, 25);
INSERT INTO Person (PersonId, Name) VALUES (854, 'Herv Martin');
INSERT INTO RelationPersonInProceeding (PersonId, InProceedingId) VALUES (854, 564);
INSERT INTO Person (PersonId, Name) VALUES (855, 'Marlne Villanova-Oliver');
INSERT INTO RelationPersonInProceeding (PersonId, InProceedingId) VALUES (855, 564);
INSERT INTO Person (PersonId, Name) VALUES (856, 'Jrme Gensel');
INSERT INTO RelationPersonInProceeding (PersonId, InProceedingId) VALUES (856, 564);
INSERT INTO InProceeding (InProceedingId, Title, Pages, Url, ProceedingId) VALUES (565, 'The MacroNode Approach: Mediating Between Adaptive and Dynamic Hypermedia.', '167-178', NULL, 24);
INSERT INTO Person (PersonId, Name) VALUES (857, 'Massimo Zancanaro');
INSERT INTO RelationPersonInProceeding (PersonId, InProceedingId) VALUES (857, 565);
INSERT INTO Person (PersonId, Name) VALUES (858, 'Elena Not');
INSERT INTO RelationPersonInProceeding (PersonId, InProceedingId) VALUES (858, 565);
INSERT INTO InProceeding (InProceedingId, Title, Pages, Url, ProceedingId) VALUES (566, 'Adaptivity, Adaptability, and Reading Behaviour: Some Results from the Evaluation of a Dynamic Hypertext System.', '69-78', NULL, 25);
INSERT INTO Person (PersonId, Name) VALUES (859, 'Kalina Bontcheva');
INSERT INTO RelationPersonInProceeding (PersonId, InProceedingId) VALUES (859, 566);
INSERT INTO InProceeding (InProceedingId, Title, Pages, Url, ProceedingId) VALUES (567, 'Formative Evaluation of Adaptive CALLware: A Case Study.', '276-279', NULL, 24);
INSERT INTO RelationPersonInProceeding (PersonId, InProceedingId) VALUES (844, 567);
INSERT INTO InProceeding (InProceedingId, Title, Pages, Url, ProceedingId) VALUES (568, 'GAS: Group Adaptive System.', '47-57', NULL, 25);
INSERT INTO RelationPersonInProceeding (PersonId, InProceedingId) VALUES (834, 568);
INSERT INTO Person (PersonId, Name) VALUES (860, 'Paul P. Maglio');
INSERT INTO RelationPersonInProceeding (PersonId, InProceedingId) VALUES (860, 568);
INSERT INTO Person (PersonId, Name) VALUES (861, 'Vittorio Scarano');
INSERT INTO RelationPersonInProceeding (PersonId, InProceedingId) VALUES (861, 568);
INSERT INTO Person (PersonId, Name) VALUES (862, 'Alberto Negro');
INSERT INTO RelationPersonInProceeding (PersonId, InProceedingId) VALUES (862, 568);
INSERT INTO InProceeding (InProceedingId, Title, Pages, Url, ProceedingId) VALUES (569, 'A Framework for Filtering and Packaging Hypermedia Documents.', '274-283', NULL, 25);
INSERT INTO Person (PersonId, Name) VALUES (863, 'Simone D. J. Barbosa');
INSERT INTO RelationPersonInProceeding (PersonId, InProceedingId) VALUES (863, 569);
INSERT INTO Person (PersonId, Name) VALUES (864, 'Tatiana A. S. Coelho');
INSERT INTO RelationPersonInProceeding (PersonId, InProceedingId) VALUES (864, 569);
INSERT INTO Person (PersonId, Name) VALUES (865, 'Marco A. Casanova');
INSERT INTO RelationPersonInProceeding (PersonId, InProceedingId) VALUES (865, 569);
INSERT INTO Person (PersonId, Name) VALUES (866, 'Lucimar C. Martins');
INSERT INTO RelationPersonInProceeding (PersonId, InProceedingId) VALUES (866, 569);
INSERT INTO Person (PersonId, Name) VALUES (867, 'Carlos Jos Pereira de Lucena');
INSERT INTO RelationPersonInProceeding (PersonId, InProceedingId) VALUES (867, 569);
INSERT INTO InProceeding (InProceedingId, Title, Pages, Url, ProceedingId) VALUES (570, 'Hypermedia Presentation Adaptation on the Semantic Web.', '133-142', NULL, 25);
INSERT INTO Person (PersonId, Name) VALUES (868, 'Geert-Jan Houben');
INSERT INTO RelationPersonInProceeding (PersonId, InProceedingId) VALUES (868, 570);
INSERT INTO Person (PersonId, Name) VALUES (869, 'Flavius Frasincar');
INSERT INTO RelationPersonInProceeding (PersonId, InProceedingId) VALUES (869, 570);
INSERT INTO InProceeding (InProceedingId, Title, Pages, Url, ProceedingId) VALUES (571, 'Personalizing Assessment in Adaptive Educational Hypermedia Systems.', '153-163', NULL, 25);
INSERT INTO Person (PersonId, Name) VALUES (870, 'Kyparisia A. Papanikolaou');
INSERT INTO RelationPersonInProceeding (PersonId, InProceedingId) VALUES (870, 571);
INSERT INTO Person (PersonId, Name) VALUES (871, 'Maria Grigoriadou');
INSERT INTO RelationPersonInProceeding (PersonId, InProceedingId) VALUES (871, 571);
INSERT INTO Person (PersonId, Name) VALUES (872, 'Evangelia Gouli');
INSERT INTO RelationPersonInProceeding (PersonId, InProceedingId) VALUES (872, 571);
INSERT INTO InProceeding (InProceedingId, Title, Pages, Url, ProceedingId) VALUES (572, 'Development of Adaptive Web Sites with Usability and Accessibility Features.', '501-504', NULL, 25);
INSERT INTO Person (PersonId, Name) VALUES (873, 'Jos Antonio Lpez Brugos');
INSERT INTO RelationPersonInProceeding (PersonId, InProceedingId) VALUES (873, 572);
INSERT INTO Person (PersonId, Name) VALUES (874, 'Marta Fernndez de Arriba');
INSERT INTO RelationPersonInProceeding (PersonId, InProceedingId) VALUES (874, 572);
INSERT INTO InProceeding (InProceedingId, Title, Pages, Url, ProceedingId) VALUES (573, 'Adaptation in an Evolutionary Hypermedia System: Using Semantic and Petri Nets.', '284-295', NULL, 25);
INSERT INTO Person (PersonId, Name) VALUES (875, 'Jos Parets-Llorca');
INSERT INTO RelationPersonInProceeding (PersonId, InProceedingId) VALUES (875, 573);
INSERT INTO Person (PersonId, Name) VALUES (876, 'Lina Garca-Cabrera');
INSERT INTO RelationPersonInProceeding (PersonId, InProceedingId) VALUES (876, 573);
INSERT INTO Person (PersonId, Name) VALUES (877, 'Mara Jos Rodrguez-Fortiz');
INSERT INTO RelationPersonInProceeding (PersonId, InProceedingId) VALUES (877, 573);
INSERT INTO Person (PersonId, Name) VALUES (878, 'Nuria Medina-Medina');
INSERT INTO RelationPersonInProceeding (PersonId, InProceedingId) VALUES (878, 573);
INSERT INTO InProceeding (InProceedingId, Title, Pages, Url, ProceedingId) VALUES (574, 'LiveInfo: Adapting Web Experience by Customization and Annotation.', '144-154', NULL, 24);
INSERT INTO RelationPersonInProceeding (PersonId, InProceedingId) VALUES (860, 574);
INSERT INTO Person (PersonId, Name) VALUES (879, 'Stephen Farrell');
INSERT INTO RelationPersonInProceeding (PersonId, InProceedingId) VALUES (879, 574);
INSERT INTO InProceeding (InProceedingId, Title, Pages, Url, ProceedingId) VALUES (575, 'Prediction of Navigation Profiles in a Distributed Internet Environment through Learning of Graph Distributions.', '233-241', NULL, 25);
INSERT INTO Person (PersonId, Name) VALUES (880, 'Dirk Kukulenz');
INSERT INTO RelationPersonInProceeding (PersonId, InProceedingId) VALUES (880, 575);
INSERT INTO InProceeding (InProceedingId, Title, Pages, Url, ProceedingId) VALUES (576, 'How Adaptivity Affects the Development of TANGOW Web-Based Courses.', '280-283', NULL, 24);
INSERT INTO Person (PersonId, Name) VALUES (881, 'Rosa M. Carro');
INSERT INTO RelationPersonInProceeding (PersonId, InProceedingId) VALUES (881, 576);
INSERT INTO Person (PersonId, Name) VALUES (882, 'Estrella Pulido');
INSERT INTO RelationPersonInProceeding (PersonId, InProceedingId) VALUES (882, 576);
INSERT INTO Person (PersonId, Name) VALUES (883, 'Pilar Rodrguez');
INSERT INTO RelationPersonInProceeding (PersonId, InProceedingId) VALUES (883, 576);
INSERT INTO InProceeding (InProceedingId, Title, Pages, Url, ProceedingId) VALUES (577, 'The Hybrid Model for Adaptive Educational Hypermedia.', '580-585', NULL, 25);
INSERT INTO Person (PersonId, Name) VALUES (884, 'Adam Moore');
INSERT INTO RelationPersonInProceeding (PersonId, InProceedingId) VALUES (884, 577);
INSERT INTO Person (PersonId, Name) VALUES (885, 'Tim J. Brailsford');
INSERT INTO RelationPersonInProceeding (PersonId, InProceedingId) VALUES (885, 577);
INSERT INTO Person (PersonId, Name) VALUES (886, 'Helen Ashman');
INSERT INTO RelationPersonInProceeding (PersonId, InProceedingId) VALUES (886, 577);
INSERT INTO Person (PersonId, Name) VALUES (887, 'Craig D. Stewart');
INSERT INTO RelationPersonInProceeding (PersonId, InProceedingId) VALUES (887, 577);
INSERT INTO Person (PersonId, Name) VALUES (888, 'Mohamed Ramzy Zakaria');
INSERT INTO RelationPersonInProceeding (PersonId, InProceedingId) VALUES (888, 577);
INSERT INTO InProceeding (InProceedingId, Title, Pages, Url, ProceedingId) VALUES (578, 'Adaptive Testing by Test++.', '264-267', NULL, 24);
INSERT INTO RelationPersonInProceeding (PersonId, InProceedingId) VALUES (834, 578);
INSERT INTO Person (PersonId, Name) VALUES (889, 'Simona Napolitano');
INSERT INTO RelationPersonInProceeding (PersonId, InProceedingId) VALUES (889, 578);
INSERT INTO RelationPersonInProceeding (PersonId, InProceedingId) VALUES (861, 578);
INSERT INTO Person (PersonId, Name) VALUES (890, 'Luca Zitarosa');
INSERT INTO RelationPersonInProceeding (PersonId, InProceedingId) VALUES (890, 578);
INSERT INTO Person (PersonId, Name) VALUES (891, 'Giuseppina Palmieri');
INSERT INTO RelationPersonInProceeding (PersonId, InProceedingId) VALUES (891, 578);
INSERT INTO InProceeding (InProceedingId, Title, Pages, Url, ProceedingId) VALUES (579, 'Case-Based User Profiling for Content Personalisation.', '62-72', NULL, 24);
INSERT INTO Person (PersonId, Name) VALUES (892, 'Rachael Rafter');
INSERT INTO RelationPersonInProceeding (PersonId, InProceedingId) VALUES (892, 579);
INSERT INTO Person (PersonId, Name) VALUES (893, 'Barry Smyth');
INSERT INTO RelationPersonInProceeding (PersonId, InProceedingId) VALUES (893, 579);
INSERT INTO Person (PersonId, Name) VALUES (894, 'Keith Bradley');
INSERT INTO RelationPersonInProceeding (PersonId, InProceedingId) VALUES (894, 579);
INSERT INTO InProceeding (InProceedingId, Title, Pages, Url, ProceedingId) VALUES (580, 'An Agent-Based Approach to Adaptive Hypermedia Using a Link Service.', '260-263', NULL, 24);
INSERT INTO Person (PersonId, Name) VALUES (895, 'Wendy Hall');
INSERT INTO RelationPersonInProceeding (PersonId, InProceedingId) VALUES (895, 580);
INSERT INTO Person (PersonId, Name) VALUES (896, 'Christopher Bailey');
INSERT INTO RelationPersonInProceeding (PersonId, InProceedingId) VALUES (896, 580);
INSERT INTO InProceeding (InProceedingId, Title, Pages, Url, ProceedingId) VALUES (581, 'Personalized Adaptation to Device Characteristics.', '598-602', NULL, 25);
INSERT INTO Person (PersonId, Name) VALUES (897, 'Eelco Herder');
INSERT INTO RelationPersonInProceeding (PersonId, InProceedingId) VALUES (897, 581);
INSERT INTO Person (PersonId, Name) VALUES (898, 'Betsy van Dijk');
INSERT INTO RelationPersonInProceeding (PersonId, InProceedingId) VALUES (898, 581);
INSERT INTO InProceeding (InProceedingId, Title, Pages, Url, ProceedingId) VALUES (582, 'Adaptive Real Time Comment Generation for Sail Racing Scenarios.', '392-396', NULL, 25);
INSERT INTO Person (PersonId, Name) VALUES (899, 'Maria Simi');
INSERT INTO RelationPersonInProceeding (PersonId, InProceedingId) VALUES (899, 582);
INSERT INTO Person (PersonId, Name) VALUES (900, 'Giuliano Pacini');
INSERT INTO RelationPersonInProceeding (PersonId, InProceedingId) VALUES (900, 582);
INSERT INTO Person (PersonId, Name) VALUES (901, 'Andrea Esuli');
INSERT INTO RelationPersonInProceeding (PersonId, InProceedingId) VALUES (901, 582);
INSERT INTO Person (PersonId, Name) VALUES (902, 'Antonio Cisternino');
INSERT INTO RelationPersonInProceeding (PersonId, InProceedingId) VALUES (902, 582);
INSERT INTO InProceeding (InProceedingId, Title, Pages, Url, ProceedingId) VALUES (583, 'Server Independent Personalization for Effective Searching in the World Wide Web.', '488-491', NULL, 25);
INSERT INTO Person (PersonId, Name) VALUES (903, 'Ursula Wolz');
INSERT INTO RelationPersonInProceeding (PersonId, InProceedingId) VALUES (903, 583);
INSERT INTO Person (PersonId, Name) VALUES (904, 'Robert E. Beck');
INSERT INTO RelationPersonInProceeding (PersonId, InProceedingId) VALUES (904, 583);
INSERT INTO Person (PersonId, Name) VALUES (905, 'Lillian N. Cassel');
INSERT INTO RelationPersonInProceeding (PersonId, InProceedingId) VALUES (905, 583);
INSERT INTO InProceeding (InProceedingId, Title, Pages, Url, ProceedingId) VALUES (584, 'A Framework for Educational Adaptive Hypermedia Applications.', '476-479', NULL, 25);
INSERT INTO Person (PersonId, Name) VALUES (906, 'Flix Buenda');
INSERT INTO RelationPersonInProceeding (PersonId, InProceedingId) VALUES (906, 584);
INSERT INTO Person (PersonId, Name) VALUES (907, 'Paloma Daz');
INSERT INTO RelationPersonInProceeding (PersonId, InProceedingId) VALUES (907, 584);
INSERT INTO InProceeding (InProceedingId, Title, Pages, Url, ProceedingId) VALUES (585, 'Adaptivity Conditions Evaluation for the User of Hypermedia Presentations Built with AHA!', '497-500', NULL, 25);
INSERT INTO Person (PersonId, Name) VALUES (908, 'Jos Valdeni de Lima');
INSERT INTO RelationPersonInProceeding (PersonId, InProceedingId) VALUES (908, 585);
INSERT INTO Person (PersonId, Name) VALUES (909, 'Alessandra Cini');
INSERT INTO RelationPersonInProceeding (PersonId, InProceedingId) VALUES (909, 585);
INSERT INTO InProceeding (InProceedingId, Title, Pages, Url, ProceedingId) VALUES (586, 'Adaptation Control in Adaptive Hypermedia Systems.', '250-259', NULL, 24);
INSERT INTO RelationPersonInProceeding (PersonId, InProceedingId) VALUES (868, 586);
INSERT INTO Person (PersonId, Name) VALUES (910, 'Paul De Bra');
INSERT INTO RelationPersonInProceeding (PersonId, InProceedingId) VALUES (910, 586);
INSERT INTO Person (PersonId, Name) VALUES (911, 'A. T. M. Aerts');
INSERT INTO RelationPersonInProceeding (PersonId, InProceedingId) VALUES (911, 586);
INSERT INTO Person (PersonId, Name) VALUES (912, 'Hongjing Wu');
INSERT INTO RelationPersonInProceeding (PersonId, InProceedingId) VALUES (912, 586);
INSERT INTO InProceeding (InProceedingId, Title, Pages, Url, ProceedingId) VALUES (587, 'Adapting Learner Evaluation by Plans.', '539-542', NULL, 25);
INSERT INTO Person (PersonId, Name) VALUES (913, 'Adelinde Uhrmacher');
INSERT INTO RelationPersonInProceeding (PersonId, InProceedingId) VALUES (913, 587);
INSERT INTO Person (PersonId, Name) VALUES (914, 'Alke Martens');
INSERT INTO RelationPersonInProceeding (PersonId, InProceedingId) VALUES (914, 587);
INSERT INTO InProceeding (InProceedingId, Title, Pages, Url, ProceedingId) VALUES (588, 'Exploratory Activity Support Based on a Semantic Feature Map.', '347-350', NULL, 24);
INSERT INTO RelationPersonInProceeding (PersonId, InProceedingId) VALUES (843, 588);
INSERT INTO Person (PersonId, Name) VALUES (915, 'Mizue Kayama');
INSERT INTO RelationPersonInProceeding (PersonId, InProceedingId) VALUES (915, 588);
INSERT INTO RelationPersonInProceeding (PersonId, InProceedingId) VALUES (848, 588);
INSERT INTO InProceeding (InProceedingId, Title, Pages, Url, ProceedingId) VALUES (589, 'Towards Zero-Input Personalization: Referrer-Based Page Prediction.', '133-143', NULL, 24);
INSERT INTO Person (PersonId, Name) VALUES (916, 'James McKee');
INSERT INTO RelationPersonInProceeding (PersonId, InProceedingId) VALUES (916, 589);
INSERT INTO Person (PersonId, Name) VALUES (917, 'Nicholas Kushmerick');
INSERT INTO RelationPersonInProceeding (PersonId, InProceedingId) VALUES (917, 589);
INSERT INTO Person (PersonId, Name) VALUES (918, 'Fergus Toolan');
INSERT INTO RelationPersonInProceeding (PersonId, InProceedingId) VALUES (918, 589);
INSERT INTO InProceeding (InProceedingId, Title, Pages, Url, ProceedingId) VALUES (590, 'Sense-Based User Modelling for Web Sites.', '388-391', NULL, 24);
INSERT INTO RelationPersonInProceeding (PersonId, InProceedingId) VALUES (810, 590);
INSERT INTO Person (PersonId, Name) VALUES (919, 'Bernardo Magnini');
INSERT INTO RelationPersonInProceeding (PersonId, InProceedingId) VALUES (919, 590);
INSERT INTO Person (PersonId, Name) VALUES (920, 'Anna Stefani');
INSERT INTO RelationPersonInProceeding (PersonId, InProceedingId) VALUES (920, 590);
INSERT INTO InProceeding (InProceedingId, Title, Pages, Url, ProceedingId) VALUES (591, 'A Fuzzy-Based Approach to User Model Refinement in Adaptive Hypermedia Systems.', '411-414', NULL, 25);
INSERT INTO Person (PersonId, Name) VALUES (921, 'Cveta Martinovska');
INSERT INTO RelationPersonInProceeding (PersonId, InProceedingId) VALUES (921, 591);
INSERT INTO InProceeding (InProceedingId, Title, Pages, Url, ProceedingId) VALUES (592, 'Personis: A Server for User Models.', '203-212', NULL, 25);
INSERT INTO RelationPersonInProceeding (PersonId, InProceedingId) VALUES (839, 592);
INSERT INTO Person (PersonId, Name) VALUES (922, 'Bob Kummerfeld');
INSERT INTO RelationPersonInProceeding (PersonId, InProceedingId) VALUES (922, 592);
INSERT INTO Person (PersonId, Name) VALUES (923, 'Piers Lauder');
INSERT INTO RelationPersonInProceeding (PersonId, InProceedingId) VALUES (923, 592);
INSERT INTO InProceeding (InProceedingId, Title, Pages, Url, ProceedingId) VALUES (593, 'Automatic Extraction of Semantically-Meaningful Information from the Web..', '24-35', NULL, 25);
INSERT INTO Person (PersonId, Name) VALUES (924, 'Rafael Corchuelo');
INSERT INTO RelationPersonInProceeding (PersonId, InProceedingId) VALUES (924, 593);
INSERT INTO Person (PersonId, Name) VALUES (925, 'Miguel Toro');
INSERT INTO RelationPersonInProceeding (PersonId, InProceedingId) VALUES (925, 593);
INSERT INTO Person (PersonId, Name) VALUES (926, 'Jos Luis Arjona');
INSERT INTO RelationPersonInProceeding (PersonId, InProceedingId) VALUES (926, 593);
INSERT INTO Person (PersonId, Name) VALUES (927, 'Antonio Ruiz Corts');
INSERT INTO RelationPersonInProceeding (PersonId, InProceedingId) VALUES (927, 593);
INSERT INTO InProceeding (InProceedingId, Title, Pages, Url, ProceedingId) VALUES (594, 'METIORE: A Publications Reference for the Adaptive Hypermedia Community.', '480-483', NULL, 25);
INSERT INTO RelationPersonInProceeding (PersonId, InProceedingId) VALUES (811, 594);
INSERT INTO Person (PersonId, Name) VALUES (928, 'David Bueno');
INSERT INTO RelationPersonInProceeding (PersonId, InProceedingId) VALUES (928, 594);
INSERT INTO Person (PersonId, Name) VALUES (929, 'Cristina Carmona');
INSERT INTO RelationPersonInProceeding (PersonId, InProceedingId) VALUES (929, 594);
INSERT INTO Person (PersonId, Name) VALUES (930, 'Amos David');
INSERT INTO RelationPersonInProceeding (PersonId, InProceedingId) VALUES (930, 594);
INSERT INTO InProceeding (InProceedingId, Title, Pages, Url, ProceedingId) VALUES (595, 'Automated Collaborative Filtering Applications for Online Recruitment Services.', '363-368', NULL, 24);
INSERT INTO RelationPersonInProceeding (PersonId, InProceedingId) VALUES (892, 595);
INSERT INTO RelationPersonInProceeding (PersonId, InProceedingId) VALUES (893, 595);
INSERT INTO RelationPersonInProceeding (PersonId, InProceedingId) VALUES (894, 595);
INSERT INTO InProceeding (InProceedingId, Title, Pages, Url, ProceedingId) VALUES (596, 'An Adaptive e-Commerce System Definition.', '505-509', NULL, 25);
INSERT INTO Person (PersonId, Name) VALUES (931, 'Ana Beln Gil');
INSERT INTO RelationPersonInProceeding (PersonId, InProceedingId) VALUES (931, 596);
INSERT INTO Person (PersonId, Name) VALUES (932, 'Fabio Patern');
INSERT INTO RelationPersonInProceeding (PersonId, InProceedingId) VALUES (932, 596);
INSERT INTO Person (PersonId, Name) VALUES (933, 'Francisco Jos Garca');
INSERT INTO RelationPersonInProceeding (PersonId, InProceedingId) VALUES (933, 596);
INSERT INTO InProceeding (InProceedingId, Title, Pages, Url, ProceedingId) VALUES (597, 'Adaptive Learning Environment for Teaching and Learning in WINDS.', '572-575', NULL, 25);
INSERT INTO Person (PersonId, Name) VALUES (934, 'Roland Klemke');
INSERT INTO RelationPersonInProceeding (PersonId, InProceedingId) VALUES (934, 597);
INSERT INTO Person (PersonId, Name) VALUES (935, 'Marcus Specht');
INSERT INTO RelationPersonInProceeding (PersonId, InProceedingId) VALUES (935, 597);
INSERT INTO Person (PersonId, Name) VALUES (936, 'Rdiger Httenhain');
INSERT INTO RelationPersonInProceeding (PersonId, InProceedingId) VALUES (936, 597);
INSERT INTO Person (PersonId, Name) VALUES (937, 'Milos Kravcik');
INSERT INTO RelationPersonInProceeding (PersonId, InProceedingId) VALUES (937, 597);
INSERT INTO Person (PersonId, Name) VALUES (938, 'Leonid Pesin');
INSERT INTO RelationPersonInProceeding (PersonId, InProceedingId) VALUES (938, 597);
INSERT INTO InProceeding (InProceedingId, Title, Pages, Url, ProceedingId) VALUES (598, 'Collaborative Maintenance in ULYSSES.', '301-304', NULL, 24);
INSERT INTO Person (PersonId, Name) VALUES (939, 'Keith Waters');
INSERT INTO RelationPersonInProceeding (PersonId, InProceedingId) VALUES (939, 598);
INSERT INTO RelationPersonInProceeding (PersonId, InProceedingId) VALUES (893, 598);
INSERT INTO Person (PersonId, Name) VALUES (940, 'Maria Angela Ferrario');
INSERT INTO RelationPersonInProceeding (PersonId, InProceedingId) VALUES (940, 598);
INSERT INTO InProceeding (InProceedingId, Title, Pages, Url, ProceedingId) VALUES (599, 'What Does the User Want to Know About Web Resources? A User Model for Metadata.', '268-271', NULL, 24);
INSERT INTO Person (PersonId, Name) VALUES (941, 'Alison Cawsey');
INSERT INTO RelationPersonInProceeding (PersonId, InProceedingId) VALUES (941, 599);
INSERT INTO Person (PersonId, Name) VALUES (942, 'Patrick McAndrew');
INSERT INTO RelationPersonInProceeding (PersonId, InProceedingId) VALUES (942, 599);
INSERT INTO Person (PersonId, Name) VALUES (943, 'Bruce Eddy');
INSERT INTO RelationPersonInProceeding (PersonId, InProceedingId) VALUES (943, 599);
INSERT INTO Person (PersonId, Name) VALUES (944, 'Diana Bental');
INSERT INTO RelationPersonInProceeding (PersonId, InProceedingId) VALUES (944, 599);
INSERT INTO InProceeding (InProceedingId, Title, Pages, Url, ProceedingId) VALUES (600, 'Adapting Web-Based Information to the Needs of Patients with Cancer.', '27-37', NULL, 24);
INSERT INTO RelationPersonInProceeding (PersonId, InProceedingId) VALUES (941, 600);
INSERT INTO Person (PersonId, Name) VALUES (945, 'Ray Jones');
INSERT INTO RelationPersonInProceeding (PersonId, InProceedingId) VALUES (945, 600);
INSERT INTO Person (PersonId, Name) VALUES (946, 'Janne Pearson');
INSERT INTO RelationPersonInProceeding (PersonId, InProceedingId) VALUES (946, 600);
INSERT INTO RelationPersonInProceeding (PersonId, InProceedingId) VALUES (944, 600);
INSERT INTO InProceeding (InProceedingId, Title, Pages, Url, ProceedingId) VALUES (601, 'Providing Tailored (Context-Aware) Information to City Visitors.', '73-85', NULL, 24);
INSERT INTO Person (PersonId, Name) VALUES (947, 'Nigel Davies');
INSERT INTO RelationPersonInProceeding (PersonId, InProceedingId) VALUES (947, 601);
INSERT INTO Person (PersonId, Name) VALUES (948, 'Keith Cheverst');
INSERT INTO RelationPersonInProceeding (PersonId, InProceedingId) VALUES (948, 601);
INSERT INTO Person (PersonId, Name) VALUES (949, 'Keith Mitchell');
INSERT INTO RelationPersonInProceeding (PersonId, InProceedingId) VALUES (949, 601);
INSERT INTO Person (PersonId, Name) VALUES (950, 'Paul Smith');
INSERT INTO RelationPersonInProceeding (PersonId, InProceedingId) VALUES (950, 601);
INSERT INTO InProceeding (InProceedingId, Title, Pages, Url, ProceedingId) VALUES (602, 'Logical Dimensions for the Information Provided by a Virtual Guide.', '359-362', NULL, 24);
INSERT INTO RelationPersonInProceeding (PersonId, InProceedingId) VALUES (932, 602);
INSERT INTO Person (PersonId, Name) VALUES (951, 'Luisa Marucci');
INSERT INTO RelationPersonInProceeding (PersonId, InProceedingId) VALUES (951, 602);
INSERT INTO InProceeding (InProceedingId, Title, Pages, Url, ProceedingId) VALUES (603, 'Recommending Internet-Domains Using Trails and Neural Networks.', '368-371', NULL, 25);
INSERT INTO Person (PersonId, Name) VALUES (952, 'Tobias Berka');
INSERT INTO RelationPersonInProceeding (PersonId, InProceedingId) VALUES (952, 603);
INSERT INTO Person (PersonId, Name) VALUES (953, 'Wernher Behrendt');
INSERT INTO RelationPersonInProceeding (PersonId, InProceedingId) VALUES (953, 603);
INSERT INTO Person (PersonId, Name) VALUES (954, 'Erich Gams');
INSERT INTO RelationPersonInProceeding (PersonId, InProceedingId) VALUES (954, 603);
INSERT INTO Person (PersonId, Name) VALUES (955, 'Siegfried Reich');
INSERT INTO RelationPersonInProceeding (PersonId, InProceedingId) VALUES (955, 603);
INSERT INTO InProceeding (InProceedingId, Title, Pages, Url, ProceedingId) VALUES (604, 'The Adaptive University Calendar.', '384-387', NULL, 24);
INSERT INTO Person (PersonId, Name) VALUES (956, 'Manfred Stede');
INSERT INTO RelationPersonInProceeding (PersonId, InProceedingId) VALUES (956, 604);
INSERT INTO Person (PersonId, Name) VALUES (957, 'Stephan Koch');
INSERT INTO RelationPersonInProceeding (PersonId, InProceedingId) VALUES (957, 604);
INSERT INTO InProceeding (InProceedingId, Title, Pages, Url, ProceedingId) VALUES (605, 'Adaptive Content in an Online Lecture System.', '227-238', NULL, 24);
INSERT INTO Person (PersonId, Name) VALUES (958, 'Mia Stern');
INSERT INTO RelationPersonInProceeding (PersonId, InProceedingId) VALUES (958, 605);
INSERT INTO Person (PersonId, Name) VALUES (959, 'Beverly Park Woolf');
INSERT INTO RelationPersonInProceeding (PersonId, InProceedingId) VALUES (959, 605);
INSERT INTO InProceeding (InProceedingId, Title, Pages, Url, ProceedingId) VALUES (606, 'A Case-Based Recommender System Using Implicit Rating Techniques.', '522-526', NULL, 25);
INSERT INTO Person (PersonId, Name) VALUES (960, 'Sooho Ok');
INSERT INTO RelationPersonInProceeding (PersonId, InProceedingId) VALUES (960, 606);
INSERT INTO Person (PersonId, Name) VALUES (961, 'Yongtae Woo');
INSERT INTO RelationPersonInProceeding (PersonId, InProceedingId) VALUES (961, 606);
INSERT INTO Person (PersonId, Name) VALUES (962, 'Youngji Kim');
INSERT INTO RelationPersonInProceeding (PersonId, InProceedingId) VALUES (962, 606);
INSERT INTO InProceeding (InProceedingId, Title, Pages, Url, ProceedingId) VALUES (607, 'Interface Adaptation to Style of User-Computer Interaction.', '293-296', NULL, 24);
INSERT INTO Person (PersonId, Name) VALUES (963, 'Dimcho Boyadjiev');
INSERT INTO RelationPersonInProceeding (PersonId, InProceedingId) VALUES (963, 607);
INSERT INTO Person (PersonId, Name) VALUES (964, 'Maia Dimitrova');
INSERT INTO RelationPersonInProceeding (PersonId, InProceedingId) VALUES (964, 607);
INSERT INTO Person (PersonId, Name) VALUES (965, 'Nikolai Butorin');
INSERT INTO RelationPersonInProceeding (PersonId, InProceedingId) VALUES (965, 607);
INSERT INTO InProceeding (InProceedingId, Title, Pages, Url, ProceedingId) VALUES (608, 'Towards Open Adaptive Hypermedia.', '36-46', NULL, 25);
INSERT INTO RelationPersonInProceeding (PersonId, InProceedingId) VALUES (895, 608);
INSERT INTO RelationPersonInProceeding (PersonId, InProceedingId) VALUES (896, 608);
INSERT INTO Person (PersonId, Name) VALUES (966, 'David E. Millard');
INSERT INTO RelationPersonInProceeding (PersonId, InProceedingId) VALUES (966, 608);
INSERT INTO Person (PersonId, Name) VALUES (967, 'Mark J. Weal');
INSERT INTO RelationPersonInProceeding (PersonId, InProceedingId) VALUES (967, 608);
INSERT INTO InProceeding (InProceedingId, Title, Pages, Url, ProceedingId) VALUES (609, 'Improving Interactivity in e-Learning Systems with Multi-agent Architecture.', '466-471', NULL, 25);
INSERT INTO Person (PersonId, Name) VALUES (968, 'Ricardo Azambuja Silveira');
INSERT INTO RelationPersonInProceeding (PersonId, InProceedingId) VALUES (968, 609);
INSERT INTO Person (PersonId, Name) VALUES (969, 'Rosa Maria Vicari');
INSERT INTO RelationPersonInProceeding (PersonId, InProceedingId) VALUES (969, 609);
INSERT INTO InProceeding (InProceedingId, Title, Pages, Url, ProceedingId) VALUES (610, 'Ephemeral and Persistent Personalization in Adaptive Information Access to Scholarly Publications on the Web.', '306-316', NULL, 25);
INSERT INTO Person (PersonId, Name) VALUES (970, 'Stefano Mizzaro');
INSERT INTO RelationPersonInProceeding (PersonId, InProceedingId) VALUES (970, 610);
INSERT INTO Person (PersonId, Name) VALUES (971, 'Carlo Tasso');
INSERT INTO RelationPersonInProceeding (PersonId, InProceedingId) VALUES (971, 610);
INSERT INTO InProceeding (InProceedingId, Title, Pages, Url, ProceedingId) VALUES (611, 'Adaptation and Personalization on Board Cars: A Framework and Its Application to Tourist Services.', '112-121', NULL, 25);
INSERT INTO Person (PersonId, Name) VALUES (972, 'Ilaria Torre');
INSERT INTO RelationPersonInProceeding (PersonId, InProceedingId) VALUES (972, 611);
INSERT INTO Person (PersonId, Name) VALUES (973, 'V. Surano');
INSERT INTO RelationPersonInProceeding (PersonId, InProceedingId) VALUES (973, 611);
INSERT INTO Person (PersonId, Name) VALUES (974, 'I. Lombardi');
INSERT INTO RelationPersonInProceeding (PersonId, InProceedingId) VALUES (974, 611);
INSERT INTO Person (PersonId, Name) VALUES (975, 'Luca Console');
INSERT INTO RelationPersonInProceeding (PersonId, InProceedingId) VALUES (975, 611);
INSERT INTO Person (PersonId, Name) VALUES (976, 'S. Gioria');
INSERT INTO RelationPersonInProceeding (PersonId, InProceedingId) VALUES (976, 611);
INSERT INTO InProceeding (InProceedingId, Title, Pages, Url, ProceedingId) VALUES (612, 'An Adaptive Cooperative Web Authoring Environment.', '535-538', NULL, 25);
INSERT INTO Person (PersonId, Name) VALUES (977, 'Jess Favela');
INSERT INTO RelationPersonInProceeding (PersonId, InProceedingId) VALUES (977, 612);
INSERT INTO Person (PersonId, Name) VALUES (978, 'Ana Mara Martnez Enrquez');
INSERT INTO RelationPersonInProceeding (PersonId, InProceedingId) VALUES (978, 612);
INSERT INTO Person (PersonId, Name) VALUES (979, 'Alberto L. Morn');
INSERT INTO RelationPersonInProceeding (PersonId, InProceedingId) VALUES (979, 612);
INSERT INTO Person (PersonId, Name) VALUES (980, 'Dominique Decouchant');
INSERT INTO RelationPersonInProceeding (PersonId, InProceedingId) VALUES (980, 612);
INSERT INTO InProceeding (InProceedingId, Title, Pages, Url, ProceedingId) VALUES (613, 'Layered Evaluation of Adaptive Applications and Services.', '343-346', NULL, 24);
INSERT INTO Person (PersonId, Name) VALUES (981, 'Demetrios G. Sampson');
INSERT INTO RelationPersonInProceeding (PersonId, InProceedingId) VALUES (981, 613);
INSERT INTO Person (PersonId, Name) VALUES (982, 'Charalampos Karagiannidis');
INSERT INTO RelationPersonInProceeding (PersonId, InProceedingId) VALUES (982, 613);
INSERT INTO InProceeding (InProceedingId, Title, Pages, Url, ProceedingId) VALUES (614, 'Pros and Cons of Controllability: An Empirical Study.', '193-202', NULL, 25);
INSERT INTO Person (PersonId, Name) VALUES (983, 'Eric Schwarzkopf');
INSERT INTO RelationPersonInProceeding (PersonId, InProceedingId) VALUES (983, 614);
INSERT INTO Person (PersonId, Name) VALUES (984, 'Anthony Jameson');
INSERT INTO RelationPersonInProceeding (PersonId, InProceedingId) VALUES (984, 614);
INSERT INTO InProceeding (InProceedingId, Title, Pages, Url, ProceedingId) VALUES (615, 'An Adaptive Open Hypermedia System on the Web.', '305-310', NULL, 24);
INSERT INTO Person (PersonId, Name) VALUES (985, 'Riccardo Rizzo');
INSERT INTO RelationPersonInProceeding (PersonId, InProceedingId) VALUES (985, 615);
INSERT INTO Person (PersonId, Name) VALUES (986, 'Rossella Corrao');
INSERT INTO RelationPersonInProceeding (PersonId, InProceedingId) VALUES (986, 615);
INSERT INTO Person (PersonId, Name) VALUES (987, 'Giovanni Fulantelli');
INSERT INTO RelationPersonInProceeding (PersonId, InProceedingId) VALUES (987, 615);
INSERT INTO Person (PersonId, Name) VALUES (988, 'Marco Arrigo');
INSERT INTO RelationPersonInProceeding (PersonId, InProceedingId) VALUES (988, 615);
INSERT INTO InProceeding (InProceedingId, Title, Pages, Url, ProceedingId) VALUES (616, 'Analysing Web Search Logs to Determine Session Boundaries for User-Oriented Learning.', '319-322', NULL, 24);
INSERT INTO Person (PersonId, Name) VALUES (989, 'Ayse Gker');
INSERT INTO RelationPersonInProceeding (PersonId, InProceedingId) VALUES (989, 616);
INSERT INTO Person (PersonId, Name) VALUES (990, 'Daqing He');
INSERT INTO RelationPersonInProceeding (PersonId, InProceedingId) VALUES (990, 616);
INSERT INTO InProceeding (InProceedingId, Title, Pages, Url, ProceedingId) VALUES (617, 'The Munich Reference Model for Adaptive Hypermedia Applications.', '213-222', NULL, 25);
INSERT INTO Person (PersonId, Name) VALUES (991, 'Nora Koch');
INSERT INTO RelationPersonInProceeding (PersonId, InProceedingId) VALUES (991, 617);
INSERT INTO Person (PersonId, Name) VALUES (992, 'Martin Wirsing');
INSERT INTO RelationPersonInProceeding (PersonId, InProceedingId) VALUES (992, 617);
INSERT INTO InProceeding (InProceedingId, Title, Pages, Url, ProceedingId) VALUES (618, 'Automated Personalization of Internet News.', '348-357', NULL, 25);
INSERT INTO Person (PersonId, Name) VALUES (993, 'Aditya V. Sunderam');
INSERT INTO RelationPersonInProceeding (PersonId, InProceedingId) VALUES (993, 618);
INSERT INTO InProceeding (InProceedingId, Title, Pages, Url, ProceedingId) VALUES (619, 'A Hybrid Recommender System Combining Collaborative Filtering with Neural Network.', '531-534', NULL, 25);
INSERT INTO Person (PersonId, Name) VALUES (994, 'Meehee Lee');
INSERT INTO RelationPersonInProceeding (PersonId, InProceedingId) VALUES (994, 619);
INSERT INTO RelationPersonInProceeding (PersonId, InProceedingId) VALUES (961, 619);
INSERT INTO Person (PersonId, Name) VALUES (995, 'Pyungseok Choi');
INSERT INTO RelationPersonInProceeding (PersonId, InProceedingId) VALUES (995, 619);
INSERT INTO InProceeding (InProceedingId, Title, Pages, Url, ProceedingId) VALUES (620, 'A Simple Architecture for Adaptive Hypertext.', '568-571', NULL, 25);
INSERT INTO Person (PersonId, Name) VALUES (996, 'Oreste Signore');
INSERT INTO RelationPersonInProceeding (PersonId, InProceedingId) VALUES (996, 620);
INSERT INTO InProceeding (InProceedingId, Title, Pages, Url, ProceedingId) VALUES (621, 'Adaptivity for Conceptual and Narrative Flow in Hyperbooks: The MetaLinks System.', '155-166', NULL, 24);
INSERT INTO Person (PersonId, Name) VALUES (997, 'Janette Piemonte');
INSERT INTO RelationPersonInProceeding (PersonId, InProceedingId) VALUES (997, 621);
INSERT INTO Person (PersonId, Name) VALUES (998, 'Jason Thibedeau');
INSERT INTO RelationPersonInProceeding (PersonId, InProceedingId) VALUES (998, 621);
INSERT INTO Person (PersonId, Name) VALUES (999, 'Tom Murray');
INSERT INTO RelationPersonInProceeding (PersonId, InProceedingId) VALUES (999, 621);
INSERT INTO Person (PersonId, Name) VALUES (1000, 'Chris Condit');
INSERT INTO RelationPersonInProceeding (PersonId, InProceedingId) VALUES (1000, 621);
INSERT INTO Person (PersonId, Name) VALUES (1001, 'Tina Shen');
INSERT INTO RelationPersonInProceeding (PersonId, InProceedingId) VALUES (1001, 621);
INSERT INTO InProceeding (InProceedingId, Title, Pages, Url, ProceedingId) VALUES (622, 'Group User Models for Personalized Hyperlink Recommendations.', '38-50', NULL, 24);
INSERT INTO Person (PersonId, Name) VALUES (1002, 'Johan Bollen');
INSERT INTO RelationPersonInProceeding (PersonId, InProceedingId) VALUES (1002, 622);
INSERT INTO InProceeding (InProceedingId, Title, Pages, Url, ProceedingId) VALUES (623, 'Ubiquitous User Assistance in a Tourist Information Server.', '14-23', NULL, 25);
INSERT INTO Person (PersonId, Name) VALUES (1003, 'Liliana Ardissono');
INSERT INTO RelationPersonInProceeding (PersonId, InProceedingId) VALUES (1003, 623);
INSERT INTO Person (PersonId, Name) VALUES (1004, 'Giovanna Petrone');
INSERT INTO RelationPersonInProceeding (PersonId, InProceedingId) VALUES (1004, 623);
INSERT INTO Person (PersonId, Name) VALUES (1005, 'Pietro Torasso');
INSERT INTO RelationPersonInProceeding (PersonId, InProceedingId) VALUES (1005, 623);
INSERT INTO Person (PersonId, Name) VALUES (1006, 'Anna Goy');
INSERT INTO RelationPersonInProceeding (PersonId, InProceedingId) VALUES (1006, 623);
INSERT INTO Person (PersonId, Name) VALUES (1007, 'Marino Segnan');
INSERT INTO RelationPersonInProceeding (PersonId, InProceedingId) VALUES (1007, 623);
INSERT INTO InProceeding (InProceedingId, Title, Pages, Url, ProceedingId) VALUES (624, 'Coherence in Modularly Composed Adaptive Learning Documents.', '375-379', NULL, 24);
INSERT INTO Person (PersonId, Name) VALUES (1008, 'Ralf Steinmetz');
INSERT INTO RelationPersonInProceeding (PersonId, InProceedingId) VALUES (1008, 624);
INSERT INTO Person (PersonId, Name) VALUES (1009, 'Achim Steinacker');
INSERT INTO RelationPersonInProceeding (PersonId, InProceedingId) VALUES (1009, 624);
INSERT INTO Person (PersonId, Name) VALUES (1010, 'Cornelia Seeberg');
INSERT INTO RelationPersonInProceeding (PersonId, InProceedingId) VALUES (1010, 624);
INSERT INTO InProceeding (InProceedingId, Title, Pages, Url, ProceedingId) VALUES (625, 'The Exploratory of Personal Assistants.', '608-612', NULL, 25);
INSERT INTO Person (PersonId, Name) VALUES (1011, 'Tang Enya Kong');
INSERT INTO RelationPersonInProceeding (PersonId, InProceedingId) VALUES (1011, 625);
INSERT INTO Person (PersonId, Name) VALUES (1012, 'Lim Tek Yong');
INSERT INTO RelationPersonInProceeding (PersonId, InProceedingId) VALUES (1012, 625);
INSERT INTO InProceeding (InProceedingId, Title, Pages, Url, ProceedingId) VALUES (626, 'Adaptivity in AHMED.', '351-354', NULL, 24);
INSERT INTO Person (PersonId, Name) VALUES (1013, 'Erkki Sutinen');
INSERT INTO RelationPersonInProceeding (PersonId, InProceedingId) VALUES (1013, 626);
INSERT INTO Person (PersonId, Name) VALUES (1014, 'Jaakko Kurhila');
INSERT INTO RelationPersonInProceeding (PersonId, InProceedingId) VALUES (1014, 626);
INSERT INTO InProceeding (InProceedingId, Title, Pages, Url, ProceedingId) VALUES (627, 'A Study Comparing the Use of Shaded Text and Adaptive Navigational Support in Adaptive Hypermedia.', '335-342', NULL, 24);
INSERT INTO Person (PersonId, Name) VALUES (1015, 'Tim Sly');
INSERT INTO RelationPersonInProceeding (PersonId, InProceedingId) VALUES (1015, 627);
INSERT INTO RelationPersonInProceeding (PersonId, InProceedingId) VALUES (895, 627);
INSERT INTO Person (PersonId, Name) VALUES (1016, 'Jatinder Hothi');
INSERT INTO RelationPersonInProceeding (PersonId, InProceedingId) VALUES (1016, 627);
INSERT INTO InProceeding (InProceedingId, Title, Pages, Url, ProceedingId) VALUES (628, 'Dynamic Generation of Adaptive Web Catalogs.', '5-16', NULL, 24);
INSERT INTO RelationPersonInProceeding (PersonId, InProceedingId) VALUES (1003, 628);
INSERT INTO RelationPersonInProceeding (PersonId, InProceedingId) VALUES (1006, 628);
INSERT INTO InProceeding (InProceedingId, Title, Pages, Url, ProceedingId) VALUES (629, 'PlanEdit: An Adaptive Problem Solving Tool for Design.', '560-563', NULL, 25);
INSERT INTO Person (PersonId, Name) VALUES (1017, 'Felisa Verdejo');
INSERT INTO RelationPersonInProceeding (PersonId, InProceedingId) VALUES (1017, 629);
INSERT INTO Person (PersonId, Name) VALUES (1018, 'Crescencio Bravo');
INSERT INTO RelationPersonInProceeding (PersonId, InProceedingId) VALUES (1018, 629);
INSERT INTO Person (PersonId, Name) VALUES (1019, 'Miguel A. Redondo');
INSERT INTO RelationPersonInProceeding (PersonId, InProceedingId) VALUES (1019, 629);
INSERT INTO Person (PersonId, Name) VALUES (1020, 'Manuel Ortega');
INSERT INTO RelationPersonInProceeding (PersonId, InProceedingId) VALUES (1020, 629);
INSERT INTO InProceeding (InProceedingId, Title, Pages, Url, ProceedingId) VALUES (630, 'IMAP - Intelligent Multimedia Authoring Tools for Electronic Publishing.', '527-530', NULL, 25);
INSERT INTO Person (PersonId, Name) VALUES (1021, 'Alexander Krner');
INSERT INTO RelationPersonInProceeding (PersonId, InProceedingId) VALUES (1021, 630);
INSERT INTO Person (PersonId, Name) VALUES (1022, 'Lea Tsaban');
INSERT INTO RelationPersonInProceeding (PersonId, InProceedingId) VALUES (1022, 630);
INSERT INTO Person (PersonId, Name) VALUES (1023, 'Sarit Kraus');
INSERT INTO RelationPersonInProceeding (PersonId, InProceedingId) VALUES (1023, 630);
INSERT INTO InProceeding (InProceedingId, Title, Pages, Url, ProceedingId) VALUES (631, 'Conceptual Modeling of Personalized Web Applications.', '358-362', NULL, 25);
INSERT INTO Person (PersonId, Name) VALUES (1024, 'Magal Gonzlez');
INSERT INTO RelationPersonInProceeding (PersonId, InProceedingId) VALUES (1024, 631);
INSERT INTO Person (PersonId, Name) VALUES (1025, 'Joan Fons');
INSERT INTO RelationPersonInProceeding (PersonId, InProceedingId) VALUES (1025, 631);
INSERT INTO Person (PersonId, Name) VALUES (1026, 'Oscar Pastor');
INSERT INTO RelationPersonInProceeding (PersonId, InProceedingId) VALUES (1026, 631);
INSERT INTO Person (PersonId, Name) VALUES (1027, 'Silvia Mara Abraho');
INSERT INTO RelationPersonInProceeding (PersonId, InProceedingId) VALUES (1027, 631);
INSERT INTO InProceeding (InProceedingId, Title, Pages, Url, ProceedingId) VALUES (632, 'EDUCO - A Collaborative Learning Environment Based on Social Navigation.', '242-252', NULL, 25);
INSERT INTO Person (PersonId, Name) VALUES (1028, 'Henry Tirri');
INSERT INTO RelationPersonInProceeding (PersonId, InProceedingId) VALUES (1028, 632);
INSERT INTO RelationPersonInProceeding (PersonId, InProceedingId) VALUES (1014, 632);
INSERT INTO Person (PersonId, Name) VALUES (1029, 'Petri Nokelainen');
INSERT INTO RelationPersonInProceeding (PersonId, InProceedingId) VALUES (1029, 632);
INSERT INTO Person (PersonId, Name) VALUES (1030, 'Miikka Miettinen');
INSERT INTO RelationPersonInProceeding (PersonId, InProceedingId) VALUES (1030, 632);
INSERT INTO InProceeding (InProceedingId, Title, Pages, Url, ProceedingId) VALUES (633, 'On Adaptability of Web Sites for Visually Handicapped People.', '264-273', NULL, 25);
INSERT INTO Person (PersonId, Name) VALUES (1031, 'Fernando Snchez');
INSERT INTO RelationPersonInProceeding (PersonId, InProceedingId) VALUES (1031, 633);
INSERT INTO Person (PersonId, Name) VALUES (1032, 'Julia Gonzlez');
INSERT INTO RelationPersonInProceeding (PersonId, InProceedingId) VALUES (1032, 633);
INSERT INTO Person (PersonId, Name) VALUES (1033, 'Mercedes Macas');
INSERT INTO RelationPersonInProceeding (PersonId, InProceedingId) VALUES (1033, 633);
INSERT INTO InProceeding (InProceedingId, Title, Pages, Url, ProceedingId) VALUES (634, 'GOOSE: A Goal-Oriented Search Engine with Commonsense.', '253-263', NULL, 25);
INSERT INTO Person (PersonId, Name) VALUES (1034, 'Ted Selker');
INSERT INTO RelationPersonInProceeding (PersonId, InProceedingId) VALUES (1034, 634);
INSERT INTO Person (PersonId, Name) VALUES (1035, 'Henry Lieberman');
INSERT INTO RelationPersonInProceeding (PersonId, InProceedingId) VALUES (1035, 634);
INSERT INTO Person (PersonId, Name) VALUES (1036, 'Hugo Liu');
INSERT INTO RelationPersonInProceeding (PersonId, InProceedingId) VALUES (1036, 634);
INSERT INTO InProceeding (InProceedingId, Title, Pages, Url, ProceedingId) VALUES (635, 'A Methodology for Developing Adaptive Educational-Game Environments.', '90-99', NULL, 25);
INSERT INTO RelationPersonInProceeding (PersonId, InProceedingId) VALUES (881, 635);
INSERT INTO Person (PersonId, Name) VALUES (1037, 'Ana M. Breda');
INSERT INTO RelationPersonInProceeding (PersonId, InProceedingId) VALUES (1037, 635);
INSERT INTO Person (PersonId, Name) VALUES (1038, 'Gladys Castillo');
INSERT INTO RelationPersonInProceeding (PersonId, InProceedingId) VALUES (1038, 635);
INSERT INTO Person (PersonId, Name) VALUES (1039, 'Antonio L. Bajuelos');
INSERT INTO RelationPersonInProceeding (PersonId, InProceedingId) VALUES (1039, 635);
INSERT INTO InProceeding (InProceedingId, Title, Pages, Url, ProceedingId) VALUES (636, 'Dynamic Generation of Interactive Dialogs Based on Intelligent Agents.', '564-567', NULL, 25);
INSERT INTO Person (PersonId, Name) VALUES (1040, 'Martn Gonzlez Rodrguez');
INSERT INTO RelationPersonInProceeding (PersonId, InProceedingId) VALUES (1040, 636);
INSERT INTO Person (PersonId, Name) VALUES (1041, 'Benjamin Lpez Prez');
INSERT INTO RelationPersonInProceeding (PersonId, InProceedingId) VALUES (1041, 636);
INSERT INTO Person (PersonId, Name) VALUES (1042, 'Mara del Puerto Paule Ruz');
INSERT INTO RelationPersonInProceeding (PersonId, InProceedingId) VALUES (1042, 636);
INSERT INTO Person (PersonId, Name) VALUES (1043, 'Juan Ramn Prez Prez');
INSERT INTO RelationPersonInProceeding (PersonId, InProceedingId) VALUES (1043, 636);
INSERT INTO InProceeding (InProceedingId, Title, Pages, Url, ProceedingId) VALUES (637, 'An Adaptive Document Generation Based on Matrix of Contents.', '355-358', NULL, 24);
INSERT INTO Person (PersonId, Name) VALUES (1044, 'Mohamed Ben Ahmed');
INSERT INTO RelationPersonInProceeding (PersonId, InProceedingId) VALUES (1044, 637);
INSERT INTO Person (PersonId, Name) VALUES (1045, 'Mona Laroussi');
INSERT INTO RelationPersonInProceeding (PersonId, InProceedingId) VALUES (1045, 637);
INSERT INTO Person (PersonId, Name) VALUES (1046, 'Mauro Marinilli');
INSERT INTO RelationPersonInProceeding (PersonId, InProceedingId) VALUES (1046, 637);
INSERT INTO InProceeding (InProceedingId, Title, Pages, Url, ProceedingId) VALUES (638, 'ConTexts: Adaptable Hypermedia.', '369-374', NULL, 24);
INSERT INTO Person (PersonId, Name) VALUES (1047, 'Monica M. C. Schraefel');
INSERT INTO RelationPersonInProceeding (PersonId, InProceedingId) VALUES (1047, 638);
INSERT INTO InProceeding (InProceedingId, Title, Pages, Url, ProceedingId) VALUES (639, 'Preventing Misleading Presentations of XML Documents: Some Initial Proposals.', '492-496', NULL, 25);
INSERT INTO Person (PersonId, Name) VALUES (1048, 'Lachlan M. MacKinnon');
INSERT INTO RelationPersonInProceeding (PersonId, InProceedingId) VALUES (1048, 639);
INSERT INTO RelationPersonInProceeding (PersonId, InProceedingId) VALUES (941, 639);
INSERT INTO Person (PersonId, Name) VALUES (1049, 'David H. Marwick');
INSERT INTO RelationPersonInProceeding (PersonId, InProceedingId) VALUES (1049, 639);
INSERT INTO Person (PersonId, Name) VALUES (1050, 'Howard Williams');
INSERT INTO RelationPersonInProceeding (PersonId, InProceedingId) VALUES (1050, 639);
INSERT INTO Person (PersonId, Name) VALUES (1051, 'Daniel Pacey');
INSERT INTO RelationPersonInProceeding (PersonId, InProceedingId) VALUES (1051, 639);
INSERT INTO Person (PersonId, Name) VALUES (1052, 'Euan W. Dempster');
INSERT INTO RelationPersonInProceeding (PersonId, InProceedingId) VALUES (1052, 639);
INSERT INTO RelationPersonInProceeding (PersonId, InProceedingId) VALUES (944, 639);
INSERT INTO InProceeding (InProceedingId, Title, Pages, Url, ProceedingId) VALUES (640, 'The Plight of the Navigator: Solving the Navigation Problem for Wireless Portals.', '328-337', NULL, 25);
INSERT INTO Person (PersonId, Name) VALUES (1053, 'Paul Cotter');
INSERT INTO RelationPersonInProceeding (PersonId, InProceedingId) VALUES (1053, 640);
INSERT INTO RelationPersonInProceeding (PersonId, InProceedingId) VALUES (893, 640);
INSERT INTO InProceeding (InProceedingId, Title, Pages, Url, ProceedingId) VALUES (641, 'An Intelligent Tutor for a Web-Based Chess Course.', '17-26', NULL, 24);
INSERT INTO Person (PersonId, Name) VALUES (1054, 'Lawrence Mandow');
INSERT INTO RelationPersonInProceeding (PersonId, InProceedingId) VALUES (1054, 641);
INSERT INTO Person (PersonId, Name) VALUES (1055, 'Mara-Victoria Belmonte');
INSERT INTO RelationPersonInProceeding (PersonId, InProceedingId) VALUES (1055, 641);
INSERT INTO Person (PersonId, Name) VALUES (1056, 'Antonio Baena');
INSERT INTO RelationPersonInProceeding (PersonId, InProceedingId) VALUES (1056, 641);
INSERT INTO InProceeding (InProceedingId, Title, Pages, Url, ProceedingId) VALUES (642, 'Logically Optimal Curriculum Sequences for Adaptive Hypermedia Systems.', '121-132', NULL, 24);
INSERT INTO Person (PersonId, Name) VALUES (1057, 'Roland Hbscher');
INSERT INTO RelationPersonInProceeding (PersonId, InProceedingId) VALUES (1057, 642);
INSERT INTO InProceeding (InProceedingId, Title, Pages, Url, ProceedingId) VALUES (643, 'Who Do You Want to Be Today? Web Personae for Personalised Information Access.', '514-517', NULL, 25);
INSERT INTO RelationPersonInProceeding (PersonId, InProceedingId) VALUES (917, 643);
INSERT INTO Person (PersonId, Name) VALUES (1058, 'J. P. McGowan');
INSERT INTO RelationPersonInProceeding (PersonId, InProceedingId) VALUES (1058, 643);
INSERT INTO RelationPersonInProceeding (PersonId, InProceedingId) VALUES (893, 643);
INSERT INTO InProceeding (InProceedingId, Title, Pages, Url, ProceedingId) VALUES (644, 'Open-Ended Adaptive System for Facilitating Knowledge Construction in Web-Based Exploratory Learning.', '547-550', NULL, 25);
INSERT INTO Person (PersonId, Name) VALUES (1059, 'Youji Ochi');
INSERT INTO RelationPersonInProceeding (PersonId, InProceedingId) VALUES (1059, 644);
INSERT INTO Person (PersonId, Name) VALUES (1060, 'Yoneo Yano');
INSERT INTO RelationPersonInProceeding (PersonId, InProceedingId) VALUES (1060, 644);
INSERT INTO Person (PersonId, Name) VALUES (1061, 'Hiroyuki Mitsuhara');
INSERT INTO RelationPersonInProceeding (PersonId, InProceedingId) VALUES (1061, 644);
INSERT INTO InProceeding (InProceedingId, Title, Pages, Url, ProceedingId) VALUES (645, 'Learning User Profiles in NAUTILUS.', '323-326', NULL, 24);
INSERT INTO Person (PersonId, Name) VALUES (1062, 'Enrico Martinelli');
INSERT INTO RelationPersonInProceeding (PersonId, InProceedingId) VALUES (1062, 645);
INSERT INTO Person (PersonId, Name) VALUES (1063, 'Marco Gori');
INSERT INTO RelationPersonInProceeding (PersonId, InProceedingId) VALUES (1063, 645);
INSERT INTO Person (PersonId, Name) VALUES (1064, 'Franco Scarselli');
INSERT INTO RelationPersonInProceeding (PersonId, InProceedingId) VALUES (1064, 645);
INSERT INTO Person (PersonId, Name) VALUES (1065, 'Marco Maggini');
INSERT INTO RelationPersonInProceeding (PersonId, InProceedingId) VALUES (1065, 645);
INSERT INTO InProceeding (InProceedingId, Title, Pages, Url, ProceedingId) VALUES (646, 'Category-Based Filtering in Recommender Systems for Improved Performance in Dynamic Domains.', '436-439', NULL, 25);
INSERT INTO Person (PersonId, Name) VALUES (1066, 'Peter Funk');
INSERT INTO RelationPersonInProceeding (PersonId, InProceedingId) VALUES (1066, 646);
INSERT INTO Person (PersonId, Name) VALUES (1067, 'Mikael Sollenborn');
INSERT INTO RelationPersonInProceeding (PersonId, InProceedingId) VALUES (1067, 646);
INSERT INTO InProceeding (InProceedingId, Title, Pages, Url, ProceedingId) VALUES (647, 'Extendible Adaptive Hypermedia Courseware: Integrating Different Courses and Web Material.', '109-120', NULL, 24);
INSERT INTO Person (PersonId, Name) VALUES (1068, 'Wolfgang Nejdl');
INSERT INTO RelationPersonInProceeding (PersonId, InProceedingId) VALUES (1068, 647);
INSERT INTO Person (PersonId, Name) VALUES (1069, 'Nicola Henze');
INSERT INTO RelationPersonInProceeding (PersonId, InProceedingId) VALUES (1069, 647);
INSERT INTO InProceeding (InProceedingId, Title, Pages, Url, ProceedingId) VALUES (648, 'Knowledge Modeling for Open Adaptive Hypermedia.', '174-183', NULL, 25);
INSERT INTO RelationPersonInProceeding (PersonId, InProceedingId) VALUES (1068, 648);
INSERT INTO RelationPersonInProceeding (PersonId, InProceedingId) VALUES (1069, 648);
INSERT INTO InProceeding (InProceedingId, Title, Pages, Url, ProceedingId) VALUES (649, 'Is Personalization All About Technology?', '1', NULL, 25);
INSERT INTO Person (PersonId, Name) VALUES (1070, 'Jack Aaronson');
INSERT INTO RelationPersonInProceeding (PersonId, InProceedingId) VALUES (1070, 649);
INSERT INTO InProceeding (InProceedingId, Title, Pages, Url, ProceedingId) VALUES (650, 'Generation of Personalized Web Courses Using RBAC.', '419-423', NULL, 25);
INSERT INTO Person (PersonId, Name) VALUES (1071, 'Susana Montero');
INSERT INTO RelationPersonInProceeding (PersonId, InProceedingId) VALUES (1071, 650);
INSERT INTO RelationPersonInProceeding (PersonId, InProceedingId) VALUES (907, 650);
INSERT INTO Person (PersonId, Name) VALUES (1072, 'Ignacio Aedo');
INSERT INTO RelationPersonInProceeding (PersonId, InProceedingId) VALUES (1072, 650);
INSERT INTO InProceeding (InProceedingId, Title, Pages, Url, ProceedingId) VALUES (651, 'Web Information Retrieval for Designing Distance Hypermedia Courses.', '272-275', NULL, 24);
INSERT INTO Person (PersonId, Name) VALUES (1073, 'Dominique Leclet');
INSERT INTO RelationPersonInProceeding (PersonId, InProceedingId) VALUES (1073, 651);
INSERT INTO Person (PersonId, Name) VALUES (1074, 'Anglique Boitel');
INSERT INTO RelationPersonInProceeding (PersonId, InProceedingId) VALUES (1074, 651);
INSERT INTO InProceeding (InProceedingId, Title, Pages, Url, ProceedingId) VALUES (652, 'Behavioral Sequences: A New Log-Coding Scheme for Effective Prediction of Web User Accesses.', '406-410', NULL, 25);
INSERT INTO Person (PersonId, Name) VALUES (1075, 'Rushed Kanawati');
INSERT INTO RelationPersonInProceeding (PersonId, InProceedingId) VALUES (1075, 652);
INSERT INTO Person (PersonId, Name) VALUES (1076, 'Maria Malek');
INSERT INTO RelationPersonInProceeding (PersonId, InProceedingId) VALUES (1076, 652);
INSERT INTO InProceeding (InProceedingId, Title, Pages, Url, ProceedingId) VALUES (653, 'Towards an Adaptive Learners$1 Dictionary.', '311-314', NULL, 24);
INSERT INTO Person (PersonId, Name) VALUES (1077, 'Johann Gamper');
INSERT INTO RelationPersonInProceeding (PersonId, InProceedingId) VALUES (1077, 653);
INSERT INTO Person (PersonId, Name) VALUES (1078, 'Judith Knapp');
INSERT INTO RelationPersonInProceeding (PersonId, InProceedingId) VALUES (1078, 653);
INSERT INTO InProceeding (InProceedingId, Title, Pages, Url, ProceedingId) VALUES (654, 'Adding Adaptive Features to Virtual Reality Interfaces for E-Commerce.', '86-97', NULL, 24);
INSERT INTO Person (PersonId, Name) VALUES (1079, 'Roberto Ranon');
INSERT INTO RelationPersonInProceeding (PersonId, InProceedingId) VALUES (1079, 654);
INSERT INTO Person (PersonId, Name) VALUES (1080, 'Luca Chittaro');
INSERT INTO RelationPersonInProceeding (PersonId, InProceedingId) VALUES (1080, 654);
INSERT INTO InProceeding (InProceedingId, Title, Pages, Url, ProceedingId) VALUES (655, 'Navigation Modelling in Adaptive Hypermedia.', '586-591', NULL, 25);
INSERT INTO Person (PersonId, Name) VALUES (1081, 'Mria Bielikov');
INSERT INTO RelationPersonInProceeding (PersonId, InProceedingId) VALUES (1081, 655);
INSERT INTO Person (PersonId, Name) VALUES (1082, 'Peter Dolog');
INSERT INTO RelationPersonInProceeding (PersonId, InProceedingId) VALUES (1082, 655);
INSERT INTO InProceeding (InProceedingId, Title, Pages, Url, ProceedingId) VALUES (656, 'Adaptive Navigation for Learners in Hypermedia Is Scaffolded Navigation.', '184-192', NULL, 25);
INSERT INTO RelationPersonInProceeding (PersonId, InProceedingId) VALUES (1057, 656);
INSERT INTO Person (PersonId, Name) VALUES (1083, 'Sadhana Puntambekar');
INSERT INTO RelationPersonInProceeding (PersonId, InProceedingId) VALUES (1083, 656);
INSERT INTO InProceeding (InProceedingId, Title, Pages, Url, ProceedingId) VALUES (657, 'Concept Filtering and Spatial Filtering in an Adaptive Information System.', '315-318', NULL, 24);
INSERT INTO Person (PersonId, Name) VALUES (1084, 'Sbastien Iksal');
INSERT INTO RelationPersonInProceeding (PersonId, InProceedingId) VALUES (1084, 657);
INSERT INTO Person (PersonId, Name) VALUES (1085, 'Serge Garlatti');
INSERT INTO RelationPersonInProceeding (PersonId, InProceedingId) VALUES (1085, 657);
INSERT INTO InProceeding (InProceedingId, Title, Pages, Url, ProceedingId) VALUES (658, 'SIGUE: Making Web Courses Adaptive.', '376-379', NULL, 25);
INSERT INTO RelationPersonInProceeding (PersonId, InProceedingId) VALUES (811, 658);
INSERT INTO RelationPersonInProceeding (PersonId, InProceedingId) VALUES (928, 658);
INSERT INTO Person (PersonId, Name) VALUES (1086, 'Eduardo Guzman');
INSERT INTO RelationPersonInProceeding (PersonId, InProceedingId) VALUES (1086, 658);
INSERT INTO RelationPersonInProceeding (PersonId, InProceedingId) VALUES (929, 658);
INSERT INTO InProceeding (InProceedingId, Title, Pages, Url, ProceedingId) VALUES (659, 'Fuzzy Linguistic Summaries in Rule-Based Adaptive Hypermedia Systems.', '317-327', NULL, 25);
INSERT INTO Person (PersonId, Name) VALUES (1087, 'Elena Garca Barriocanal');
INSERT INTO RelationPersonInProceeding (PersonId, InProceedingId) VALUES (1087, 659);
INSERT INTO Person (PersonId, Name) VALUES (1088, 'Miguel ngel Sicilia Urbn');
INSERT INTO RelationPersonInProceeding (PersonId, InProceedingId) VALUES (1088, 659);
INSERT INTO RelationPersonInProceeding (PersonId, InProceedingId) VALUES (907, 659);
INSERT INTO RelationPersonInProceeding (PersonId, InProceedingId) VALUES (1072, 659);
INSERT INTO InProceeding (InProceedingId, Title, Pages, Url, ProceedingId) VALUES (660, 'A Connectionist Approach for Supporting Personalized Learning in a Web-Based Learning Environment.', '189-201', NULL, 24);
INSERT INTO RelationPersonInProceeding (PersonId, InProceedingId) VALUES (870, 660);
INSERT INTO RelationPersonInProceeding (PersonId, InProceedingId) VALUES (871, 660);
INSERT INTO RelationPersonInProceeding (PersonId, InProceedingId) VALUES (173, 660);
INSERT INTO InProceeding (InProceedingId, Title, Pages, Url, ProceedingId) VALUES (661, 'User Data Management and Usage Model Acquisition in an Adaptive Educational Collaborative Environment.', '143-152', NULL, 25);
INSERT INTO Person (PersonId, Name) VALUES (1089, 'Elena Gaudioso');
INSERT INTO RelationPersonInProceeding (PersonId, InProceedingId) VALUES (1089, 661);
INSERT INTO Person (PersonId, Name) VALUES (1090, 'Jesus Boticario');
INSERT INTO RelationPersonInProceeding (PersonId, InProceedingId) VALUES (1090, 661);
INSERT INTO InProceeding (InProceedingId, Title, Pages, Url, ProceedingId) VALUES (662, 'AHA! Meets AHAM.', '388-391', NULL, 25);
INSERT INTO Person (PersonId, Name) VALUES (1091, 'David Smits');
INSERT INTO RelationPersonInProceeding (PersonId, InProceedingId) VALUES (1091, 662);
INSERT INTO RelationPersonInProceeding (PersonId, InProceedingId) VALUES (910, 662);
INSERT INTO RelationPersonInProceeding (PersonId, InProceedingId) VALUES (911, 662);
INSERT INTO Person (PersonId, Name) VALUES (1092, 'Natalia Stash');
INSERT INTO RelationPersonInProceeding (PersonId, InProceedingId) VALUES (1092, 662);
INSERT INTO InProceeding (InProceedingId, Title, Pages, Url, ProceedingId) VALUES (663, 'Towards an Adaptive Web Training Environment Based on Cognitive Style of Learning: An Empirical Approach.', '338-347', NULL, 25);
INSERT INTO Person (PersonId, Name) VALUES (1093, 'Mariusa Warpechowski');
INSERT INTO RelationPersonInProceeding (PersonId, InProceedingId) VALUES (1093, 663);
INSERT INTO Person (PersonId, Name) VALUES (1094, 'Karine Beschoren');
INSERT INTO RelationPersonInProceeding (PersonId, InProceedingId) VALUES (1094, 663);
INSERT INTO Person (PersonId, Name) VALUES (1095, 'Regina Verdin');
INSERT INTO RelationPersonInProceeding (PersonId, InProceedingId) VALUES (1095, 663);
INSERT INTO Person (PersonId, Name) VALUES (1096, 'Maria A. M. Souto');
INSERT INTO RelationPersonInProceeding (PersonId, InProceedingId) VALUES (1096, 663);
INSERT INTO Person (PersonId, Name) VALUES (1097, 'Milton Madeira');
INSERT INTO RelationPersonInProceeding (PersonId, InProceedingId) VALUES (1097, 663);
INSERT INTO RelationPersonInProceeding (PersonId, InProceedingId) VALUES (969, 663);
INSERT INTO Person (PersonId, Name) VALUES (1098, 'Ricardo Wainer');
INSERT INTO RelationPersonInProceeding (PersonId, InProceedingId) VALUES (1098, 663);
INSERT INTO Person (PersonId, Name) VALUES (1099, 'Jos Palazzo M. de Oliveira');
INSERT INTO RelationPersonInProceeding (PersonId, InProceedingId) VALUES (1099, 663);
INSERT INTO Person (PersonId, Name) VALUES (1100, 'Juarez Sagebin Correa');
INSERT INTO RelationPersonInProceeding (PersonId, InProceedingId) VALUES (1100, 663);
INSERT INTO Person (PersonId, Name) VALUES (1101, 'Renata Zanella');
INSERT INTO RelationPersonInProceeding (PersonId, InProceedingId) VALUES (1101, 663);
INSERT INTO InProceeding (InProceedingId, Title, Pages, Url, ProceedingId) VALUES (664, 'Multi-model, Metadata Driven Approach to Adaptive Hypermedia Services for Personalized eLearning.', '100-111', NULL, 25);
INSERT INTO Person (PersonId, Name) VALUES (1102, 'Catherine Bruen');
INSERT INTO RelationPersonInProceeding (PersonId, InProceedingId) VALUES (1102, 664);
INSERT INTO Person (PersonId, Name) VALUES (1103, 'Mark Gargan');
INSERT INTO RelationPersonInProceeding (PersonId, InProceedingId) VALUES (1103, 664);
INSERT INTO Person (PersonId, Name) VALUES (1104, 'Owen Conlan');
INSERT INTO RelationPersonInProceeding (PersonId, InProceedingId) VALUES (1104, 664);
INSERT INTO Person (PersonId, Name) VALUES (1105, 'Vincent Wade');
INSERT INTO RelationPersonInProceeding (PersonId, InProceedingId) VALUES (1105, 664);
INSERT INTO InProceeding (InProceedingId, Title, Pages, Url, ProceedingId) VALUES (665, 'Using Effective Reading Speed to Integrate Adaptivity into Web-Based Learning.', '428-431', NULL, 25);
INSERT INTO Person (PersonId, Name) VALUES (1106, 'Pat Maier');
INSERT INTO RelationPersonInProceeding (PersonId, InProceedingId) VALUES (1106, 665);
INSERT INTO RelationPersonInProceeding (PersonId, InProceedingId) VALUES (895, 665);
INSERT INTO Person (PersonId, Name) VALUES (1107, 'Ray Armstrong');
INSERT INTO RelationPersonInProceeding (PersonId, InProceedingId) VALUES (1107, 665);
INSERT INTO Person (PersonId, Name) VALUES (1108, 'Muan Hong Ng');
INSERT INTO RelationPersonInProceeding (PersonId, InProceedingId) VALUES (1108, 665);
INSERT INTO InProceeding (InProceedingId, Title, Pages, Url, ProceedingId) VALUES (666, 'Adaptive Navigation Path Previewing for Learning on the Web.', '518-521', NULL, 25);
INSERT INTO Person (PersonId, Name) VALUES (1109, 'Akihiro Kashihara');
INSERT INTO RelationPersonInProceeding (PersonId, InProceedingId) VALUES (1109, 666);
INSERT INTO Person (PersonId, Name) VALUES (1110, 'Shinobu Hasegawa');
INSERT INTO RelationPersonInProceeding (PersonId, InProceedingId) VALUES (1110, 666);
INSERT INTO Person (PersonId, Name) VALUES (1111, 'Jun$1ichi Toyoda');
INSERT INTO RelationPersonInProceeding (PersonId, InProceedingId) VALUES (1111, 666);
INSERT INTO InProceeding (InProceedingId, Title, Pages, Url, ProceedingId) VALUES (667, 'Resource-Adaptive Interfaces to Hybrid Navigation Systems.', '12-13', NULL, 25);
INSERT INTO Person (PersonId, Name) VALUES (1112, 'Wolfgang Wahlster');
INSERT INTO RelationPersonInProceeding (PersonId, InProceedingId) VALUES (1112, 667);
INSERT INTO InProceeding (InProceedingId, Title, Pages, Url, ProceedingId) VALUES (668, 'ECHOES: An Immersive Training Experience.', '179-188', NULL, 24);
INSERT INTO Person (PersonId, Name) VALUES (1113, 'Aidan Murphy');
INSERT INTO RelationPersonInProceeding (PersonId, InProceedingId) VALUES (1113, 668);
INSERT INTO Person (PersonId, Name) VALUES (1114, 'Katherine Sewell');
INSERT INTO RelationPersonInProceeding (PersonId, InProceedingId) VALUES (1114, 668);
INSERT INTO Person (PersonId, Name) VALUES (1115, 'Thomas Delahunty');
INSERT INTO RelationPersonInProceeding (PersonId, InProceedingId) VALUES (1115, 668);
INSERT INTO Person (PersonId, Name) VALUES (1116, 'Gregory M. P. O$1Hare');
INSERT INTO RelationPersonInProceeding (PersonId, InProceedingId) VALUES (1116, 668);
INSERT INTO InProceeding (InProceedingId, Title, Pages, Url, ProceedingId) VALUES (669, 'ACE - Adaptive Courseware Environment.', '380-383', NULL, 24);
INSERT INTO RelationPersonInProceeding (PersonId, InProceedingId) VALUES (935, 669);
INSERT INTO InProceeding (InProceedingId, Title, Pages, Url, ProceedingId) VALUES (670, 'Designing for Social Navigation of Food Recipes.', '331-334', NULL, 24);
INSERT INTO Person (PersonId, Name) VALUES (1117, 'Annika Waern');
INSERT INTO RelationPersonInProceeding (PersonId, InProceedingId) VALUES (1117, 670);
INSERT INTO Person (PersonId, Name) VALUES (1118, 'Jarmo Laaksolahti');
INSERT INTO RelationPersonInProceeding (PersonId, InProceedingId) VALUES (1118, 670);
INSERT INTO Person (PersonId, Name) VALUES (1119, 'Kristina Hk');
INSERT INTO RelationPersonInProceeding (PersonId, InProceedingId) VALUES (1119, 670);
INSERT INTO Person (PersonId, Name) VALUES (1120, 'Martin Svensson');
INSERT INTO RelationPersonInProceeding (PersonId, InProceedingId) VALUES (1120, 670);
INSERT INTO InProceeding (InProceedingId, Title, Pages, Url, ProceedingId) VALUES (671, 'On Evaluating Adaptive Systems for Education.', '363-367', NULL, 25);
INSERT INTO Person (PersonId, Name) VALUES (1121, 'Toms A. Prez');
INSERT INTO RelationPersonInProceeding (PersonId, InProceedingId) VALUES (1121, 671);
INSERT INTO Person (PersonId, Name) VALUES (1122, 'Jos ngel Vadillo Zorita');
INSERT INTO RelationPersonInProceeding (PersonId, InProceedingId) VALUES (1122, 671);
INSERT INTO Person (PersonId, Name) VALUES (1123, 'Rosa Arruabarrena');
INSERT INTO RelationPersonInProceeding (PersonId, InProceedingId) VALUES (1123, 671);
INSERT INTO Person (PersonId, Name) VALUES (1124, 'J. Lpez-Cuadrado');
INSERT INTO RelationPersonInProceeding (PersonId, InProceedingId) VALUES (1124, 671);
INSERT INTO Person (PersonId, Name) VALUES (1125, 'Julin Gutirrez Serrano');
INSERT INTO RelationPersonInProceeding (PersonId, InProceedingId) VALUES (1125, 671);
INSERT INTO InProceeding (InProceedingId, Title, Pages, Url, ProceedingId) VALUES (672, 'A Modular Approach for User Modelling.', '415-420', NULL, 24);
INSERT INTO RelationPersonInProceeding (PersonId, InProceedingId) VALUES (972, 672);
INSERT INTO InProceeding (InProceedingId, Title, Pages, Url, ProceedingId) VALUES (673, 'Users Modeling for Adaptive Call Centers.', '603-607', NULL, 25);
INSERT INTO RelationPersonInProceeding (PersonId, InProceedingId) VALUES (972, 673);
INSERT INTO InProceeding (InProceedingId, Title, Pages, Url, ProceedingId) VALUES (674, 'Collaborative Radio Community.', '462-465', NULL, 25);
INSERT INTO Person (PersonId, Name) VALUES (1126, 'Angelo Susi');
INSERT INTO RelationPersonInProceeding (PersonId, InProceedingId) VALUES (1126, 674);
INSERT INTO Person (PersonId, Name) VALUES (1127, 'Paolo Massa');
INSERT INTO RelationPersonInProceeding (PersonId, InProceedingId) VALUES (1127, 674);
INSERT INTO Person (PersonId, Name) VALUES (1128, 'Michele Nori');
INSERT INTO RelationPersonInProceeding (PersonId, InProceedingId) VALUES (1128, 674);
INSERT INTO Person (PersonId, Name) VALUES (1129, 'Paolo Avesani');
INSERT INTO RelationPersonInProceeding (PersonId, InProceedingId) VALUES (1129, 674);
INSERT INTO InProceeding (InProceedingId, Title, Pages, Url, ProceedingId) VALUES (675, 'Monitoring Partial Updates in Web Pages Using Relational Learning.', '452-455', NULL, 25);
INSERT INTO Person (PersonId, Name) VALUES (1130, 'Seiji Yamada');
INSERT INTO RelationPersonInProceeding (PersonId, InProceedingId) VALUES (1130, 675);
INSERT INTO Person (PersonId, Name) VALUES (1131, 'Yuki Nakai');
INSERT INTO RelationPersonInProceeding (PersonId, InProceedingId) VALUES (1131, 675);
INSERT INTO InProceeding (InProceedingId, Title, Pages, Url, ProceedingId) VALUES (676, 'An Adaptive Agent Model for e-Commerce Architecture.', '592-597', NULL, 25);
INSERT INTO Person (PersonId, Name) VALUES (1132, 'Zahia Guessoum');
INSERT INTO RelationPersonInProceeding (PersonId, InProceedingId) VALUES (1132, 676);
INSERT INTO RelationPersonInProceeding (PersonId, InProceedingId) VALUES (931, 676);
INSERT INTO Person (PersonId, Name) VALUES (1133, 'Francisco Garca');
INSERT INTO RelationPersonInProceeding (PersonId, InProceedingId) VALUES (1133, 676);
INSERT INTO InProceeding (InProceedingId, Title, Pages, Url, ProceedingId) VALUES (677, 'WAP ing the Web: Content Personalisation for WAP-Enabled Devices.', '98-108', NULL, 24);
INSERT INTO RelationPersonInProceeding (PersonId, InProceedingId) VALUES (1053, 677);
INSERT INTO RelationPersonInProceeding (PersonId, InProceedingId) VALUES (893, 677);
INSERT INTO InProceeding (InProceedingId, Title, Pages, Url, ProceedingId) VALUES (678, 'An Automatic Rating Technique Based on XML Document.', '424-427', NULL, 25);
INSERT INTO RelationPersonInProceeding (PersonId, InProceedingId) VALUES (960, 678);
INSERT INTO RelationPersonInProceeding (PersonId, InProceedingId) VALUES (961, 678);
INSERT INTO Person (PersonId, Name) VALUES (1134, 'Hyeonjeong Mun');
INSERT INTO RelationPersonInProceeding (PersonId, InProceedingId) VALUES (1134, 678);
INSERT INTO InProceeding (InProceedingId, Title, Pages, Url, ProceedingId) VALUES (679, 'Protecting the User from the Data: Security and Privacy Aspects of Public Web Access.', '440-443', NULL, 25);
INSERT INTO Person (PersonId, Name) VALUES (1135, 'Adrian Spalka');
INSERT INTO RelationPersonInProceeding (PersonId, InProceedingId) VALUES (1135, 679);
INSERT INTO Person (PersonId, Name) VALUES (1136, 'Hanno Langweg');
INSERT INTO RelationPersonInProceeding (PersonId, InProceedingId) VALUES (1136, 679);
INSERT INTO InProceeding (InProceedingId, Title, Pages, Url, ProceedingId) VALUES (680, 'Considering Sensing-Intuitive Dimension to Exposition-Exemplification in Adaptive Sequencing.', '556-559', NULL, 25);
INSERT INTO Person (PersonId, Name) VALUES (1137, 'Pedro Paredes');
INSERT INTO RelationPersonInProceeding (PersonId, InProceedingId) VALUES (1137, 680);
INSERT INTO RelationPersonInProceeding (PersonId, InProceedingId) VALUES (883, 680);
INSERT INTO InProceeding (InProceedingId, Title, Pages, Url, ProceedingId) VALUES (681, 'A Web-Based Socratic Tutor for Trees Recognition.', '239-249', NULL, 24);
INSERT INTO Person (PersonId, Name) VALUES (1138, 'Mnica Trella');
INSERT INTO RelationPersonInProceeding (PersonId, InProceedingId) VALUES (1138, 681);
INSERT INTO RelationPersonInProceeding (PersonId, InProceedingId) VALUES (811, 681);
INSERT INTO Person (PersonId, Name) VALUES (1139, 'Eduardo Guzmn');
INSERT INTO RelationPersonInProceeding (PersonId, InProceedingId) VALUES (1139, 681);
INSERT INTO InProceeding (InProceedingId, Title, Pages, Url, ProceedingId) VALUES (682, 'Adaptive Content for Device Independent Multi-modal Browser Applications.', '401-405', NULL, 25);
INSERT INTO Person (PersonId, Name) VALUES (1140, 'Stphane H. Maes');
INSERT INTO RelationPersonInProceeding (PersonId, InProceedingId) VALUES (1140, 682);
INSERT INTO Person (PersonId, Name) VALUES (1141, 'Jennifer Healey');
INSERT INTO RelationPersonInProceeding (PersonId, InProceedingId) VALUES (1141, 682);
INSERT INTO Person (PersonId, Name) VALUES (1142, 'Rafah Hosn');
INSERT INTO RelationPersonInProceeding (PersonId, InProceedingId) VALUES (1142, 682);
INSERT INTO InProceeding (InProceedingId, Title, Pages, Url, ProceedingId) VALUES (683, 'WETAS: A Web-Based Authoring System for Constraint-Based ITS.', '543-546', NULL, 25);
INSERT INTO RelationPersonInProceeding (PersonId, InProceedingId) VALUES (832, 683);
INSERT INTO RelationPersonInProceeding (PersonId, InProceedingId) VALUES (833, 683);
INSERT INTO InProceeding (InProceedingId, Title, Pages, Url, ProceedingId) VALUES (684, 'Generating Personal Travel Guides from Discourse Plans.', '392-395', NULL, 24);
INSERT INTO Person (PersonId, Name) VALUES (1143, 'Stephen Wan');
INSERT INTO RelationPersonInProceeding (PersonId, InProceedingId) VALUES (1143, 684);
INSERT INTO Person (PersonId, Name) VALUES (1144, 'Franois Paradis');
INSERT INTO RelationPersonInProceeding (PersonId, InProceedingId) VALUES (1144, 684);
INSERT INTO Person (PersonId, Name) VALUES (1145, 'Shijian Lu');
INSERT INTO RelationPersonInProceeding (PersonId, InProceedingId) VALUES (1145, 684);
INSERT INTO Person (PersonId, Name) VALUES (1146, 'Mingfang Wu');
INSERT INTO RelationPersonInProceeding (PersonId, InProceedingId) VALUES (1146, 684);
INSERT INTO Person (PersonId, Name) VALUES (1147, 'Ross Wilkinson');
INSERT INTO RelationPersonInProceeding (PersonId, InProceedingId) VALUES (1147, 684);
INSERT INTO Person (PersonId, Name) VALUES (1148, 'Ccile Paris');
INSERT INTO RelationPersonInProceeding (PersonId, InProceedingId) VALUES (1148, 684);
INSERT INTO InProceeding (InProceedingId, Title, Pages, Url, ProceedingId) VALUES (685, 'Web Site Personalization Using User Profile Information.', '510-513', NULL, 25);
INSERT INTO Person (PersonId, Name) VALUES (1149, 'Sudeshna Sarkar');
INSERT INTO RelationPersonInProceeding (PersonId, InProceedingId) VALUES (1149, 685);
INSERT INTO Person (PersonId, Name) VALUES (1150, 'Mohit Goel');
INSERT INTO RelationPersonInProceeding (PersonId, InProceedingId) VALUES (1150, 685);
INSERT INTO InProceeding (InProceedingId, Title, Pages, Url, ProceedingId) VALUES (686, 'Adaptive Navigation Support and Adaptive Collaboration Support in WebDL.', '51-61', NULL, 24);
INSERT INTO RelationPersonInProceeding (PersonId, InProceedingId) VALUES (1089, 686);
INSERT INTO RelationPersonInProceeding (PersonId, InProceedingId) VALUES (1090, 686);
INSERT INTO Person (PersonId, Name) VALUES (1151, 'Felix Hernandez');
INSERT INTO RelationPersonInProceeding (PersonId, InProceedingId) VALUES (1151, 686);
INSERT INTO InProceeding (InProceedingId, Title, Pages, Url, ProceedingId) VALUES (687, 'Tracking Changing User Interests through Prior-Learning of Context.', '223-232', NULL, 25);
INSERT INTO Person (PersonId, Name) VALUES (1152, 'Ivan Koychev');
INSERT INTO RelationPersonInProceeding (PersonId, InProceedingId) VALUES (1152, 687);
INSERT INTO InProceeding (InProceedingId, Title, Pages, Url, ProceedingId) VALUES (688, 'Towards an Authoring Coach for Adaptive Web-Based Instruction.', '415-418', NULL, 25);
INSERT INTO Person (PersonId, Name) VALUES (1153, 'Judith Masthoff');
INSERT INTO RelationPersonInProceeding (PersonId, InProceedingId) VALUES (1153, 688);
INSERT INTO InProceeding (InProceedingId, Title, Pages, Url, ProceedingId) VALUES (689, 'User-Driven Adaptation of e-Documents.', '484-487', NULL, 25);
INSERT INTO Person (PersonId, Name) VALUES (1154, 'Giuseppe Fresta');
INSERT INTO RelationPersonInProceeding (PersonId, InProceedingId) VALUES (1154, 689);
INSERT INTO Person (PersonId, Name) VALUES (1155, 'Piero Mussio');
INSERT INTO RelationPersonInProceeding (PersonId, InProceedingId) VALUES (1155, 689);
INSERT INTO Person (PersonId, Name) VALUES (1156, 'Paola Carrara');
INSERT INTO RelationPersonInProceeding (PersonId, InProceedingId) VALUES (1156, 689);
INSERT INTO Person (PersonId, Name) VALUES (1157, 'Daniela Fogli');
INSERT INTO RelationPersonInProceeding (PersonId, InProceedingId) VALUES (1157, 689);
INSERT INTO InProceeding (InProceedingId, Title, Pages, Url, ProceedingId) VALUES (690, 'A Web-Based Selling Agent That Maintains Customer Loyalty through Integrative Negotiation.', '397-400', NULL, 25);
INSERT INTO Person (PersonId, Name) VALUES (1158, 'Anthony Meehan');
INSERT INTO RelationPersonInProceeding (PersonId, InProceedingId) VALUES (1158, 690);
INSERT INTO Person (PersonId, Name) VALUES (1159, 'Michael Grimsley');
INSERT INTO RelationPersonInProceeding (PersonId, InProceedingId) VALUES (1159, 690);
INSERT INTO InProceeding (InProceedingId, Title, Pages, Url, ProceedingId) VALUES (691, 'Adaptive Linking between Text and Photos Using Common Sense Reasoning.', '2-11', NULL, 25);
INSERT INTO RelationPersonInProceeding (PersonId, InProceedingId) VALUES (1035, 691);
INSERT INTO RelationPersonInProceeding (PersonId, InProceedingId) VALUES (1036, 691);
INSERT INTO InProceeding (InProceedingId, Title, Pages, Url, ProceedingId) VALUES (692, 'A Non-invasive Cooperative Student Model.', '432-435', NULL, 25);
INSERT INTO Person (PersonId, Name) VALUES (1160, 'Teresa Roselli');
INSERT INTO RelationPersonInProceeding (PersonId, InProceedingId) VALUES (1160, 692);
INSERT INTO Person (PersonId, Name) VALUES (1161, 'Vittorio Saponaro');
INSERT INTO RelationPersonInProceeding (PersonId, InProceedingId) VALUES (1161, 692);
INSERT INTO Person (PersonId, Name) VALUES (1162, 'Veronica Rossano');
INSERT INTO RelationPersonInProceeding (PersonId, InProceedingId) VALUES (1162, 692);
INSERT INTO Person (PersonId, Name) VALUES (1163, 'Paola Plantamura');
INSERT INTO RelationPersonInProceeding (PersonId, InProceedingId) VALUES (1163, 692);
INSERT INTO Person (PersonId, Name) VALUES (1164, 'Enrica Gentile');
INSERT INTO RelationPersonInProceeding (PersonId, InProceedingId) VALUES (1164, 692);
INSERT INTO InProceeding (InProceedingId, Title, Pages, Url, ProceedingId) VALUES (693, 'Adapting to Prior Knowledge of Learners.', '448-451', NULL, 25);
INSERT INTO Person (PersonId, Name) VALUES (1165, 'Gerhard Weber');
INSERT INTO RelationPersonInProceeding (PersonId, InProceedingId) VALUES (1165, 693);
INSERT INTO Person (PersonId, Name) VALUES (1166, 'Stephan Weibelzahl');
INSERT INTO RelationPersonInProceeding (PersonId, InProceedingId) VALUES (1166, 693);
INSERT INTO InProceeding (InProceedingId, Title, Pages, Url, ProceedingId) VALUES (694, 'Visual Based Content Understanding towards Web Adaptation.', '164-173', NULL, 25);
INSERT INTO Person (PersonId, Name) VALUES (1167, 'Xiao-Dong Gu');
INSERT INTO RelationPersonInProceeding (PersonId, InProceedingId) VALUES (1167, 694);
INSERT INTO RelationPersonInProceeding (PersonId, InProceedingId) VALUES (825, 694);
INSERT INTO Person (PersonId, Name) VALUES (1168, 'Guo-Liang Chen');
INSERT INTO RelationPersonInProceeding (PersonId, InProceedingId) VALUES (1168, 694);
INSERT INTO Person (PersonId, Name) VALUES (1169, 'Wei-Ying Ma');
INSERT INTO RelationPersonInProceeding (PersonId, InProceedingId) VALUES (1169, 694);
INSERT INTO Person (PersonId, Name) VALUES (1170, 'Gordon I. McCalla');
INSERT INTO Proceeding (ProceedingId, Title, EditorId, PublisherId, SeriesId, Year, ISBN, Url) VALUES (26, 'Advances in Artificial Intelligence, 11th Biennial Conference of the Canadian Society for Computational Studies of Intelligence, AI $196, Toronto, Ontario, Canada, May 21-24, 1996, Proceedings', 1170, 1, 1, '1996', '3-540-61291-2', 'http://dblp.uni-trier.de/db/conf/ai/ai96.html');
INSERT INTO Person (PersonId, Name) VALUES (1171, 'Eric Neufeld');
INSERT INTO Proceeding (ProceedingId, Title, EditorId, PublisherId, SeriesId, Year, ISBN, Url) VALUES (27, 'Advances in Artificial Intelligence, 12th Biennial Conference of the Canadian Society for Computational Studies of Intelligence, AI $198, Vancouver, BC, Canada, June 18-20, 1998, Proceedings', 1171, 1, 1, '1998', '3-540-64575-6', 'http://dblp.uni-trier.de/db/conf/ai/ai1998.html');
INSERT INTO Person (PersonId, Name) VALUES (1172, 'Howard J. Hamilton');
INSERT INTO Proceeding (ProceedingId, Title, EditorId, PublisherId, SeriesId, Year, ISBN, Url) VALUES (28, 'Advances in Artificial Intelligence, 13th Biennial Conference of the Canadian Society for Computational Studies of Intelligence, AI 2000, Montral, Quebec, Canada, May 14-17, 2000, Proceedings', 1172, 1, 1, '2000', '3-540-67557-4', 'http://dblp.uni-trier.de/db/conf/ai/ai2000.html');
INSERT INTO InProceeding (InProceedingId, Title, Pages, Url, ProceedingId) VALUES (695, 'Learning Rewrite Rules versus Search Control Rules to Improve Plan Quality.', '240-253', NULL, 28);
INSERT INTO Person (PersonId, Name) VALUES (1173, 'Muhammad Afzal Upal');
INSERT INTO RelationPersonInProceeding (PersonId, InProceedingId) VALUES (1173, 695);
INSERT INTO Person (PersonId, Name) VALUES (1174, 'Renee Elio');
INSERT INTO RelationPersonInProceeding (PersonId, InProceedingId) VALUES (1174, 695);
INSERT INTO Person (PersonId, Name) VALUES (1175, 'Stan Matwin');
INSERT INTO Proceeding (ProceedingId, Title, EditorId, PublisherId, SeriesId, Year, ISBN, Url) VALUES (29, 'Advances in Artificial Intelligence, 14th Biennial Conference of the Canadian Society for Computational Studies of Intelligence, AI 2001, Ottawa, Canada, June 7-9, 2001, Proceedings', 1175, 1, 1, '2001', '3-540-42144-0', 'http://dblp.uni-trier.de/db/conf/ai/ai2001.html');
INSERT INTO InProceeding (InProceedingId, Title, Pages, Url, ProceedingId) VALUES (696, 'A Case Study for Learning from Imbalanced Data Sets.', '1-15', NULL, 29);
INSERT INTO Person (PersonId, Name) VALUES (1176, 'Xiangji Huang');
INSERT INTO RelationPersonInProceeding (PersonId, InProceedingId) VALUES (1176, 696);
INSERT INTO Person (PersonId, Name) VALUES (1177, 'Nick Cercone');
INSERT INTO RelationPersonInProceeding (PersonId, InProceedingId) VALUES (1177, 696);
INSERT INTO Person (PersonId, Name) VALUES (1178, 'Aijun An');
INSERT INTO RelationPersonInProceeding (PersonId, InProceedingId) VALUES (1178, 696);
INSERT INTO Person (PersonId, Name) VALUES (1179, 'Bruce Spencer');
INSERT INTO Proceeding (ProceedingId, Title, EditorId, PublisherId, SeriesId, Year, ISBN, Url) VALUES (30, 'Advances in Artificial Intelligence, 15th Conference of the Canadian Society for Computational Studies of Intelligence, AI 2002, Calgary, Canada, May 27-29, 2002, Proceedings', 1179, 1, 1, '2002', '3-540-43724-X', 'http://dblp.uni-trier.de/db/conf/ai/ai2002.html');
INSERT INTO InProceeding (InProceedingId, Title, Pages, Url, ProceedingId) VALUES (697, 'Constructive Induction: A Preprocessor.', '249-256', NULL, 26);
INSERT INTO Person (PersonId, Name) VALUES (1180, 'Yuh-Jyh Hu');
INSERT INTO RelationPersonInProceeding (PersonId, InProceedingId) VALUES (1180, 697);
INSERT INTO InProceeding (InProceedingId, Title, Pages, Url, ProceedingId) VALUES (698, 'How AI Can Help SE; or: Randomized Search Not Considered Harmful.', '100-110', NULL, 29);
INSERT INTO Person (PersonId, Name) VALUES (1181, 'Harhsinder Singh');
INSERT INTO RelationPersonInProceeding (PersonId, InProceedingId) VALUES (1181, 698);
INSERT INTO Person (PersonId, Name) VALUES (1182, 'Tim Menzies');
INSERT INTO RelationPersonInProceeding (PersonId, InProceedingId) VALUES (1182, 698);
INSERT INTO InProceeding (InProceedingId, Title, Pages, Url, ProceedingId) VALUES (699, 'A Lexical Functional Mapping Algorithm.', '303-309', NULL, 30);
INSERT INTO Person (PersonId, Name) VALUES (1183, 'Tamer S. Mahdi');
INSERT INTO RelationPersonInProceeding (PersonId, InProceedingId) VALUES (1183, 699);
INSERT INTO Person (PersonId, Name) VALUES (1184, 'Robert E. Mercer');
INSERT INTO RelationPersonInProceeding (PersonId, InProceedingId) VALUES (1184, 699);
INSERT INTO InProceeding (InProceedingId, Title, Pages, Url, ProceedingId) VALUES (700, 'Automatic Generation of a Complex Dialogue History.', '84-96', NULL, 26);
INSERT INTO Person (PersonId, Name) VALUES (1185, 'Adelheit Stein');
INSERT INTO RelationPersonInProceeding (PersonId, InProceedingId) VALUES (1185, 700);
INSERT INTO Person (PersonId, Name) VALUES (1186, 'Eli Hagen');
INSERT INTO RelationPersonInProceeding (PersonId, InProceedingId) VALUES (1186, 700);
INSERT INTO InProceeding (InProceedingId, Title, Pages, Url, ProceedingId) VALUES (701, 'Qualitative Descriptors and Action Perception.', '316-325', NULL, 28);
INSERT INTO Person (PersonId, Name) VALUES (1187, 'Jean-Christophe Baillie');
INSERT INTO RelationPersonInProceeding (PersonId, InProceedingId) VALUES (1187, 701);
INSERT INTO Person (PersonId, Name) VALUES (1188, 'Jean-Gabriel Ganascia');
INSERT INTO RelationPersonInProceeding (PersonId, InProceedingId) VALUES (1188, 701);
INSERT INTO InProceeding (InProceedingId, Title, Pages, Url, ProceedingId) VALUES (702, 'The Bottom-Up Freezing: An Approach to Neural Engineering.', '317-324', NULL, 29);
INSERT INTO Person (PersonId, Name) VALUES (1189, 'Ali A. Ghorbani');
INSERT INTO RelationPersonInProceeding (PersonId, InProceedingId) VALUES (1189, 702);
INSERT INTO Person (PersonId, Name) VALUES (1190, 'Ali Farzan');
INSERT INTO RelationPersonInProceeding (PersonId, InProceedingId) VALUES (1190, 702);
INSERT INTO InProceeding (InProceedingId, Title, Pages, Url, ProceedingId) VALUES (703, 'Comparative Study of Neural Network Controllers for Nonlinear Dynamic Systems.', '357-368', NULL, 28);
INSERT INTO Person (PersonId, Name) VALUES (1191, 'Amin A. Shoukry');
INSERT INTO RelationPersonInProceeding (PersonId, InProceedingId) VALUES (1191, 703);
INSERT INTO Person (PersonId, Name) VALUES (1192, 'Mahmoud F. Hussin');
INSERT INTO RelationPersonInProceeding (PersonId, InProceedingId) VALUES (1192, 703);
INSERT INTO Person (PersonId, Name) VALUES (1193, 'Badr M. Abouelnasr');
INSERT INTO RelationPersonInProceeding (PersonId, InProceedingId) VALUES (1193, 703);
INSERT INTO InProceeding (InProceedingId, Title, Pages, Url, ProceedingId) VALUES (704, 'Learning Bayesian Belief Network Classifiers: Algorithms and System.', '141-151', NULL, 29);
INSERT INTO Person (PersonId, Name) VALUES (1194, 'Russell Greiner');
INSERT INTO RelationPersonInProceeding (PersonId, InProceedingId) VALUES (1194, 704);
INSERT INTO Person (PersonId, Name) VALUES (1195, 'Jie Cheng');
INSERT INTO RelationPersonInProceeding (PersonId, InProceedingId) VALUES (1195, 704);
INSERT INTO InProceeding (InProceedingId, Title, Pages, Url, ProceedingId) VALUES (705, 'The Learnability of Naive Bayes.', '432-441', NULL, 28);
INSERT INTO Person (PersonId, Name) VALUES (1196, 'Huajie Zhang');
INSERT INTO RelationPersonInProceeding (PersonId, InProceedingId) VALUES (1196, 705);
INSERT INTO Person (PersonId, Name) VALUES (1197, 'Zhiduo Zhao');
INSERT INTO RelationPersonInProceeding (PersonId, InProceedingId) VALUES (1197, 705);
INSERT INTO Person (PersonId, Name) VALUES (1198, 'Charles X. Ling');
INSERT INTO RelationPersonInProceeding (PersonId, InProceedingId) VALUES (1198, 705);
INSERT INTO InProceeding (InProceedingId, Title, Pages, Url, ProceedingId) VALUES (706, 'Genetic Algorithms for Continuous Problems.', '176-184', NULL, 30);
INSERT INTO Person (PersonId, Name) VALUES (1199, 'James R. Parker');
INSERT INTO RelationPersonInProceeding (PersonId, InProceedingId) VALUES (1199, 706);
INSERT INTO InProceeding (InProceedingId, Title, Pages, Url, ProceedingId) VALUES (707, 'Reference Constraints and Individual Level Inheritance.', '336-348', NULL, 26);
INSERT INTO Person (PersonId, Name) VALUES (1200, 'Andrew Fall');
INSERT INTO RelationPersonInProceeding (PersonId, InProceedingId) VALUES (1200, 707);
INSERT INTO InProceeding (InProceedingId, Title, Pages, Url, ProceedingId) VALUES (708, 'Neural ARX Models and PAC Learning.', '305-315', NULL, 28);
INSERT INTO Person (PersonId, Name) VALUES (1201, 'Nancy E. Heckman');
INSERT INTO RelationPersonInProceeding (PersonId, InProceedingId) VALUES (1201, 708);
INSERT INTO Person (PersonId, Name) VALUES (1202, 'Kayvan Najarian');
INSERT INTO RelationPersonInProceeding (PersonId, InProceedingId) VALUES (1202, 708);
INSERT INTO Person (PersonId, Name) VALUES (1203, 'Guy A. Dumont');
INSERT INTO RelationPersonInProceeding (PersonId, InProceedingId) VALUES (1203, 708);
INSERT INTO Person (PersonId, Name) VALUES (1204, 'Michael S. Davies');
INSERT INTO RelationPersonInProceeding (PersonId, InProceedingId) VALUES (1204, 708);
INSERT INTO InProceeding (InProceedingId, Title, Pages, Url, ProceedingId) VALUES (709, 'Parity: The Problem that Won$1t Go Away.', '362-374', NULL, 26);
INSERT INTO Person (PersonId, Name) VALUES (1205, 'Chris Thornton');
INSERT INTO RelationPersonInProceeding (PersonId, InProceedingId) VALUES (1205, 709);
INSERT INTO InProceeding (InProceedingId, Title, Pages, Url, ProceedingId) VALUES (710, 'Typical Example Selection for Learning Classifiers.', '347-356', NULL, 28);
INSERT INTO Person (PersonId, Name) VALUES (1206, 'Jianchao Han');
INSERT INTO RelationPersonInProceeding (PersonId, InProceedingId) VALUES (1206, 710);
INSERT INTO RelationPersonInProceeding (PersonId, InProceedingId) VALUES (1177, 710);
INSERT INTO InProceeding (InProceedingId, Title, Pages, Url, ProceedingId) VALUES (711, 'Incremental Case-Based Reasoning for Classification.', '353-356', NULL, 29);
INSERT INTO Person (PersonId, Name) VALUES (1207, 'Saeed Hashemi');
INSERT INTO RelationPersonInProceeding (PersonId, InProceedingId) VALUES (1207, 711);
INSERT INTO InProceeding (InProceedingId, Title, Pages, Url, ProceedingId) VALUES (712, 'Characterizing Tractable CSPs.', '259-272', NULL, 27);
INSERT INTO Person (PersonId, Name) VALUES (1208, 'Wanlin Pang');
INSERT INTO RelationPersonInProceeding (PersonId, InProceedingId) VALUES (1208, 712);
INSERT INTO Person (PersonId, Name) VALUES (1209, 'Scott D. Goodwin');
INSERT INTO RelationPersonInProceeding (PersonId, InProceedingId) VALUES (1209, 712);
INSERT INTO InProceeding (InProceedingId, Title, Pages, Url, ProceedingId) VALUES (713, 'ELEM2: A Learning System for More Accurate Classifications.', '426-441', NULL, 27);
INSERT INTO RelationPersonInProceeding (PersonId, InProceedingId) VALUES (1177, 713);
INSERT INTO RelationPersonInProceeding (PersonId, InProceedingId) VALUES (1178, 713);
INSERT INTO InProceeding (InProceedingId, Title, Pages, Url, ProceedingId) VALUES (714, 'Revising TimeGraph-II.', '349-362', NULL, 27);
INSERT INTO RelationPersonInProceeding (PersonId, InProceedingId) VALUES (68, 714);
INSERT INTO Person (PersonId, Name) VALUES (1210, 'Arvind Gupta');
INSERT INTO RelationPersonInProceeding (PersonId, InProceedingId) VALUES (1210, 714);
INSERT INTO InProceeding (InProceedingId, Title, Pages, Url, ProceedingId) VALUES (715, 'Search Techniques for Non-linear Constraint Satisfaction Problems with Inequalities.', '183-193', NULL, 29);
INSERT INTO Person (PersonId, Name) VALUES (1211, 'Marius-Calin Silaghi');
INSERT INTO RelationPersonInProceeding (PersonId, InProceedingId) VALUES (1211, 715);
INSERT INTO Person (PersonId, Name) VALUES (1212, 'Boi Faltings');
INSERT INTO RelationPersonInProceeding (PersonId, InProceedingId) VALUES (1212, 715);
INSERT INTO Person (PersonId, Name) VALUES (1213, 'Djamila Sam-Haroud');
INSERT INTO RelationPersonInProceeding (PersonId, InProceedingId) VALUES (1213, 715);
INSERT INTO InProceeding (InProceedingId, Title, Pages, Url, ProceedingId) VALUES (716, 'The Frame Problem and Bayesian Network Action Representation.', '69-83', NULL, 26);
INSERT INTO Person (PersonId, Name) VALUES (1214, 'Craig Boutilier');
INSERT INTO RelationPersonInProceeding (PersonId, InProceedingId) VALUES (1214, 716);
INSERT INTO Person (PersonId, Name) VALUES (1215, 'Moiss Goldszmidt');
INSERT INTO RelationPersonInProceeding (PersonId, InProceedingId) VALUES (1215, 716);
INSERT INTO InProceeding (InProceedingId, Title, Pages, Url, ProceedingId) VALUES (717, 'An Enhanced Genetic Algorithm Approach to the Channel Assignment Problem in Mobile Cellular Networks.', '325-333', NULL, 30);
INSERT INTO Person (PersonId, Name) VALUES (1216, 'Gary William Grewal');
INSERT INTO RelationPersonInProceeding (PersonId, InProceedingId) VALUES (1216, 717);
INSERT INTO Person (PersonId, Name) VALUES (1217, 'Thomas Charles Wilson');
INSERT INTO RelationPersonInProceeding (PersonId, InProceedingId) VALUES (1217, 717);
INSERT INTO Person (PersonId, Name) VALUES (1218, 'C. Nell');
INSERT INTO RelationPersonInProceeding (PersonId, InProceedingId) VALUES (1218, 717);
INSERT INTO InProceeding (InProceedingId, Title, Pages, Url, ProceedingId) VALUES (718, 'Combinatorial Auctions, Knapsack Problems, and Hill-Climbing Search.', '57-66', NULL, 29);
INSERT INTO Person (PersonId, Name) VALUES (1219, 'Robert C. Holte');
INSERT INTO RelationPersonInProceeding (PersonId, InProceedingId) VALUES (1219, 718);
INSERT INTO InProceeding (InProceedingId, Title, Pages, Url, ProceedingId) VALUES (719, 'Paraconsistent Circumscription.', '296-308', NULL, 26);
INSERT INTO Person (PersonId, Name) VALUES (1220, 'Zuoquan Lin');
INSERT INTO RelationPersonInProceeding (PersonId, InProceedingId) VALUES (1220, 719);
INSERT INTO InProceeding (InProceedingId, Title, Pages, Url, ProceedingId) VALUES (720, 'Automating Model Acquisition by Fault Knowledge Re-Use: Introducing the Diagnostic Remodeler Algorithm.', '442-456', NULL, 26);
INSERT INTO Person (PersonId, Name) VALUES (1221, 'Suhayya Abu-Hakima');
INSERT INTO RelationPersonInProceeding (PersonId, InProceedingId) VALUES (1221, 720);
INSERT INTO InProceeding (InProceedingId, Title, Pages, Url, ProceedingId) VALUES (721, 'Retrieval of Short Documents from Discussion Forums.', '339-343', NULL, 30);
INSERT INTO Person (PersonId, Name) VALUES (1222, 'Fulai Wang');
INSERT INTO RelationPersonInProceeding (PersonId, InProceedingId) VALUES (1222, 721);
INSERT INTO Person (PersonId, Name) VALUES (1223, 'Jim E. Greer');
INSERT INTO RelationPersonInProceeding (PersonId, InProceedingId) VALUES (1223, 721);
INSERT INTO InProceeding (InProceedingId, Title, Pages, Url, ProceedingId) VALUES (722, 'Planning Algorithms and Planning Problems (Abstract).', '457', NULL, 26);
INSERT INTO Person (PersonId, Name) VALUES (1224, 'Martha E. Pollack');
INSERT INTO RelationPersonInProceeding (PersonId, InProceedingId) VALUES (1224, 722);
INSERT INTO InProceeding (InProceedingId, Title, Pages, Url, ProceedingId) VALUES (723, 'QA-LaSIE: A Natural Language Question Answering System.', '172-182', NULL, 29);
INSERT INTO Person (PersonId, Name) VALUES (1225, 'Robert J. Gaizauskas');
INSERT INTO RelationPersonInProceeding (PersonId, InProceedingId) VALUES (1225, 723);
INSERT INTO Person (PersonId, Name) VALUES (1226, 'Sam Scott');
INSERT INTO RelationPersonInProceeding (PersonId, InProceedingId) VALUES (1226, 723);
INSERT INTO InProceeding (InProceedingId, Title, Pages, Url, ProceedingId) VALUES (724, 'Supporting the Needs of Mobile Home Care Workers: A Case Study for Saskatoon District Health System.', '356-357', NULL, 30);
INSERT INTO Person (PersonId, Name) VALUES (1227, 'Ralph Deters');
INSERT INTO RelationPersonInProceeding (PersonId, InProceedingId) VALUES (1227, 724);
INSERT INTO Person (PersonId, Name) VALUES (1228, 'Golha Sharifi');
INSERT INTO RelationPersonInProceeding (PersonId, InProceedingId) VALUES (1228, 724);
INSERT INTO Person (PersonId, Name) VALUES (1229, 'Julita Vassileva');
INSERT INTO RelationPersonInProceeding (PersonId, InProceedingId) VALUES (1229, 724);
INSERT INTO InProceeding (InProceedingId, Title, Pages, Url, ProceedingId) VALUES (725, 'Recycling the Cycle of Perception: A Polemic.', '102-103', NULL, 30);
INSERT INTO Person (PersonId, Name) VALUES (1230, 'Alan K. Mackworth');
INSERT INTO RelationPersonInProceeding (PersonId, InProceedingId) VALUES (1230, 725);
INSERT INTO InProceeding (InProceedingId, Title, Pages, Url, ProceedingId) VALUES (726, 'Grid-Based Path-Finding.', '44-55', NULL, 30);
INSERT INTO Person (PersonId, Name) VALUES (1231, 'Peter Yap');
INSERT INTO RelationPersonInProceeding (PersonId, InProceedingId) VALUES (1231, 726);
INSERT INTO InProceeding (InProceedingId, Title, Pages, Url, ProceedingId) VALUES (727, 'Unifying Single-Agent and Two-Player Search.', '1-12', NULL, 28);
INSERT INTO Person (PersonId, Name) VALUES (1232, 'Aske Plaat');
INSERT INTO RelationPersonInProceeding (PersonId, InProceedingId) VALUES (1232, 727);
INSERT INTO Person (PersonId, Name) VALUES (1233, 'Jonathan Schaeffer');
INSERT INTO RelationPersonInProceeding (PersonId, InProceedingId) VALUES (1233, 727);
INSERT INTO InProceeding (InProceedingId, Title, Pages, Url, ProceedingId) VALUES (728, 'cbCPT: Knowledge Engineering Support for CPTs in Bayesian Networks.', '368-370', NULL, 30);
INSERT INTO Person (PersonId, Name) VALUES (1234, 'Juan-Diego Zapata-Rivera');
INSERT INTO RelationPersonInProceeding (PersonId, InProceedingId) VALUES (1234, 728);
INSERT INTO InProceeding (InProceedingId, Title, Pages, Url, ProceedingId) VALUES (729, 'A Two-Level Approach to Learning in Nonstationary Environments.', '271-283', NULL, 26);
INSERT INTO Person (PersonId, Name) VALUES (1235, 'Snehasis Mukhopadhyay');
INSERT INTO RelationPersonInProceeding (PersonId, InProceedingId) VALUES (1235, 729);
INSERT INTO Person (PersonId, Name) VALUES (1236, 'Wai Lam');
INSERT INTO RelationPersonInProceeding (PersonId, InProceedingId) VALUES (1236, 729);
INSERT INTO InProceeding (InProceedingId, Title, Pages, Url, ProceedingId) VALUES (730, 'Inferring What a User Is Not Interested in.', '159-171', NULL, 26);
INSERT INTO Person (PersonId, Name) VALUES (1237, 'John Ng Yuen Yan');
INSERT INTO RelationPersonInProceeding (PersonId, InProceedingId) VALUES (1237, 730);
INSERT INTO RelationPersonInProceeding (PersonId, InProceedingId) VALUES (1219, 730);
INSERT INTO InProceeding (InProceedingId, Title, Pages, Url, ProceedingId) VALUES (731, 'Clue as a Testbed for Automated Theorem Proving.', '69-78', NULL, 30);
INSERT INTO RelationPersonInProceeding (PersonId, InProceedingId) VALUES (1171, 731);
INSERT INTO InProceeding (InProceedingId, Title, Pages, Url, ProceedingId) VALUES (732, 'An Object Indexing Methodology as Support to Object Recognition.', '72-85', NULL, 27);
INSERT INTO Person (PersonId, Name) VALUES (1238, 'Mounsif Lahboub');
INSERT INTO RelationPersonInProceeding (PersonId, InProceedingId) VALUES (1238, 732);
INSERT INTO Person (PersonId, Name) VALUES (1239, 'Jean-Marie Beaulieu');
INSERT INTO RelationPersonInProceeding (PersonId, InProceedingId) VALUES (1239, 732);
INSERT INTO Person (PersonId, Name) VALUES (1240, 'Guy W. Mineau');
INSERT INTO RelationPersonInProceeding (PersonId, InProceedingId) VALUES (1240, 732);
INSERT INTO InProceeding (InProceedingId, Title, Pages, Url, ProceedingId) VALUES (733, 'Imprecise and Uncertain Engineering Information Modeling in Databases.', '349-352', NULL, 29);
INSERT INTO Person (PersonId, Name) VALUES (1241, 'Wenjun Zhang');
INSERT INTO RelationPersonInProceeding (PersonId, InProceedingId) VALUES (1241, 733);
INSERT INTO Person (PersonId, Name) VALUES (1242, 'Z. M. Ma');
INSERT INTO RelationPersonInProceeding (PersonId, InProceedingId) VALUES (1242, 733);
INSERT INTO Person (PersonId, Name) VALUES (1243, 'Weiyin Ma');
INSERT INTO RelationPersonInProceeding (PersonId, InProceedingId) VALUES (1243, 733);
INSERT INTO InProceeding (InProceedingId, Title, Pages, Url, ProceedingId) VALUES (734, 'A Statistical Corpus-Based Term Extractor.', '36-46', NULL, 29);
INSERT INTO Person (PersonId, Name) VALUES (1244, 'Dekang Lin');
INSERT INTO RelationPersonInProceeding (PersonId, InProceedingId) VALUES (1244, 734);
INSERT INTO Person (PersonId, Name) VALUES (1245, 'Patrick Pantel');
INSERT INTO RelationPersonInProceeding (PersonId, InProceedingId) VALUES (1245, 734);
INSERT INTO InProceeding (InProceedingId, Title, Pages, Url, ProceedingId) VALUES (735, 'Decision Tree Learning Systems with Switching Evaluators.', '349-361', NULL, 26);
INSERT INTO Person (PersonId, Name) VALUES (1246, 'Takeshi Koshiba');
INSERT INTO RelationPersonInProceeding (PersonId, InProceedingId) VALUES (1246, 735);
INSERT INTO InProceeding (InProceedingId, Title, Pages, Url, ProceedingId) VALUES (736, 'A Polynomial-Time Predicate-Logic Hypothetical Reasoning by Networked Bubble Propagation Method.', '375-387', NULL, 26);
INSERT INTO Person (PersonId, Name) VALUES (1247, 'Yukio Ohsawa');
INSERT INTO RelationPersonInProceeding (PersonId, InProceedingId) VALUES (1247, 736);
INSERT INTO Person (PersonId, Name) VALUES (1248, 'Mitsuru Ishizuka');
INSERT INTO RelationPersonInProceeding (PersonId, InProceedingId) VALUES (1248, 736);
INSERT INTO InProceeding (InProceedingId, Title, Pages, Url, ProceedingId) VALUES (737, 'Agents with Genders for Inventory Planning in E-Management.', '267-276', NULL, 29);
INSERT INTO Person (PersonId, Name) VALUES (1249, 'Nguyen Van Hop');
INSERT INTO RelationPersonInProceeding (PersonId, InProceedingId) VALUES (1249, 737);
INSERT INTO Person (PersonId, Name) VALUES (1250, 'Hanh H. Pham');
INSERT INTO RelationPersonInProceeding (PersonId, InProceedingId) VALUES (1250, 737);
INSERT INTO InProceeding (InProceedingId, Title, Pages, Url, ProceedingId) VALUES (738, 'Relational Learning with Transfer of Knowledge Between Domains.', '379-388', NULL, 28);
INSERT INTO RelationPersonInProceeding (PersonId, InProceedingId) VALUES (1175, 738);
INSERT INTO Person (PersonId, Name) VALUES (1251, 'Johanne Morin');
INSERT INTO RelationPersonInProceeding (PersonId, InProceedingId) VALUES (1251, 738);
INSERT INTO InProceeding (InProceedingId, Title, Pages, Url, ProceedingId) VALUES (739, 'Topic Discovery from Text Using Aggregation of Different Clustering Methods.', '161-175', NULL, 30);
INSERT INTO Person (PersonId, Name) VALUES (1252, 'Hanan Ayad');
INSERT INTO RelationPersonInProceeding (PersonId, InProceedingId) VALUES (1252, 739);
INSERT INTO Person (PersonId, Name) VALUES (1253, 'Mohamed S. Kamel');
INSERT INTO RelationPersonInProceeding (PersonId, InProceedingId) VALUES (1253, 739);
INSERT INTO InProceeding (InProceedingId, Title, Pages, Url, ProceedingId) VALUES (740, 'Construction of a Non-redundant Cover for Conditional Independencies.', '210-220', NULL, 30);
INSERT INTO Person (PersonId, Name) VALUES (1254, 'Dan Wu');
INSERT INTO RelationPersonInProceeding (PersonId, InProceedingId) VALUES (1254, 740);
INSERT INTO Person (PersonId, Name) VALUES (1255, 'S. K. Michael Wong');
INSERT INTO RelationPersonInProceeding (PersonId, InProceedingId) VALUES (1255, 740);
INSERT INTO Person (PersonId, Name) VALUES (1256, 'Tao Lin');
INSERT INTO RelationPersonInProceeding (PersonId, InProceedingId) VALUES (1256, 740);
INSERT INTO InProceeding (InProceedingId, Title, Pages, Url, ProceedingId) VALUES (741, 'A Structural Characterization of DAG-Isomorphic Dependency Models.', '195-209', NULL, 30);
INSERT INTO RelationPersonInProceeding (PersonId, InProceedingId) VALUES (1254, 741);
INSERT INTO RelationPersonInProceeding (PersonId, InProceedingId) VALUES (1255, 741);
INSERT INTO RelationPersonInProceeding (PersonId, InProceedingId) VALUES (1256, 741);
INSERT INTO InProceeding (InProceedingId, Title, Pages, Url, ProceedingId) VALUES (742, 'The Effect of Genetic Operator Probabilities and Selection Strategies on the Performance of a Genetic Algorithm.', '139-153', NULL, 27);
INSERT INTO Person (PersonId, Name) VALUES (1257, 'Kay Wiese');
INSERT INTO RelationPersonInProceeding (PersonId, InProceedingId) VALUES (1257, 742);
INSERT INTO RelationPersonInProceeding (PersonId, InProceedingId) VALUES (1209, 742);
INSERT INTO InProceeding (InProceedingId, Title, Pages, Url, ProceedingId) VALUES (743, 'A Hierarchical Model of Agent Based on Skill, Rules, and Knowledge.', '200-212', NULL, 26);
INSERT INTO Person (PersonId, Name) VALUES (1258, 'Brahim Chaib-draa');
INSERT INTO RelationPersonInProceeding (PersonId, InProceedingId) VALUES (1258, 743);
INSERT INTO InProceeding (InProceedingId, Title, Pages, Url, ProceedingId) VALUES (744, 'A Relational Modeling of Cognitive Maps.', '322-333', NULL, 27);
INSERT INTO RelationPersonInProceeding (PersonId, InProceedingId) VALUES (1258, 744);
INSERT INTO InProceeding (InProceedingId, Title, Pages, Url, ProceedingId) VALUES (745, 'Lessons Learned in the Development and Implementation of a Bilingual Nationally Accessible Knowledge-Based System.', '211-219', NULL, 27);
INSERT INTO Person (PersonId, Name) VALUES (1259, 'Brett Hodges');
INSERT INTO RelationPersonInProceeding (PersonId, InProceedingId) VALUES (1259, 745);
INSERT INTO Person (PersonId, Name) VALUES (1260, 'Larry Hodgson');
INSERT INTO RelationPersonInProceeding (PersonId, InProceedingId) VALUES (1260, 745);
INSERT INTO InProceeding (InProceedingId, Title, Pages, Url, ProceedingId) VALUES (746, 'A Constraint Directed Model for Partial Constraint Satisfaction Problems.', '26-39', NULL, 28);
INSERT INTO Person (PersonId, Name) VALUES (1261, 'Sivakumar Nagarajan');
INSERT INTO RelationPersonInProceeding (PersonId, InProceedingId) VALUES (1261, 746);
INSERT INTO RelationPersonInProceeding (PersonId, InProceedingId) VALUES (1209, 746);
INSERT INTO Person (PersonId, Name) VALUES (1262, 'Abdul Sattar');
INSERT INTO RelationPersonInProceeding (PersonId, InProceedingId) VALUES (1262, 746);
INSERT INTO InProceeding (InProceedingId, Title, Pages, Url, ProceedingId) VALUES (747, 'Strings Clustering and Statistical Validation of Clusters.', '298-309', NULL, 27);
INSERT INTO Person (PersonId, Name) VALUES (1263, 'Marc Sebban');
INSERT INTO RelationPersonInProceeding (PersonId, InProceedingId) VALUES (1263, 747);
INSERT INTO Person (PersonId, Name) VALUES (1264, 'Anne M. Landraud');
INSERT INTO RelationPersonInProceeding (PersonId, InProceedingId) VALUES (1264, 747);
INSERT INTO InProceeding (InProceedingId, Title, Pages, Url, ProceedingId) VALUES (748, 'Identifying and Eliminating Irrelevant Instances Using Information Theory.', '90-101', NULL, 28);
INSERT INTO RelationPersonInProceeding (PersonId, InProceedingId) VALUES (1263, 748);
INSERT INTO Person (PersonId, Name) VALUES (1265, 'Richard Nock');
INSERT INTO RelationPersonInProceeding (PersonId, InProceedingId) VALUES (1265, 748);
INSERT INTO InProceeding (InProceedingId, Title, Pages, Url, ProceedingId) VALUES (749, 'Collocation Discovery for Optimal Bilingual Lexicon Development.', '126-137', NULL, 28);
INSERT INTO Person (PersonId, Name) VALUES (1266, 'Fred Popowich');
INSERT INTO RelationPersonInProceeding (PersonId, InProceedingId) VALUES (1266, 749);
INSERT INTO Person (PersonId, Name) VALUES (1267, 'Paul McFetridge');
INSERT INTO RelationPersonInProceeding (PersonId, InProceedingId) VALUES (1267, 749);
INSERT INTO Person (PersonId, Name) VALUES (1268, 'Janine Toole');
INSERT INTO RelationPersonInProceeding (PersonId, InProceedingId) VALUES (1268, 749);
INSERT INTO Person (PersonId, Name) VALUES (1269, 'Davide Turcato');
INSERT INTO RelationPersonInProceeding (PersonId, InProceedingId) VALUES (1269, 749);
INSERT INTO Person (PersonId, Name) VALUES (1270, 'Scott McDonald');
INSERT INTO RelationPersonInProceeding (PersonId, InProceedingId) VALUES (1270, 749);
INSERT INTO InProceeding (InProceedingId, Title, Pages, Url, ProceedingId) VALUES (750, 'valuation d$1un Systme pour le Rsum Automatique de Documents lectroniques.', '277-286', NULL, 29);
INSERT INTO Person (PersonId, Name) VALUES (1271, 'David Nadeau');
INSERT INTO RelationPersonInProceeding (PersonId, InProceedingId) VALUES (1271, 750);
INSERT INTO Person (PersonId, Name) VALUES (1272, 'Nicole Tourigny');
INSERT INTO RelationPersonInProceeding (PersonId, InProceedingId) VALUES (1272, 750);
INSERT INTO InProceeding (InProceedingId, Title, Pages, Url, ProceedingId) VALUES (751, 'Test-Driving TANKA: Evaluating a Semi-automatic System of Text Analysis for Knowledge Acquisition.', '60-71', NULL, 27);
INSERT INTO Person (PersonId, Name) VALUES (1273, 'Sylvain Delisle');
INSERT INTO RelationPersonInProceeding (PersonId, InProceedingId) VALUES (1273, 751);
INSERT INTO Person (PersonId, Name) VALUES (1274, 'Ken Barker');
INSERT INTO RelationPersonInProceeding (PersonId, InProceedingId) VALUES (1274, 751);
INSERT INTO Person (PersonId, Name) VALUES (1275, 'Stan Szpakowicz');
INSERT INTO RelationPersonInProceeding (PersonId, InProceedingId) VALUES (1275, 751);
INSERT INTO InProceeding (InProceedingId, Title, Pages, Url, ProceedingId) VALUES (752, 'Generic and Query-Based Text Summarization Using Lexical Cohesion.', '293-302', NULL, 30);
INSERT INTO Person (PersonId, Name) VALUES (1276, 'Yllias Chali');
INSERT INTO RelationPersonInProceeding (PersonId, InProceedingId) VALUES (1276, 752);
INSERT INTO InProceeding (InProceedingId, Title, Pages, Url, ProceedingId) VALUES (753, 'AERO: An Outsourced Approach to Exception Handling in Multi-agent Systems.', '16-30', NULL, 30);
INSERT INTO Person (PersonId, Name) VALUES (1277, 'David Chen');
INSERT INTO RelationPersonInProceeding (PersonId, InProceedingId) VALUES (1277, 753);
INSERT INTO Person (PersonId, Name) VALUES (1278, 'Robin Cohen');
INSERT INTO RelationPersonInProceeding (PersonId, InProceedingId) VALUES (1278, 753);
INSERT INTO InProceeding (InProceedingId, Title, Pages, Url, ProceedingId) VALUES (754, 'Stacking for Misclassification Cost Performance.', '215-224', NULL, 29);
INSERT INTO Person (PersonId, Name) VALUES (1279, 'R. Mike Cameron-Jones');
INSERT INTO RelationPersonInProceeding (PersonId, InProceedingId) VALUES (1279, 754);
INSERT INTO Person (PersonId, Name) VALUES (1280, 'Andrew Charman-Williams');
INSERT INTO RelationPersonInProceeding (PersonId, InProceedingId) VALUES (1280, 754);
INSERT INTO InProceeding (InProceedingId, Title, Pages, Url, ProceedingId) VALUES (755, 'Accelerated Backpropagation Learning: Extended Dynamic Parallel Tangent Optimization Algorithm.', '293-304', NULL, 28);
INSERT INTO RelationPersonInProceeding (PersonId, InProceedingId) VALUES (1189, 755);
INSERT INTO Person (PersonId, Name) VALUES (1281, 'Lila Bayat');
INSERT INTO RelationPersonInProceeding (PersonId, InProceedingId) VALUES (1281, 755);
INSERT INTO InProceeding (InProceedingId, Title, Pages, Url, ProceedingId) VALUES (756, 'The Power of the TSNLP: Lessons from a Diagnostic Evaluation of a Broad-Coverage Parser.', '138-150', NULL, 28);
INSERT INTO Person (PersonId, Name) VALUES (1282, 'Elizabeth Scarlett');
INSERT INTO RelationPersonInProceeding (PersonId, InProceedingId) VALUES (1282, 756);
INSERT INTO RelationPersonInProceeding (PersonId, InProceedingId) VALUES (1275, 756);
INSERT INTO InProceeding (InProceedingId, Title, Pages, Url, ProceedingId) VALUES (757, 'Concept-Learning in the Presence of Between-Class and Within-Class Imbalances.', '67-77', NULL, 29);
INSERT INTO Person (PersonId, Name) VALUES (1283, 'Nathalie Japkowicz');
INSERT INTO RelationPersonInProceeding (PersonId, InProceedingId) VALUES (1283, 757);
INSERT INTO InProceeding (InProceedingId, Title, Pages, Url, ProceedingId) VALUES (758, 'On the Role of Contextual Weak Independence in Probabilistic Inference.', '185-194', NULL, 30);
INSERT INTO Person (PersonId, Name) VALUES (1284, 'Manon J. Sanscartier');
INSERT INTO RelationPersonInProceeding (PersonId, InProceedingId) VALUES (1284, 758);
INSERT INTO Person (PersonId, Name) VALUES (1285, 'Cory J. Butz');
INSERT INTO RelationPersonInProceeding (PersonId, InProceedingId) VALUES (1285, 758);
INSERT INTO InProceeding (InProceedingId, Title, Pages, Url, ProceedingId) VALUES (759, 'Query-Less Retrieval of Interesting Postings in a WebForum.', '371-372', NULL, 30);
INSERT INTO Person (PersonId, Name) VALUES (1286, 'Laxmikanta Mishra');
INSERT INTO RelationPersonInProceeding (PersonId, InProceedingId) VALUES (1286, 759);
INSERT INTO InProceeding (InProceedingId, Title, Pages, Url, ProceedingId) VALUES (760, 'Semantics of Multiply Selectioned Bayesian Networks for Cooperative Multi-agent Distributed Interpretation.', '213-226', NULL, 26);
INSERT INTO Person (PersonId, Name) VALUES (1287, 'Y. Xiang');
INSERT INTO RelationPersonInProceeding (PersonId, InProceedingId) VALUES (1287, 760);
INSERT INTO InProceeding (InProceedingId, Title, Pages, Url, ProceedingId) VALUES (761, 'Temporally Invariant Junction Tree for Inference in Dynamic Bayesian Network.', '363-377', NULL, 27);
INSERT INTO Person (PersonId, Name) VALUES (1288, 'Yang Xiang');
INSERT INTO RelationPersonInProceeding (PersonId, InProceedingId) VALUES (1288, 761);
INSERT INTO InProceeding (InProceedingId, Title, Pages, Url, ProceedingId) VALUES (762, 'Adaptive Representation Methods for Reinforcement Learning.', '345-348', NULL, 29);
INSERT INTO Person (PersonId, Name) VALUES (1289, 'Stuart I. Reynolds');
INSERT INTO RelationPersonInProceeding (PersonId, InProceedingId) VALUES (1289, 762);
INSERT INTO InProceeding (InProceedingId, Title, Pages, Url, ProceedingId) VALUES (763, 'Searching for Macro Operators with Automatically Generated Heuristics.', '194-203', NULL, 29);
INSERT INTO Person (PersonId, Name) VALUES (1290, 'Istvn T. Herndvlgyi');
INSERT INTO RelationPersonInProceeding (PersonId, InProceedingId) VALUES (1290, 763);
INSERT INTO InProceeding (InProceedingId, Title, Pages, Url, ProceedingId) VALUES (764, 'A Noise Filtering Method for Inductive Concept Learning.', '79-89', NULL, 30);
INSERT INTO Person (PersonId, Name) VALUES (1291, 'George V. Lashkia');
INSERT INTO RelationPersonInProceeding (PersonId, InProceedingId) VALUES (1291, 764);
INSERT INTO InProceeding (InProceedingId, Title, Pages, Url, ProceedingId) VALUES (765, 'The Task Rehearsal Method of Life-Long Learning: Overcoming Impoverished Data.', '90-101', NULL, 30);
INSERT INTO Person (PersonId, Name) VALUES (1292, 'Daniel L. Silver');
INSERT INTO RelationPersonInProceeding (PersonId, InProceedingId) VALUES (1292, 765);
INSERT INTO RelationPersonInProceeding (PersonId, InProceedingId) VALUES (1184, 765);
INSERT INTO InProceeding (InProceedingId, Title, Pages, Url, ProceedingId) VALUES (766, 'Text Summarization as Controlled Search.', '268-280', NULL, 30);
INSERT INTO RelationPersonInProceeding (PersonId, InProceedingId) VALUES (1283, 766);
INSERT INTO RelationPersonInProceeding (PersonId, InProceedingId) VALUES (1275, 766);
INSERT INTO Person (PersonId, Name) VALUES (1293, 'Terry Copeck');
INSERT INTO RelationPersonInProceeding (PersonId, InProceedingId) VALUES (1293, 766);
INSERT INTO InProceeding (InProceedingId, Title, Pages, Url, ProceedingId) VALUES (767, 'Distance Constraint Arrays: A Model for Reasoning on Intervals with Qualitative and Quantitative Distances.', '334-348', NULL, 27);
INSERT INTO Person (PersonId, Name) VALUES (1294, 'Steffen Staab');
INSERT INTO RelationPersonInProceeding (PersonId, InProceedingId) VALUES (1294, 767);
INSERT INTO Person (PersonId, Name) VALUES (1295, 'Udo Hahn');
INSERT INTO RelationPersonInProceeding (PersonId, InProceedingId) VALUES (1295, 767);
INSERT INTO InProceeding (InProceedingId, Title, Pages, Url, ProceedingId) VALUES (768, 'Mining Incremental Association Rules with Generalized FP-Tree.', '147-160', NULL, 30);
INSERT INTO Person (PersonId, Name) VALUES (1296, 'Yue Su');
INSERT INTO RelationPersonInProceeding (PersonId, InProceedingId) VALUES (1296, 768);
INSERT INTO Person (PersonId, Name) VALUES (1297, 'C. I. Ezeife');
INSERT INTO RelationPersonInProceeding (PersonId, InProceedingId) VALUES (1297, 768);
INSERT INTO InProceeding (InProceedingId, Title, Pages, Url, ProceedingId) VALUES (769, 'Parsing to Meaning, Statistically.', '442', NULL, 28);
INSERT INTO Person (PersonId, Name) VALUES (1298, 'Eugene Charniak');
INSERT INTO RelationPersonInProceeding (PersonId, InProceedingId) VALUES (1298, 769);
INSERT INTO InProceeding (InProceedingId, Title, Pages, Url, ProceedingId) VALUES (770, 'Two-Literal Logic Programs and Satisfiability Representation of Stable Models: A Comparison.', '119-131', NULL, 30);
INSERT INTO Person (PersonId, Name) VALUES (1299, 'Jia-Huai You');
INSERT INTO RelationPersonInProceeding (PersonId, InProceedingId) VALUES (1299, 770);
INSERT INTO Person (PersonId, Name) VALUES (1300, 'Xiumei Jia');
INSERT INTO RelationPersonInProceeding (PersonId, InProceedingId) VALUES (1300, 770);
INSERT INTO Person (PersonId, Name) VALUES (1301, 'Guan-Shieng Huang');
INSERT INTO RelationPersonInProceeding (PersonId, InProceedingId) VALUES (1301, 770);
INSERT INTO Person (PersonId, Name) VALUES (1302, 'Churn-Jung Liau');
INSERT INTO RelationPersonInProceeding (PersonId, InProceedingId) VALUES (1302, 770);
INSERT INTO InProceeding (InProceedingId, Title, Pages, Url, ProceedingId) VALUES (771, 'Selecting the Next Action with Constraints.', '220-227', NULL, 27);
INSERT INTO Person (PersonId, Name) VALUES (1303, 'Toby Donaldson');
INSERT INTO RelationPersonInProceeding (PersonId, InProceedingId) VALUES (1303, 771);
INSERT INTO RelationPersonInProceeding (PersonId, InProceedingId) VALUES (1278, 771);
INSERT INTO InProceeding (InProceedingId, Title, Pages, Url, ProceedingId) VALUES (772, 'A New Model of Hard Binary Constraint Satisfaction Problems.', '14-25', NULL, 26);
INSERT INTO RelationPersonInProceeding (PersonId, InProceedingId) VALUES (1184, 772);
INSERT INTO Person (PersonId, Name) VALUES (1304, 'Michael J. Dent');
INSERT INTO RelationPersonInProceeding (PersonId, InProceedingId) VALUES (1304, 772);
INSERT INTO InProceeding (InProceedingId, Title, Pages, Url, ProceedingId) VALUES (773, 'LPMEME: A Statistical Method for Inductive Logic Programming.', '227-239', NULL, 26);
INSERT INTO Person (PersonId, Name) VALUES (1305, 'Charles Elkan');
INSERT INTO RelationPersonInProceeding (PersonId, InProceedingId) VALUES (1305, 773);
INSERT INTO Person (PersonId, Name) VALUES (1306, 'Karan Bhatia');
INSERT INTO RelationPersonInProceeding (PersonId, InProceedingId) VALUES (1306, 773);
INSERT INTO InProceeding (InProceedingId, Title, Pages, Url, ProceedingId) VALUES (774, 'Simulating Competing Alife Organisms by Constructive Compound Neural Networks.', '267-279', NULL, 28);
INSERT INTO Person (PersonId, Name) VALUES (1307, 'Juichi Miyamichi');
INSERT INTO RelationPersonInProceeding (PersonId, InProceedingId) VALUES (1307, 774);
INSERT INTO Person (PersonId, Name) VALUES (1308, 'Naoyuki Tokuda');
INSERT INTO RelationPersonInProceeding (PersonId, InProceedingId) VALUES (1308, 774);
INSERT INTO Person (PersonId, Name) VALUES (1309, 'Jianjun Yan');
INSERT INTO RelationPersonInProceeding (PersonId, InProceedingId) VALUES (1309, 774);
INSERT INTO InProceeding (InProceedingId, Title, Pages, Url, ProceedingId) VALUES (775, 'Solving the Traveling Salesman Problem Using the Enhanced Genetic Algorithm.', '307-316', NULL, 29);
INSERT INTO Person (PersonId, Name) VALUES (1310, 'Deborah A. Stacey');
INSERT INTO RelationPersonInProceeding (PersonId, InProceedingId) VALUES (1310, 775);
INSERT INTO Person (PersonId, Name) VALUES (1311, 'Lixin Yang');
INSERT INTO RelationPersonInProceeding (PersonId, InProceedingId) VALUES (1311, 775);
INSERT INTO InProceeding (InProceedingId, Title, Pages, Url, ProceedingId) VALUES (776, 'Keep It Simple: A Case-Base Maintenance Policy Based on Clustering and Information Theory.', '102-114', NULL, 28);
INSERT INTO Person (PersonId, Name) VALUES (1312, 'Qiang Yang');
INSERT INTO RelationPersonInProceeding (PersonId, InProceedingId) VALUES (1312, 776);
INSERT INTO Person (PersonId, Name) VALUES (1313, 'Jing Wu');
INSERT INTO RelationPersonInProceeding (PersonId, InProceedingId) VALUES (1313, 776);
INSERT INTO InProceeding (InProceedingId, Title, Pages, Url, ProceedingId) VALUES (777, 'Imitation and Reinforcement Learning in Agents with Heterogeneous Actions.', '111-120', NULL, 29);
INSERT INTO RelationPersonInProceeding (PersonId, InProceedingId) VALUES (1214, 777);
INSERT INTO Person (PersonId, Name) VALUES (1314, 'Bob Price');
INSERT INTO RelationPersonInProceeding (PersonId, InProceedingId) VALUES (1314, 777);
INSERT INTO InProceeding (InProceedingId, Title, Pages, Url, ProceedingId) VALUES (778, 'A Chart Generator for Shake and Bake Machine Translation.', '97-108', NULL, 26);
INSERT INTO RelationPersonInProceeding (PersonId, InProceedingId) VALUES (1266, 778);
INSERT INTO InProceeding (InProceedingId, Title, Pages, Url, ProceedingId) VALUES (779, 'A Constructive Approach to Parsing with Neural Networks - The Hybrid Connectionist Parsing Method.', '310-318', NULL, 30);
INSERT INTO Person (PersonId, Name) VALUES (1315, 'Christel Kemke');
INSERT INTO RelationPersonInProceeding (PersonId, InProceedingId) VALUES (1315, 779);
INSERT INTO InProceeding (InProceedingId, Title, Pages, Url, ProceedingId) VALUES (780, 'Using Object Influence Areas to Quantitatively Deal with Neighborhood and Perception in Route Descriptions.', '69-81', NULL, 28);
INSERT INTO Person (PersonId, Name) VALUES (1316, 'Walid Chaker');
INSERT INTO RelationPersonInProceeding (PersonId, InProceedingId) VALUES (1316, 780);
INSERT INTO Person (PersonId, Name) VALUES (1317, 'Driss Kettani');
INSERT INTO RelationPersonInProceeding (PersonId, InProceedingId) VALUES (1317, 780);
INSERT INTO Person (PersonId, Name) VALUES (1318, 'Benjamin Gauthier');
INSERT INTO RelationPersonInProceeding (PersonId, InProceedingId) VALUES (1318, 780);
INSERT INTO Person (PersonId, Name) VALUES (1319, 'Bernard Moulin');
INSERT INTO RelationPersonInProceeding (PersonId, InProceedingId) VALUES (1319, 780);
INSERT INTO InProceeding (InProceedingId, Title, Pages, Url, ProceedingId) VALUES (781, 'Are Bees Better than Fruitflies?', '13-25', NULL, 28);
INSERT INTO Person (PersonId, Name) VALUES (1320, 'Jack van Rijswijck');
INSERT INTO RelationPersonInProceeding (PersonId, InProceedingId) VALUES (1320, 781);
INSERT INTO InProceeding (InProceedingId, Title, Pages, Url, ProceedingId) VALUES (782, 'User Models: Customizing E-Commerce Websites to the Context of Use.', '354-355', NULL, 30);
INSERT INTO Person (PersonId, Name) VALUES (1321, 'Thiruvengadam Radhakrishnan');
INSERT INTO RelationPersonInProceeding (PersonId, InProceedingId) VALUES (1321, 782);
INSERT INTO Person (PersonId, Name) VALUES (1322, 'Ahmed Seffah');
INSERT INTO RelationPersonInProceeding (PersonId, InProceedingId) VALUES (1322, 782);
INSERT INTO Person (PersonId, Name) VALUES (1323, 'Rony Abi-Aad');
INSERT INTO RelationPersonInProceeding (PersonId, InProceedingId) VALUES (1323, 782);
INSERT INTO InProceeding (InProceedingId, Title, Pages, Url, ProceedingId) VALUES (783, 'An Efficient Compositional Semantics for Natural-Language Database Queries with Arbitrarily-Nested Quantification and Negation.', '252-267', NULL, 30);
INSERT INTO Person (PersonId, Name) VALUES (1324, 'Richard Frost');
INSERT INTO RelationPersonInProceeding (PersonId, InProceedingId) VALUES (1324, 783);
INSERT INTO Person (PersonId, Name) VALUES (1325, 'Pierre Boulos');
INSERT INTO RelationPersonInProceeding (PersonId, InProceedingId) VALUES (1325, 783);
INSERT INTO InProceeding (InProceedingId, Title, Pages, Url, ProceedingId) VALUES (784, 'A Parallel Approach to Unified Cognitive Modeling of Language Processing within a Visual Context.', '151-163', NULL, 28);
INSERT INTO Person (PersonId, Name) VALUES (1326, 'Diane J. Cook');
INSERT INTO RelationPersonInProceeding (PersonId, InProceedingId) VALUES (1326, 784);
INSERT INTO Person (PersonId, Name) VALUES (1327, 'Charles Hannon');
INSERT INTO RelationPersonInProceeding (PersonId, InProceedingId) VALUES (1327, 784);
INSERT INTO InProceeding (InProceedingId, Title, Pages, Url, ProceedingId) VALUES (785, 'A Recognition-Based Alternative to Discrimination-Based Multi-layer Perceptrons.', '280-292', NULL, 28);
INSERT INTO RelationPersonInProceeding (PersonId, InProceedingId) VALUES (1283, 785);
INSERT INTO Person (PersonId, Name) VALUES (1328, 'Todd Eavis');
INSERT INTO RelationPersonInProceeding (PersonId, InProceedingId) VALUES (1328, 785);
INSERT INTO InProceeding (InProceedingId, Title, Pages, Url, ProceedingId) VALUES (786, 'Scheduling Methods for Parallel Automated Theorem Proving.', '254-266', NULL, 28);
INSERT INTO Person (PersonId, Name) VALUES (1329, 'Gernot Stenz');
INSERT INTO RelationPersonInProceeding (PersonId, InProceedingId) VALUES (1329, 786);
INSERT INTO Person (PersonId, Name) VALUES (1330, 'Andreas Wolf');
INSERT INTO RelationPersonInProceeding (PersonId, InProceedingId) VALUES (1330, 786);
INSERT INTO InProceeding (InProceedingId, Title, Pages, Url, ProceedingId) VALUES (787, 'Reinforcement Learning for Real-World Control Applications.', '257-270', NULL, 26);
INSERT INTO Person (PersonId, Name) VALUES (1331, 'Malcolm R. K. Ryan');
INSERT INTO RelationPersonInProceeding (PersonId, InProceedingId) VALUES (1331, 787);
INSERT INTO Person (PersonId, Name) VALUES (1332, 'Mark D. Pendrith');
INSERT INTO RelationPersonInProceeding (PersonId, InProceedingId) VALUES (1332, 787);
INSERT INTO InProceeding (InProceedingId, Title, Pages, Url, ProceedingId) VALUES (788, 'Attribute Selection Strategies fro Attribute-Oriented Generalization.', '429-441', NULL, 26);
INSERT INTO RelationPersonInProceeding (PersonId, InProceedingId) VALUES (1172, 788);
INSERT INTO Person (PersonId, Name) VALUES (1333, 'Brock Barber');
INSERT INTO RelationPersonInProceeding (PersonId, InProceedingId) VALUES (1333, 788);
INSERT INTO InProceeding (InProceedingId, Title, Pages, Url, ProceedingId) VALUES (789, 'An Extendable Natural Language Interface to a Consumer Service Database.', '82-89', NULL, 28);
INSERT INTO Person (PersonId, Name) VALUES (1334, 'Gordon Tisher');
INSERT INTO RelationPersonInProceeding (PersonId, InProceedingId) VALUES (1334, 789);
INSERT INTO RelationPersonInProceeding (PersonId, InProceedingId) VALUES (1266, 789);
INSERT INTO Person (PersonId, Name) VALUES (1335, 'Petr Pp Kubon');
INSERT INTO RelationPersonInProceeding (PersonId, InProceedingId) VALUES (1335, 789);
INSERT INTO InProceeding (InProceedingId, Title, Pages, Url, ProceedingId) VALUES (790, 'Stratified Partial-Order Logic Programming.', '225-235', NULL, 29);
INSERT INTO Person (PersonId, Name) VALUES (1336, 'Juan Carlos Nieves');
INSERT INTO RelationPersonInProceeding (PersonId, InProceedingId) VALUES (1336, 790);
INSERT INTO Person (PersonId, Name) VALUES (1337, 'Mauricio Osorio');
INSERT INTO RelationPersonInProceeding (PersonId, InProceedingId) VALUES (1337, 790);
INSERT INTO InProceeding (InProceedingId, Title, Pages, Url, ProceedingId) VALUES (791, 'The Importance of Being Discrete: Learning Classes of Actions and Outcomes through Interaction.', '236-245', NULL, 29);
INSERT INTO Person (PersonId, Name) VALUES (1338, 'Tim Oates');
INSERT INTO RelationPersonInProceeding (PersonId, InProceedingId) VALUES (1338, 791);
INSERT INTO Person (PersonId, Name) VALUES (1339, 'Gary King');
INSERT INTO RelationPersonInProceeding (PersonId, InProceedingId) VALUES (1339, 791);
INSERT INTO InProceeding (InProceedingId, Title, Pages, Url, ProceedingId) VALUES (792, 'A Comparison of Association Rule Discovery and Bayesian Network Causal Inference Algorithms to Discover Relationships in Discrete Data.', '326-336', NULL, 28);
INSERT INTO Person (PersonId, Name) VALUES (1340, 'John Cooke');
INSERT INTO RelationPersonInProceeding (PersonId, InProceedingId) VALUES (1340, 792);
INSERT INTO RelationPersonInProceeding (PersonId, InProceedingId) VALUES (1171, 792);
INSERT INTO Person (PersonId, Name) VALUES (1341, 'Jeff Bowes');
INSERT INTO RelationPersonInProceeding (PersonId, InProceedingId) VALUES (1341, 792);
INSERT INTO RelationPersonInProceeding (PersonId, InProceedingId) VALUES (1223, 792);
INSERT INTO InProceeding (InProceedingId, Title, Pages, Url, ProceedingId) VALUES (793, 'Efficient Induction of Recursive Prolog Definitons.', '240-248', NULL, 26);
INSERT INTO RelationPersonInProceeding (PersonId, InProceedingId) VALUES (1175, 793);
INSERT INTO Person (PersonId, Name) VALUES (1342, 'Riverson Rios');
INSERT INTO RelationPersonInProceeding (PersonId, InProceedingId) VALUES (1342, 793);
INSERT INTO InProceeding (InProceedingId, Title, Pages, Url, ProceedingId) VALUES (794, 'Predicate Invention from a Few Examples.', '455-466', NULL, 27);
INSERT INTO RelationPersonInProceeding (PersonId, InProceedingId) VALUES (1175, 794);
INSERT INTO RelationPersonInProceeding (PersonId, InProceedingId) VALUES (1342, 794);
INSERT INTO InProceeding (InProceedingId, Title, Pages, Url, ProceedingId) VALUES (795, 'An Attribute Redundancy Measure for Clustering.', '273-284', NULL, 27);
INSERT INTO Person (PersonId, Name) VALUES (1343, 'Teresa Gonalves');
INSERT INTO RelationPersonInProceeding (PersonId, InProceedingId) VALUES (1343, 795);
INSERT INTO Person (PersonId, Name) VALUES (1344, 'Fernando Moura-Pires');
INSERT INTO RelationPersonInProceeding (PersonId, InProceedingId) VALUES (1344, 795);
INSERT INTO InProceeding (InProceedingId, Title, Pages, Url, ProceedingId) VALUES (796, 'Searching with Pattern Databases.', '402-416', NULL, 26);
INSERT INTO Person (PersonId, Name) VALUES (1345, 'Joseph C. Culberson');
INSERT INTO RelationPersonInProceeding (PersonId, InProceedingId) VALUES (1345, 796);
INSERT INTO RelationPersonInProceeding (PersonId, InProceedingId) VALUES (1233, 796);
INSERT INTO InProceeding (InProceedingId, Title, Pages, Url, ProceedingId) VALUES (797, 'The Design and Implementation of an Electronic Lexical Knowledge Base.', '325-334', NULL, 29);
INSERT INTO Person (PersonId, Name) VALUES (1346, 'Mario Jarmasz');
INSERT INTO RelationPersonInProceeding (PersonId, InProceedingId) VALUES (1346, 797);
INSERT INTO RelationPersonInProceeding (PersonId, InProceedingId) VALUES (1275, 797);
INSERT INTO InProceeding (InProceedingId, Title, Pages, Url, ProceedingId) VALUES (798, 'Maintaining Genetic Diversity in Genetic Algorithms through Co-evolution.', '128-138', NULL, 27);
INSERT INTO Person (PersonId, Name) VALUES (1347, 'Franz Oppacher');
INSERT INTO RelationPersonInProceeding (PersonId, InProceedingId) VALUES (1347, 798);
INSERT INTO Person (PersonId, Name) VALUES (1348, 'Jason Morrison');
INSERT INTO RelationPersonInProceeding (PersonId, InProceedingId) VALUES (1348, 798);
INSERT INTO InProceeding (InProceedingId, Title, Pages, Url, ProceedingId) VALUES (799, 'Selecting the Right Heuristic Algorithm: Runtime Performance Predictors.', '41-53', NULL, 26);
INSERT INTO Person (PersonId, Name) VALUES (1349, 'John A. Allen');
INSERT INTO RelationPersonInProceeding (PersonId, InProceedingId) VALUES (1349, 799);
INSERT INTO Person (PersonId, Name) VALUES (1350, 'Steven Minton');
INSERT INTO RelationPersonInProceeding (PersonId, InProceedingId) VALUES (1350, 799);
INSERT INTO InProceeding (InProceedingId, Title, Pages, Url, ProceedingId) VALUES (800, 'Developing an Expert System Technology for Industrial Process Control: An Experience Report.', '172-186', NULL, 26);
INSERT INTO Person (PersonId, Name) VALUES (1351, 'Michael E. Benjamin');
INSERT INTO RelationPersonInProceeding (PersonId, InProceedingId) VALUES (1351, 800);
INSERT INTO RelationPersonInProceeding (PersonId, InProceedingId) VALUES (69, 800);
INSERT INTO Person (PersonId, Name) VALUES (1352, 'Bryan M. Kramer');
INSERT INTO RelationPersonInProceeding (PersonId, InProceedingId) VALUES (1352, 800);
INSERT INTO Person (PersonId, Name) VALUES (1353, 'Q. B. Chou');
INSERT INTO RelationPersonInProceeding (PersonId, InProceedingId) VALUES (1353, 800);
INSERT INTO Person (PersonId, Name) VALUES (1354, 'John Opala');
INSERT INTO RelationPersonInProceeding (PersonId, InProceedingId) VALUES (1354, 800);
INSERT INTO Person (PersonId, Name) VALUES (1355, 'Peter Ahn');
INSERT INTO RelationPersonInProceeding (PersonId, InProceedingId) VALUES (1355, 800);
INSERT INTO InProceeding (InProceedingId, Title, Pages, Url, ProceedingId) VALUES (801, 'Electronic Contract Framework for Contractual Agents.', '349-353', NULL, 30);
INSERT INTO Person (PersonId, Name) VALUES (1356, 'Mathias Sall');
INSERT INTO RelationPersonInProceeding (PersonId, InProceedingId) VALUES (1356, 801);
INSERT INTO InProceeding (InProceedingId, Title, Pages, Url, ProceedingId) VALUES (802, 'Transposition Table Driven Work Scheduling in Distributed Game-Tree Search.', '56-68', NULL, 30);
INSERT INTO Person (PersonId, Name) VALUES (1357, 'Akihiro Kishimoto');
INSERT INTO RelationPersonInProceeding (PersonId, InProceedingId) VALUES (1357, 802);
INSERT INTO RelationPersonInProceeding (PersonId, InProceedingId) VALUES (1233, 802);
INSERT INTO InProceeding (InProceedingId, Title, Pages, Url, ProceedingId) VALUES (803, 'Planning Strategy Representation of DoLittle.', '30-44', NULL, 27);
INSERT INTO Person (PersonId, Name) VALUES (1358, 'Jacky Baltes');
INSERT INTO RelationPersonInProceeding (PersonId, InProceedingId) VALUES (1358, 803);
INSERT INTO InProceeding (InProceedingId, Title, Pages, Url, ProceedingId) VALUES (804, 'Learning Pseudo-independent Models: Analytical and Experimental Results.', '227-239', NULL, 28);
INSERT INTO Person (PersonId, Name) VALUES (1359, 'Xiaohua Hu');
INSERT INTO RelationPersonInProceeding (PersonId, InProceedingId) VALUES (1359, 804);
INSERT INTO RelationPersonInProceeding (PersonId, InProceedingId) VALUES (1288, 804);
INSERT INTO RelationPersonInProceeding (PersonId, InProceedingId) VALUES (1172, 804);
INSERT INTO RelationPersonInProceeding (PersonId, InProceedingId) VALUES (1177, 804);
INSERT INTO InProceeding (InProceedingId, Title, Pages, Url, ProceedingId) VALUES (805, 'Reasoning with Multi-Point Events.', '26-40', NULL, 26);
INSERT INTO RelationPersonInProceeding (PersonId, InProceedingId) VALUES (1262, 805);
INSERT INTO Person (PersonId, Name) VALUES (1360, 'Lina Khatib');
INSERT INTO RelationPersonInProceeding (PersonId, InProceedingId) VALUES (1360, 805);
INSERT INTO Person (PersonId, Name) VALUES (1361, 'Rattana Wetprasit');
INSERT INTO RelationPersonInProceeding (PersonId, InProceedingId) VALUES (1361, 805);
INSERT INTO InProceeding (InProceedingId, Title, Pages, Url, ProceedingId) VALUES (806, 'Utility Theory-Based User Models for Intelligent Interface Agents.', '378-392', NULL, 27);
INSERT INTO Person (PersonId, Name) VALUES (1362, 'Sheila B. Banks');
INSERT INTO RelationPersonInProceeding (PersonId, InProceedingId) VALUES (1362, 806);
INSERT INTO Person (PersonId, Name) VALUES (1363, 'Scott M. Brown');
INSERT INTO RelationPersonInProceeding (PersonId, InProceedingId) VALUES (1363, 806);
INSERT INTO Person (PersonId, Name) VALUES (1364, 'Eugene Santos Jr.');
INSERT INTO RelationPersonInProceeding (PersonId, InProceedingId) VALUES (1364, 806);
INSERT INTO InProceeding (InProceedingId, Title, Pages, Url, ProceedingId) VALUES (807, 'Sequential Instance-Based Learning.', '442-454', NULL, 27);
INSERT INTO Person (PersonId, Name) VALUES (1365, 'Susan L. Epstein');
INSERT INTO RelationPersonInProceeding (PersonId, InProceedingId) VALUES (1365, 807);
INSERT INTO Person (PersonId, Name) VALUES (1366, 'Jenngang Shih');
INSERT INTO RelationPersonInProceeding (PersonId, InProceedingId) VALUES (1366, 807);
INSERT INTO InProceeding (InProceedingId, Title, Pages, Url, ProceedingId) VALUES (808, 'Automated Discovery: A Fusion of Multidisciplinary Principles.', '443-448', NULL, 28);
INSERT INTO Person (PersonId, Name) VALUES (1367, 'Jan M. Zytkow');
INSERT INTO RelationPersonInProceeding (PersonId, InProceedingId) VALUES (1367, 808);
INSERT INTO InProceeding (InProceedingId, Title, Pages, Url, ProceedingId) VALUES (809, 'Solving Multiple-Instance and Multiple-Part Learning Problems with Decision Trees and Rule Sets. Application to the Mutagenesis Problem.', '204-214', NULL, 29);
INSERT INTO Person (PersonId, Name) VALUES (1368, 'Jean-Daniel Zucker');
INSERT INTO RelationPersonInProceeding (PersonId, InProceedingId) VALUES (1368, 809);
INSERT INTO Person (PersonId, Name) VALUES (1369, 'Yann Chevaleyre');
INSERT INTO RelationPersonInProceeding (PersonId, InProceedingId) VALUES (1369, 809);
INSERT INTO InProceeding (InProceedingId, Title, Pages, Url, ProceedingId) VALUES (810, 'The Use of Ontologies and Meta-knowledge to Facilitate the Sharing of Knowledge in a Multi-agent Personal Communication System.', '187-200', NULL, 28);
INSERT INTO Person (PersonId, Name) VALUES (1370, 'Ramiro Liscano');
INSERT INTO RelationPersonInProceeding (PersonId, InProceedingId) VALUES (1370, 810);
INSERT INTO Person (PersonId, Name) VALUES (1371, 'Katherine Baker');
INSERT INTO RelationPersonInProceeding (PersonId, InProceedingId) VALUES (1371, 810);
INSERT INTO Person (PersonId, Name) VALUES (1372, 'John F. Meech');
INSERT INTO RelationPersonInProceeding (PersonId, InProceedingId) VALUES (1372, 810);
INSERT INTO InProceeding (InProceedingId, Title, Pages, Url, ProceedingId) VALUES (811, 'The Degeneration of Relevance in Uncertain Temporal Domains: An Empirical Study.', '421-431', NULL, 28);
INSERT INTO Person (PersonId, Name) VALUES (1373, 'Trevor Barrie');
INSERT INTO RelationPersonInProceeding (PersonId, InProceedingId) VALUES (1373, 811);
INSERT INTO Person (PersonId, Name) VALUES (1374, 'Ahmed Y. Tawfik');
INSERT INTO RelationPersonInProceeding (PersonId, InProceedingId) VALUES (1374, 811);
INSERT INTO InProceeding (InProceedingId, Title, Pages, Url, ProceedingId) VALUES (812, 'Question Answering Using Unification-Based Grammar.', '297-306', NULL, 29);
INSERT INTO Person (PersonId, Name) VALUES (1375, 'Vlado Keselj');
INSERT INTO RelationPersonInProceeding (PersonId, InProceedingId) VALUES (1375, 812);
INSERT INTO InProceeding (InProceedingId, Title, Pages, Url, ProceedingId) VALUES (813, 'Learning about Constraints by Reflection.', '131-140', NULL, 29);
INSERT INTO Person (PersonId, Name) VALUES (1376, 'Ashok K. Goel');
INSERT INTO RelationPersonInProceeding (PersonId, InProceedingId) VALUES (1376, 813);
INSERT INTO Person (PersonId, Name) VALUES (1377, 'J. William Murdock');
INSERT INTO RelationPersonInProceeding (PersonId, InProceedingId) VALUES (1377, 813);
INSERT INTO InProceeding (InProceedingId, Title, Pages, Url, ProceedingId) VALUES (814, 'Using Noun Phrase Heads to Extract Document Keyphrases.', '40-52', NULL, 28);
INSERT INTO Person (PersonId, Name) VALUES (1378, 'Nadia Cornacchia');
INSERT INTO RelationPersonInProceeding (PersonId, InProceedingId) VALUES (1378, 814);
INSERT INTO RelationPersonInProceeding (PersonId, InProceedingId) VALUES (1274, 814);
INSERT INTO InProceeding (InProceedingId, Title, Pages, Url, ProceedingId) VALUES (815, 'ASERC - A Genetic Sequencing Operator for Asymmetric Permutation Problems.', '201-213', NULL, 28);
INSERT INTO RelationPersonInProceeding (PersonId, InProceedingId) VALUES (1261, 815);
INSERT INTO RelationPersonInProceeding (PersonId, InProceedingId) VALUES (1257, 815);
INSERT INTO RelationPersonInProceeding (PersonId, InProceedingId) VALUES (1209, 815);
INSERT INTO InProceeding (InProceedingId, Title, Pages, Url, ProceedingId) VALUES (816, 'Extending the Role of user Feedback in Plan Recognition and Response Generation for Advice-Giving Systems: An Initial Report.', '109-120', NULL, 26);
INSERT INTO RelationPersonInProceeding (PersonId, InProceedingId) VALUES (1003, 816);
INSERT INTO RelationPersonInProceeding (PersonId, InProceedingId) VALUES (1278, 816);
INSERT INTO InProceeding (InProceedingId, Title, Pages, Url, ProceedingId) VALUES (817, 'Modeling Organizational Rules in the Multi-agent Systems Engineering Methodology.', '1-15', NULL, 30);
INSERT INTO Person (PersonId, Name) VALUES (1379, 'Scott DeLoach');
INSERT INTO RelationPersonInProceeding (PersonId, InProceedingId) VALUES (1379, 817);
INSERT INTO InProceeding (InProceedingId, Title, Pages, Url, ProceedingId) VALUES (818, 'A Trainable Bracketer for Noun Modifiers.', '196-210', NULL, 27);
INSERT INTO RelationPersonInProceeding (PersonId, InProceedingId) VALUES (1274, 818);
INSERT INTO InProceeding (InProceedingId, Title, Pages, Url, ProceedingId) VALUES (819, 'Knowledge and Planning in an Action-Based Multi-agent Framework: A Case Study.', '121-130', NULL, 29);
INSERT INTO RelationPersonInProceeding (PersonId, InProceedingId) VALUES (68, 819);
INSERT INTO Person (PersonId, Name) VALUES (1380, 'Bradley Bart');
INSERT INTO RelationPersonInProceeding (PersonId, InProceedingId) VALUES (1380, 819);
INSERT INTO Person (PersonId, Name) VALUES (1381, 'Oliver Schulte');
INSERT INTO RelationPersonInProceeding (PersonId, InProceedingId) VALUES (1381, 819);
INSERT INTO InProceeding (InProceedingId, Title, Pages, Url, ProceedingId) VALUES (820, 'Corpus-Based Learning of Generalized parse Tree Rules for Translation.', '121-132', NULL, 26);
INSERT INTO Person (PersonId, Name) VALUES (1382, 'H. Altay Gvenir');
INSERT INTO RelationPersonInProceeding (PersonId, InProceedingId) VALUES (1382, 820);
INSERT INTO Person (PersonId, Name) VALUES (1383, 'Aysegl Tun');
INSERT INTO RelationPersonInProceeding (PersonId, InProceedingId) VALUES (1383, 820);
INSERT INTO InProceeding (InProceedingId, Title, Pages, Url, ProceedingId) VALUES (821, 'Learning Classifications from Multiple Sources of Unsupervised Data.', '284-295', NULL, 26);
INSERT INTO Person (PersonId, Name) VALUES (1384, 'Handong Wang');
INSERT INTO RelationPersonInProceeding (PersonId, InProceedingId) VALUES (1384, 821);
INSERT INTO RelationPersonInProceeding (PersonId, InProceedingId) VALUES (1198, 821);
INSERT INTO InProceeding (InProceedingId, Title, Pages, Url, ProceedingId) VALUES (822, 'Grapheme Generation in Learning to Read English Words.', '184-195', NULL, 27);
INSERT INTO Person (PersonId, Name) VALUES (1385, 'Bei Zhang');
INSERT INTO RelationPersonInProceeding (PersonId, InProceedingId) VALUES (1385, 822);
INSERT INTO RelationPersonInProceeding (PersonId, InProceedingId) VALUES (1198, 822);
INSERT INTO InProceeding (InProceedingId, Title, Pages, Url, ProceedingId) VALUES (823, 'A Hybrid Convergent Method for Learning Probabilistic Networks.', '393-410', NULL, 27);
INSERT INTO Person (PersonId, Name) VALUES (1386, 'Kuo-Chu Chang');
INSERT INTO RelationPersonInProceeding (PersonId, InProceedingId) VALUES (1386, 823);
INSERT INTO Person (PersonId, Name) VALUES (1387, 'Jun Liu');
INSERT INTO RelationPersonInProceeding (PersonId, InProceedingId) VALUES (1387, 823);
INSERT INTO Person (PersonId, Name) VALUES (1388, 'Jing Zhou');
INSERT INTO RelationPersonInProceeding (PersonId, InProceedingId) VALUES (1388, 823);
INSERT INTO InProceeding (InProceedingId, Title, Pages, Url, ProceedingId) VALUES (824, 'QUANTUM: A Function-Based Question Answering System.', '281-292', NULL, 30);
INSERT INTO Person (PersonId, Name) VALUES (1389, 'Leila Kosseim');
INSERT INTO RelationPersonInProceeding (PersonId, InProceedingId) VALUES (1389, 824);
INSERT INTO Person (PersonId, Name) VALUES (1390, 'Luc Plamondon');
INSERT INTO RelationPersonInProceeding (PersonId, InProceedingId) VALUES (1390, 824);
INSERT INTO InProceeding (InProceedingId, Title, Pages, Url, ProceedingId) VALUES (825, 'Establishing Logical Connectivity between Query Keywords and Database Contents.', '45-59', NULL, 27);
INSERT INTO Person (PersonId, Name) VALUES (1391, 'Lung-Yung Chu');
INSERT INTO RelationPersonInProceeding (PersonId, InProceedingId) VALUES (1391, 825);
INSERT INTO Person (PersonId, Name) VALUES (1392, 'Dong-Guk Shin');
INSERT INTO RelationPersonInProceeding (PersonId, InProceedingId) VALUES (1392, 825);
INSERT INTO InProceeding (InProceedingId, Title, Pages, Url, ProceedingId) VALUES (826, 'Reasoning about Unknown, Counterfactual, and Nondeterministic Actions in First-Order Logic.', '54-68', NULL, 26);
INSERT INTO RelationPersonInProceeding (PersonId, InProceedingId) VALUES (1305, 826);
INSERT INTO InProceeding (InProceedingId, Title, Pages, Url, ProceedingId) VALUES (827, 'Relational Concepts and the Fourier Transform: An Empirical Study.', '411-425', NULL, 27);
INSERT INTO Person (PersonId, Name) VALUES (1393, 'Eduardo Prez');
INSERT INTO RelationPersonInProceeding (PersonId, InProceedingId) VALUES (1393, 827);
INSERT INTO Person (PersonId, Name) VALUES (1394, 'Larry A. Rendell');
INSERT INTO RelationPersonInProceeding (PersonId, InProceedingId) VALUES (1394, 827);
INSERT INTO InProceeding (InProceedingId, Title, Pages, Url, ProceedingId) VALUES (828, 'On Obligations, Relativised Obligations, and Bilateral Commitments.', '287-296', NULL, 29);
INSERT INTO Person (PersonId, Name) VALUES (1395, 'Maria Fasli');
INSERT INTO RelationPersonInProceeding (PersonId, InProceedingId) VALUES (1395, 828);
INSERT INTO InProceeding (InProceedingId, Title, Pages, Url, ProceedingId) VALUES (829, 'A Low-Scan Incremental Association Rule Maintenance Method Based on the Apriori Property.', '26-35', NULL, 29);
INSERT INTO Person (PersonId, Name) VALUES (1396, 'Zequn Zhou');
INSERT INTO RelationPersonInProceeding (PersonId, InProceedingId) VALUES (1396, 829);
INSERT INTO RelationPersonInProceeding (PersonId, InProceedingId) VALUES (1297, 829);
INSERT INTO InProceeding (InProceedingId, Title, Pages, Url, ProceedingId) VALUES (830, 'Task-Structure Based Mediation: The Travel-Planning Assistant Example.', '400-410', NULL, 28);
INSERT INTO Person (PersonId, Name) VALUES (1397, 'Qihua Situ');
INSERT INTO RelationPersonInProceeding (PersonId, InProceedingId) VALUES (1397, 830);
INSERT INTO Person (PersonId, Name) VALUES (1398, 'Eleni Stroulia');
INSERT INTO RelationPersonInProceeding (PersonId, InProceedingId) VALUES (1398, 830);
INSERT INTO InProceeding (InProceedingId, Title, Pages, Url, ProceedingId) VALUES (831, 'Efficient Algorithms for Qualitative Reasoning about Imprecise Space.', '309-322', NULL, 26);
INSERT INTO Person (PersonId, Name) VALUES (1399, 'Thodoros Topaloglou');
INSERT INTO RelationPersonInProceeding (PersonId, InProceedingId) VALUES (1399, 831);
INSERT INTO InProceeding (InProceedingId, Title, Pages, Url, ProceedingId) VALUES (832, 'RFCT: An Association-Based Causality Miner.', '334-338', NULL, 30);
INSERT INTO Person (PersonId, Name) VALUES (1400, 'Kamran Karimi');
INSERT INTO RelationPersonInProceeding (PersonId, InProceedingId) VALUES (1400, 832);
INSERT INTO RelationPersonInProceeding (PersonId, InProceedingId) VALUES (1172, 832);
INSERT INTO InProceeding (InProceedingId, Title, Pages, Url, ProceedingId) VALUES (833, 'Interact: A Staged Approach to Customer Service Automation.', '164-175', NULL, 28);
INSERT INTO Person (PersonId, Name) VALUES (1401, 'Yannick Lallement');
INSERT INTO RelationPersonInProceeding (PersonId, InProceedingId) VALUES (1401, 833);
INSERT INTO Person (PersonId, Name) VALUES (1402, 'Mark S. Fox');
INSERT INTO RelationPersonInProceeding (PersonId, InProceedingId) VALUES (1402, 833);
INSERT INTO InProceeding (InProceedingId, Title, Pages, Url, ProceedingId) VALUES (834, 'Considerations on Compositional Update Operators.', '411-420', NULL, 28);
INSERT INTO RelationPersonInProceeding (PersonId, InProceedingId) VALUES (68, 834);
INSERT INTO Person (PersonId, Name) VALUES (1403, 'Matthew Suderman');
INSERT INTO RelationPersonInProceeding (PersonId, InProceedingId) VALUES (1403, 834);
INSERT INTO InProceeding (InProceedingId, Title, Pages, Url, ProceedingId) VALUES (835, 'A Holonic Multi-agent Infrastructure for Electronic Procurement.', '16-25', NULL, 29);
INSERT INTO Person (PersonId, Name) VALUES (1404, 'Andreas Gerber');
INSERT INTO RelationPersonInProceeding (PersonId, InProceedingId) VALUES (1404, 835);
INSERT INTO Person (PersonId, Name) VALUES (1405, 'Christian Ru');
INSERT INTO RelationPersonInProceeding (PersonId, InProceedingId) VALUES (1405, 835);
INSERT INTO InProceeding (InProceedingId, Title, Pages, Url, ProceedingId) VALUES (836, 'Extraction of Text Phrases Using Hierarchical Grammar.', '319-324', NULL, 30);
INSERT INTO Person (PersonId, Name) VALUES (1406, 'Jan Bakus');
INSERT INTO RelationPersonInProceeding (PersonId, InProceedingId) VALUES (1406, 836);
INSERT INTO RelationPersonInProceeding (PersonId, InProceedingId) VALUES (1253, 836);
INSERT INTO Person (PersonId, Name) VALUES (1407, 'Tom Carey');
INSERT INTO RelationPersonInProceeding (PersonId, InProceedingId) VALUES (1407, 836);
INSERT INTO InProceeding (InProceedingId, Title, Pages, Url, ProceedingId) VALUES (837, 'A Learning Algorithm for Buying and Selling Agents in Electronic Marketplaces.', '366-367', NULL, 30);
INSERT INTO Person (PersonId, Name) VALUES (1408, 'Thomas Tran');
INSERT INTO RelationPersonInProceeding (PersonId, InProceedingId) VALUES (1408, 837);
INSERT INTO RelationPersonInProceeding (PersonId, InProceedingId) VALUES (1278, 837);
INSERT INTO InProceeding (InProceedingId, Title, Pages, Url, ProceedingId) VALUES (838, 'Multi-agent System Architecture for Computer-Based Tutoring Systems.', '358-360', NULL, 30);
INSERT INTO Person (PersonId, Name) VALUES (1409, 'P. Kajonpotisuwan');
INSERT INTO RelationPersonInProceeding (PersonId, InProceedingId) VALUES (1409, 838);
INSERT INTO Person (PersonId, Name) VALUES (1410, 'Elhadi Shakshuki');
INSERT INTO RelationPersonInProceeding (PersonId, InProceedingId) VALUES (1410, 838);
INSERT INTO InProceeding (InProceedingId, Title, Pages, Url, ProceedingId) VALUES (839, 'Towards a Temporal Extension of Formal Concept Analysis.', '335-344', NULL, 29);
INSERT INTO Person (PersonId, Name) VALUES (1411, 'Richard A. Frost');
INSERT INTO RelationPersonInProceeding (PersonId, InProceedingId) VALUES (1411, 839);
INSERT INTO Person (PersonId, Name) VALUES (1412, 'Rabih Neouchi');
INSERT INTO RelationPersonInProceeding (PersonId, InProceedingId) VALUES (1412, 839);
INSERT INTO RelationPersonInProceeding (PersonId, InProceedingId) VALUES (1374, 839);
INSERT INTO InProceeding (InProceedingId, Title, Pages, Url, ProceedingId) VALUES (840, 'Planning Animations Using Cinematography Knowledge.', '357-360', NULL, 29);
INSERT INTO RelationPersonInProceeding (PersonId, InProceedingId) VALUES (1184, 840);
INSERT INTO Person (PersonId, Name) VALUES (1413, 'Kevin Kennedy');
INSERT INTO RelationPersonInProceeding (PersonId, InProceedingId) VALUES (1413, 840);
INSERT INTO InProceeding (InProceedingId, Title, Pages, Url, ProceedingId) VALUES (841, 'Using Communicative Acts to Plan the Cinematographic Structure of Animations.', '132-146', NULL, 30);
INSERT INTO RelationPersonInProceeding (PersonId, InProceedingId) VALUES (1184, 841);
INSERT INTO RelationPersonInProceeding (PersonId, InProceedingId) VALUES (1413, 841);
INSERT INTO InProceeding (InProceedingId, Title, Pages, Url, ProceedingId) VALUES (842, 'Enhancing Maximum Satisfiablility Algorithms with Pure Literal Strategies.', '388-401', NULL, 26);
INSERT INTO Person (PersonId, Name) VALUES (1414, 'Richard J. Wallace');
INSERT INTO RelationPersonInProceeding (PersonId, InProceedingId) VALUES (1414, 842);
INSERT INTO InProceeding (InProceedingId, Title, Pages, Url, ProceedingId) VALUES (843, 'On the Complexity of VLSI-Friendly Neural Networks for Classification Problems.', '285-297', NULL, 27);
INSERT INTO Person (PersonId, Name) VALUES (1415, 'Sorin Draghici');
INSERT INTO RelationPersonInProceeding (PersonId, InProceedingId) VALUES (1415, 843);
INSERT INTO InProceeding (InProceedingId, Title, Pages, Url, ProceedingId) VALUES (844, 'Expanding the Type Hierarchy with Nonlexical Concepts.', '53-68', NULL, 28);
INSERT INTO RelationPersonInProceeding (PersonId, InProceedingId) VALUES (1266, 844);
INSERT INTO Person (PersonId, Name) VALUES (1416, 'Caroline Barrire');
INSERT INTO RelationPersonInProceeding (PersonId, InProceedingId) VALUES (1416, 844);
INSERT INTO InProceeding (InProceedingId, Title, Pages, Url, ProceedingId) VALUES (845, 'Constraint Programming Lessons Learned from Crossword Puzzles.', '78-87', NULL, 29);
INSERT INTO Person (PersonId, Name) VALUES (1417, 'Peter van Beek');
INSERT INTO RelationPersonInProceeding (PersonId, InProceedingId) VALUES (1417, 845);
INSERT INTO Person (PersonId, Name) VALUES (1418, 'Jonathan Sillito');
INSERT INTO RelationPersonInProceeding (PersonId, InProceedingId) VALUES (1418, 845);
INSERT INTO Person (PersonId, Name) VALUES (1419, 'Xinguang Chen');
INSERT INTO RelationPersonInProceeding (PersonId, InProceedingId) VALUES (1419, 845);
INSERT INTO Person (PersonId, Name) VALUES (1420, 'Adam Beacham');
INSERT INTO RelationPersonInProceeding (PersonId, InProceedingId) VALUES (1420, 845);
INSERT INTO InProceeding (InProceedingId, Title, Pages, Url, ProceedingId) VALUES (846, 'A Common Multi-agent Testbed for Diverse Seamless Personal Information Networking Applications.', '99-113', NULL, 27);
INSERT INTO RelationPersonInProceeding (PersonId, InProceedingId) VALUES (1370, 846);
INSERT INTO RelationPersonInProceeding (PersonId, InProceedingId) VALUES (1221, 846);
INSERT INTO Person (PersonId, Name) VALUES (1421, 'Roger Impey');
INSERT INTO RelationPersonInProceeding (PersonId, InProceedingId) VALUES (1421, 846);
INSERT INTO InProceeding (InProceedingId, Title, Pages, Url, ProceedingId) VALUES (847, 'A General Purpose Reasoner for Abstraction.', '323-335', NULL, 26);
INSERT INTO Person (PersonId, Name) VALUES (1422, 'Fausto Giunchiglia');
INSERT INTO RelationPersonInProceeding (PersonId, InProceedingId) VALUES (1422, 847);
INSERT INTO Person (PersonId, Name) VALUES (1423, 'Roberto Sebastiani');
INSERT INTO RelationPersonInProceeding (PersonId, InProceedingId) VALUES (1423, 847);
INSERT INTO Person (PersonId, Name) VALUES (1424, 'Toby Walsh');
INSERT INTO RelationPersonInProceeding (PersonId, InProceedingId) VALUES (1424, 847);
INSERT INTO Person (PersonId, Name) VALUES (1425, 'Adolfo Villafiorita');
INSERT INTO RelationPersonInProceeding (PersonId, InProceedingId) VALUES (1425, 847);
INSERT INTO InProceeding (InProceedingId, Title, Pages, Url, ProceedingId) VALUES (848, 'Word Prediction Evaluation Measures with Performance Benchmarking.', '361-363', NULL, 30);
INSERT INTO Person (PersonId, Name) VALUES (1426, 'Alfred I. Renaud');
INSERT INTO RelationPersonInProceeding (PersonId, InProceedingId) VALUES (1426, 848);
INSERT INTO InProceeding (InProceedingId, Title, Pages, Url, ProceedingId) VALUES (849, 'Planning and Learning in a Natural Resource Information System.', '187-199', NULL, 26);
INSERT INTO RelationPersonInProceeding (PersonId, InProceedingId) VALUES (1175, 849);
INSERT INTO Person (PersonId, Name) VALUES (1427, 'Hugh Barclay');
INSERT INTO RelationPersonInProceeding (PersonId, InProceedingId) VALUES (1427, 849);
INSERT INTO Person (PersonId, Name) VALUES (1428, 'David G. Goodenough');
INSERT INTO RelationPersonInProceeding (PersonId, InProceedingId) VALUES (1428, 849);
INSERT INTO Person (PersonId, Name) VALUES (1429, 'Daniel Charlebois');
INSERT INTO RelationPersonInProceeding (PersonId, InProceedingId) VALUES (1429, 849);
INSERT INTO Person (PersonId, Name) VALUES (1430, 'A. S. (Pal) Bhogal');
INSERT INTO RelationPersonInProceeding (PersonId, InProceedingId) VALUES (1430, 849);
INSERT INTO InProceeding (InProceedingId, Title, Pages, Url, ProceedingId) VALUES (850, 'Local Score Computation in Learning Belief Networks.', '152-161', NULL, 29);
INSERT INTO RelationPersonInProceeding (PersonId, InProceedingId) VALUES (1287, 850);
INSERT INTO Person (PersonId, Name) VALUES (1431, 'J. Lee');
INSERT INTO RelationPersonInProceeding (PersonId, InProceedingId) VALUES (1431, 850);
INSERT INTO InProceeding (InProceedingId, Title, Pages, Url, ProceedingId) VALUES (851, 'Deborah Ann Stacey, Application of Bayesian Networks to Shopping Assistance.', '344-348', NULL, 30);
INSERT INTO RelationPersonInProceeding (PersonId, InProceedingId) VALUES (1288, 851);
INSERT INTO Person (PersonId, Name) VALUES (1432, 'Chenwen Ye');
INSERT INTO RelationPersonInProceeding (PersonId, InProceedingId) VALUES (1432, 851);
INSERT INTO InProceeding (InProceedingId, Title, Pages, Url, ProceedingId) VALUES (852, 'Relaxed Unification - Proposal.', '364-365', NULL, 30);
INSERT INTO Person (PersonId, Name) VALUES (1433, 'Tony Abou-Assaleh');
INSERT INTO RelationPersonInProceeding (PersonId, InProceedingId) VALUES (1433, 852);
INSERT INTO RelationPersonInProceeding (PersonId, InProceedingId) VALUES (1177, 852);
INSERT INTO InProceeding (InProceedingId, Title, Pages, Url, ProceedingId) VALUES (853, 'Using Inter-agent Trust Relationships for Efficient Coalition Formation.', '221-236', NULL, 30);
INSERT INTO Person (PersonId, Name) VALUES (1434, 'Silvia Breban');
INSERT INTO RelationPersonInProceeding (PersonId, InProceedingId) VALUES (1434, 853);
INSERT INTO RelationPersonInProceeding (PersonId, InProceedingId) VALUES (1229, 853);
INSERT INTO InProceeding (InProceedingId, Title, Pages, Url, ProceedingId) VALUES (854, 'Fault Prediction in the Telephone Access Loop Using a Neural Network.', '239-245', NULL, 27);
INSERT INTO Person (PersonId, Name) VALUES (1435, 'Bengt R. Knudsen');
INSERT INTO RelationPersonInProceeding (PersonId, InProceedingId) VALUES (1435, 854);
INSERT INTO InProceeding (InProceedingId, Title, Pages, Url, ProceedingId) VALUES (855, 'Constraint-Directed Improvisation for Complex Domains.', '1-13', NULL, 26);
INSERT INTO Person (PersonId, Name) VALUES (1436, 'Mark Evans');
INSERT INTO RelationPersonInProceeding (PersonId, InProceedingId) VALUES (1436, 855);
INSERT INTO Person (PersonId, Name) VALUES (1437, 'John Anderson');
INSERT INTO RelationPersonInProceeding (PersonId, InProceedingId) VALUES (1437, 855);
INSERT INTO InProceeding (InProceedingId, Title, Pages, Url, ProceedingId) VALUES (856, 'On the Integration of Recursive ALN-Theories.', '115-125', NULL, 28);
INSERT INTO Person (PersonId, Name) VALUES (1438, 'Margarida Mamede');
INSERT INTO RelationPersonInProceeding (PersonId, InProceedingId) VALUES (1438, 856);
INSERT INTO Person (PersonId, Name) VALUES (1439, 'Aida Vitria');
INSERT INTO RelationPersonInProceeding (PersonId, InProceedingId) VALUES (1439, 856);
INSERT INTO InProceeding (InProceedingId, Title, Pages, Url, ProceedingId) VALUES (857, 'User Interface Aspects of a Translation Typing System.', '246-256', NULL, 29);
INSERT INTO Person (PersonId, Name) VALUES (1440, 'Guy Lapalme');
INSERT INTO RelationPersonInProceeding (PersonId, InProceedingId) VALUES (1440, 857);
INSERT INTO Person (PersonId, Name) VALUES (1441, 'Philippe Langlais');
INSERT INTO RelationPersonInProceeding (PersonId, InProceedingId) VALUES (1441, 857);
INSERT INTO Person (PersonId, Name) VALUES (1442, 'Sbastien Sauv');
INSERT INTO RelationPersonInProceeding (PersonId, InProceedingId) VALUES (1442, 857);
INSERT INTO InProceeding (InProceedingId, Title, Pages, Url, ProceedingId) VALUES (858, 'Learning English Syllabification Rules.', '246-258', NULL, 27);
INSERT INTO Person (PersonId, Name) VALUES (1443, 'Jian Zhang');
INSERT INTO RelationPersonInProceeding (PersonId, InProceedingId) VALUES (1443, 858);
INSERT INTO RelationPersonInProceeding (PersonId, InProceedingId) VALUES (1172, 858);
INSERT INTO InProceeding (InProceedingId, Title, Pages, Url, ProceedingId) VALUES (859, 'Towards an Automated Citation Classifier.', '337-346', NULL, 28);
INSERT INTO Person (PersonId, Name) VALUES (1444, 'Mark Garzone');
INSERT INTO RelationPersonInProceeding (PersonId, InProceedingId) VALUES (1444, 859);
INSERT INTO RelationPersonInProceeding (PersonId, InProceedingId) VALUES (1184, 859);
INSERT INTO InProceeding (InProceedingId, Title, Pages, Url, ProceedingId) VALUES (860, 'A Hybrid Approach to Making Recommendations and Its Application to the Movie Domain.', '257-266', NULL, 29);
INSERT INTO RelationPersonInProceeding (PersonId, InProceedingId) VALUES (1170, 860);
INSERT INTO Person (PersonId, Name) VALUES (1445, 'Shawn Grant');
INSERT INTO RelationPersonInProceeding (PersonId, InProceedingId) VALUES (1445, 860);
INSERT INTO InProceeding (InProceedingId, Title, Pages, Url, ProceedingId) VALUES (861, 'Using Agent Replication to Enhance Reliability and Availability of Multi-agent Systems.', '237-251', NULL, 30);
INSERT INTO Person (PersonId, Name) VALUES (1446, 'Alan Fedoruk');
INSERT INTO RelationPersonInProceeding (PersonId, InProceedingId) VALUES (1446, 861);
INSERT INTO RelationPersonInProceeding (PersonId, InProceedingId) VALUES (1227, 861);
INSERT INTO InProceeding (InProceedingId, Title, Pages, Url, ProceedingId) VALUES (862, 'Generalized Arc Consistency with Application to MaxCSP.', '104-118', NULL, 30);
INSERT INTO Person (PersonId, Name) VALUES (1447, 'Michael C. Horsch');
INSERT INTO RelationPersonInProceeding (PersonId, InProceedingId) VALUES (1447, 862);
INSERT INTO Person (PersonId, Name) VALUES (1448, 'Aditya Ghose');
INSERT INTO RelationPersonInProceeding (PersonId, InProceedingId) VALUES (1448, 862);
INSERT INTO Person (PersonId, Name) VALUES (1449, 'William S. Havens');
INSERT INTO RelationPersonInProceeding (PersonId, InProceedingId) VALUES (1449, 862);
INSERT INTO InProceeding (InProceedingId, Title, Pages, Url, ProceedingId) VALUES (863, 'Personalized Contexts in Help Systems.', '162-171', NULL, 29);
INSERT INTO RelationPersonInProceeding (PersonId, InProceedingId) VALUES (1170, 863);
INSERT INTO RelationPersonInProceeding (PersonId, InProceedingId) VALUES (1223, 863);
INSERT INTO Person (PersonId, Name) VALUES (1450, 'Vive S. Kumar');
INSERT INTO RelationPersonInProceeding (PersonId, InProceedingId) VALUES (1450, 863);
INSERT INTO InProceeding (InProceedingId, Title, Pages, Url, ProceedingId) VALUES (864, 'Sokoban: Evaluating Standard Single-Agent Search Techniques in the Presence of Deadlock.', '1-15', NULL, 27);
INSERT INTO RelationPersonInProceeding (PersonId, InProceedingId) VALUES (1233, 864);
INSERT INTO Person (PersonId, Name) VALUES (1451, 'Andreas Junghanns');
INSERT INTO RelationPersonInProceeding (PersonId, InProceedingId) VALUES (1451, 864);
INSERT INTO InProceeding (InProceedingId, Title, Pages, Url, ProceedingId) VALUES (865, 'A Learning Algorithm for Buying and Selling Agents in Electronic Marketplaces.', '31-43', NULL, 30);
INSERT INTO RelationPersonInProceeding (PersonId, InProceedingId) VALUES (1408, 865);
INSERT INTO RelationPersonInProceeding (PersonId, InProceedingId) VALUES (1278, 865);
INSERT INTO InProceeding (InProceedingId, Title, Pages, Url, ProceedingId) VALUES (866, 'Finding Partitions for Learning Control of Dynamic Systems.', '310-321', NULL, 27);
INSERT INTO Person (PersonId, Name) VALUES (1452, 'Michael McGarity');
INSERT INTO RelationPersonInProceeding (PersonId, InProceedingId) VALUES (1452, 866);
INSERT INTO InProceeding (InProceedingId, Title, Pages, Url, ProceedingId) VALUES (867, 'Negoplan: A System for Logic-Based Decision Modelling.', '417-428', NULL, 26);
INSERT INTO RelationPersonInProceeding (PersonId, InProceedingId) VALUES (1275, 867);
INSERT INTO Person (PersonId, Name) VALUES (1453, 'Sunil J. Noronha');
INSERT INTO RelationPersonInProceeding (PersonId, InProceedingId) VALUES (1453, 867);
INSERT INTO InProceeding (InProceedingId, Title, Pages, Url, ProceedingId) VALUES (868, 'Towards Very Large Terminological Knowledge Bases: A Case Study from Medicine.', '176-186', NULL, 28);
INSERT INTO Person (PersonId, Name) VALUES (1454, 'Stefan Schulz');
INSERT INTO RelationPersonInProceeding (PersonId, InProceedingId) VALUES (1454, 868);
INSERT INTO RelationPersonInProceeding (PersonId, InProceedingId) VALUES (1295, 868);
INSERT INTO InProceeding (InProceedingId, Title, Pages, Url, ProceedingId) VALUES (869, 'PARSETALK about Functional Anaphora.', '133-145', NULL, 26);
INSERT INTO Person (PersonId, Name) VALUES (1455, 'Michael Strube');
INSERT INTO RelationPersonInProceeding (PersonId, InProceedingId) VALUES (1455, 869);
INSERT INTO RelationPersonInProceeding (PersonId, InProceedingId) VALUES (1295, 869);
INSERT INTO InProceeding (InProceedingId, Title, Pages, Url, ProceedingId) VALUES (870, 'Quality Control in the Concept Learning Process.', '169-183', NULL, 27);
INSERT INTO Person (PersonId, Name) VALUES (1456, 'Klemens Schnattinger');
INSERT INTO RelationPersonInProceeding (PersonId, InProceedingId) VALUES (1456, 870);
INSERT INTO RelationPersonInProceeding (PersonId, InProceedingId) VALUES (1295, 870);
INSERT INTO InProceeding (InProceedingId, Title, Pages, Url, ProceedingId) VALUES (871, 'CViz: An Interactive Visualization System for Rule Induction.', '214-226', NULL, 28);
INSERT INTO RelationPersonInProceeding (PersonId, InProceedingId) VALUES (1206, 871);
INSERT INTO RelationPersonInProceeding (PersonId, InProceedingId) VALUES (1177, 871);
INSERT INTO RelationPersonInProceeding (PersonId, InProceedingId) VALUES (1178, 871);
INSERT INTO InProceeding (InProceedingId, Title, Pages, Url, ProceedingId) VALUES (872, 'Poker as Testbed for AI Research.', '228-238', NULL, 27);
INSERT INTO Person (PersonId, Name) VALUES (1457, 'Duane Szafron');
INSERT INTO RelationPersonInProceeding (PersonId, InProceedingId) VALUES (1457, 872);
INSERT INTO RelationPersonInProceeding (PersonId, InProceedingId) VALUES (1233, 872);
INSERT INTO Person (PersonId, Name) VALUES (1458, 'Denis Papp');
INSERT INTO RelationPersonInProceeding (PersonId, InProceedingId) VALUES (1458, 872);
INSERT INTO Person (PersonId, Name) VALUES (1459, 'Darse Billings');
INSERT INTO RelationPersonInProceeding (PersonId, InProceedingId) VALUES (1459, 872);
INSERT INTO InProceeding (InProceedingId, Title, Pages, Url, ProceedingId) VALUES (873, 'Knowledge-Based Approaches to Query Expansion in Information Retrieval.', '146-158', NULL, 26);
INSERT INTO Person (PersonId, Name) VALUES (1460, 'Richard C. Bodner');
INSERT INTO RelationPersonInProceeding (PersonId, InProceedingId) VALUES (1460, 873);
INSERT INTO Person (PersonId, Name) VALUES (1461, 'Fei Song');
INSERT INTO RelationPersonInProceeding (PersonId, InProceedingId) VALUES (1461, 873);
INSERT INTO InProceeding (InProceedingId, Title, Pages, Url, ProceedingId) VALUES (874, 'Constraint-Based Vehicle Assembly Line Sequencing.', '88-99', NULL, 29);
INSERT INTO RelationPersonInProceeding (PersonId, InProceedingId) VALUES (1417, 874);
INSERT INTO Person (PersonId, Name) VALUES (1462, 'Tom Carchrae');
INSERT INTO RelationPersonInProceeding (PersonId, InProceedingId) VALUES (1462, 874);
INSERT INTO Person (PersonId, Name) VALUES (1463, 'Michael E. Bergen');
INSERT INTO RelationPersonInProceeding (PersonId, InProceedingId) VALUES (1463, 874);
INSERT INTO InProceeding (InProceedingId, Title, Pages, Url, ProceedingId) VALUES (875, 'Oracles and Assistants: Machine Learning Applied to Network Supervision.', '86-98', NULL, 27);
INSERT INTO Person (PersonId, Name) VALUES (1464, 'Babak Esfandiari');
INSERT INTO RelationPersonInProceeding (PersonId, InProceedingId) VALUES (1464, 875);
INSERT INTO RelationPersonInProceeding (PersonId, InProceedingId) VALUES (1265, 875);
INSERT INTO InProceeding (InProceedingId, Title, Pages, Url, ProceedingId) VALUES (876, 'A Hybrid Genetic Algorithm for the Vehicle Routing Problem with Time Windows.', '114-127', NULL, 27);
INSERT INTO Person (PersonId, Name) VALUES (1465, 'Regent Begin');
INSERT INTO RelationPersonInProceeding (PersonId, InProceedingId) VALUES (1465, 876);
INSERT INTO Person (PersonId, Name) VALUES (1466, 'Jean Berger');
INSERT INTO RelationPersonInProceeding (PersonId, InProceedingId) VALUES (1466, 876);
INSERT INTO Person (PersonId, Name) VALUES (1467, 'Martin Salois');
INSERT INTO RelationPersonInProceeding (PersonId, InProceedingId) VALUES (1467, 876);
INSERT INTO InProceeding (InProceedingId, Title, Pages, Url, ProceedingId) VALUES (877, 'The Iterative Multi-agent Method for Solving Complex Search Problems.', '369-378', NULL, 28);
INSERT INTO RelationPersonInProceeding (PersonId, InProceedingId) VALUES (1400, 877);
INSERT INTO InProceeding (InProceedingId, Title, Pages, Url, ProceedingId) VALUES (878, 'Body-Based Reasoning Using a Feeling-Based Lexicon, Mental Imagery, and an Object-Oriented Metaphor Hierarchy.', '47-56', NULL, 29);
INSERT INTO Person (PersonId, Name) VALUES (1468, 'Eric G. Berkowitz');
INSERT INTO RelationPersonInProceeding (PersonId, InProceedingId) VALUES (1468, 878);
INSERT INTO Person (PersonId, Name) VALUES (1469, 'Peter H. Greene');
INSERT INTO RelationPersonInProceeding (PersonId, InProceedingId) VALUES (1469, 878);
INSERT INTO InProceeding (InProceedingId, Title, Pages, Url, ProceedingId) VALUES (879, 'Watching You, Watching Me.', '361-364', NULL, 29);
INSERT INTO Person (PersonId, Name) VALUES (1470, 'Joe MacInnes');
INSERT INTO RelationPersonInProceeding (PersonId, InProceedingId) VALUES (1470, 879);
INSERT INTO Person (PersonId, Name) VALUES (1471, 'Afzal Upal');
INSERT INTO RelationPersonInProceeding (PersonId, InProceedingId) VALUES (1471, 879);
INSERT INTO Person (PersonId, Name) VALUES (1472, 'Omid Banyasad');
INSERT INTO RelationPersonInProceeding (PersonId, InProceedingId) VALUES (1472, 879);
INSERT INTO InProceeding (InProceedingId, Title, Pages, Url, ProceedingId) VALUES (880, 'The Impact of External Dependency in Genetic Programming Primitives.', '154-168', NULL, 27);
INSERT INTO Person (PersonId, Name) VALUES (1473, 'Una-May O$1Reilly');
INSERT INTO RelationPersonInProceeding (PersonId, InProceedingId) VALUES (1473, 880);
INSERT INTO InProceeding (InProceedingId, Title, Pages, Url, ProceedingId) VALUES (881, 'A Heuristic Incremental Modeling Approach to Course Timetabling.', '16-29', NULL, 27);
INSERT INTO RelationPersonInProceeding (PersonId, InProceedingId) VALUES (1417, 881);
INSERT INTO Person (PersonId, Name) VALUES (1474, 'Amnon Meisels');
INSERT INTO RelationPersonInProceeding (PersonId, InProceedingId) VALUES (1474, 881);
INSERT INTO Person (PersonId, Name) VALUES (1475, 'Don Banks');
INSERT INTO RelationPersonInProceeding (PersonId, InProceedingId) VALUES (1475, 881);
INSERT INTO InProceeding (InProceedingId, Title, Pages, Url, ProceedingId) VALUES (882, 'Surviving in a Hostile Multi-agent Environment: How Simple Affective States Can Aid in the Competition for Resources.', '389-399', NULL, 28);
INSERT INTO Person (PersonId, Name) VALUES (1476, 'Matthias Scheutz');
INSERT INTO RelationPersonInProceeding (PersonId, InProceedingId) VALUES (1476, 882);
INSERT INTO Person (PersonId, Name) VALUES (1477, 'Jan A. Bergstra');
INSERT INTO Proceeding (ProceedingId, Title, EditorId, PublisherId, SeriesId, Year, ISBN, Url) VALUES (31, 'Algebraic Methods: Theory, Tools and Applications [papers from a workshop in Passau, Germany, June 9-11, 1987]', 1477, 1, 1, '1989', '3-540-51698-0', 'http://dblp.uni-trier.de/db/conf/am/am1987.html');
INSERT INTO Person (PersonId, Name) VALUES (1478, 'Loe M. G. Feijs');
INSERT INTO Proceeding (ProceedingId, Title, EditorId, PublisherId, SeriesId, Year, ISBN, Url) VALUES (32, 'Algebraic Methods II: Theory, Tools and Applications [papers from a workshop in Mierlo, The Netherlands, September 1989]', 1478, 1, 1, '1991', '3-540-53912-3', 'http://dblp.uni-trier.de/db/conf/am/am1989.html');
INSERT INTO InProceeding (InProceedingId, Title, Pages, Url, ProceedingId) VALUES (883, 'From an ERAE Requirements Specification to a PLUSS Algebraic Specificatiaon: A Case Study.', '395-431', NULL, 32);
INSERT INTO Person (PersonId, Name) VALUES (1479, 'Jacques Hagelstein');
INSERT INTO RelationPersonInProceeding (PersonId, InProceedingId) VALUES (1479, 883);
INSERT INTO Person (PersonId, Name) VALUES (1480, 'Michel Bidoit');
INSERT INTO RelationPersonInProceeding (PersonId, InProceedingId) VALUES (1480, 883);
INSERT INTO Person (PersonId, Name) VALUES (1481, 'Marie-Claude Gaudel');
INSERT INTO RelationPersonInProceeding (PersonId, InProceedingId) VALUES (1481, 883);
INSERT INTO Person (PersonId, Name) VALUES (1482, 'H. Perdrix');
INSERT INTO RelationPersonInProceeding (PersonId, InProceedingId) VALUES (1482, 883);
INSERT INTO Person (PersonId, Name) VALUES (1483, 'A. Mauboussin');
INSERT INTO RelationPersonInProceeding (PersonId, InProceedingId) VALUES (1483, 883);
INSERT INTO InProceeding (InProceedingId, Title, Pages, Url, ProceedingId) VALUES (884, 'Where Can I Get Gas Round Here? - An Application of a Design Methodology for Distributed Systems.', '143-166', NULL, 32);
INSERT INTO Person (PersonId, Name) VALUES (1484, 'Rainer Weber');
INSERT INTO RelationPersonInProceeding (PersonId, InProceedingId) VALUES (1484, 884);
INSERT INTO InProceeding (InProceedingId, Title, Pages, Url, ProceedingId) VALUES (885, 'An Algebraic Specification of Process Algebra, Including Two Examples.', '507-554', NULL, 31);
INSERT INTO Person (PersonId, Name) VALUES (1485, 'Sjouke Mauw');
INSERT INTO RelationPersonInProceeding (PersonId, InProceedingId) VALUES (1485, 885);
INSERT INTO InProceeding (InProceedingId, Title, Pages, Url, ProceedingId) VALUES (886, 'Design of a Specification Language by Abstract Syntax Engineering.', '363-394', NULL, 32);
INSERT INTO Person (PersonId, Name) VALUES (1486, 'Jos C. M. Baeten');
INSERT INTO RelationPersonInProceeding (PersonId, InProceedingId) VALUES (1486, 886);
INSERT INTO RelationPersonInProceeding (PersonId, InProceedingId) VALUES (1477, 886);
INSERT INTO InProceeding (InProceedingId, Title, Pages, Url, ProceedingId) VALUES (887, 'A Formal Specifications of INGRES.', '207-245', NULL, 31);
INSERT INTO Person (PersonId, Name) VALUES (1487, 'J. H. A. Gelissen');
INSERT INTO RelationPersonInProceeding (PersonId, InProceedingId) VALUES (1487, 887);
INSERT INTO RelationPersonInProceeding (PersonId, InProceedingId) VALUES (1478, 887);
INSERT INTO Person (PersonId, Name) VALUES (1488, 'W. E. Baats');
INSERT INTO RelationPersonInProceeding (PersonId, InProceedingId) VALUES (1488, 887);
INSERT INTO InProceeding (InProceedingId, Title, Pages, Url, ProceedingId) VALUES (888, 'POLAR: A Picture-Oriented Language for Abstract Representations.', '233-276', NULL, 32);
INSERT INTO Person (PersonId, Name) VALUES (1489, 'Rob C. van Ommering');
INSERT INTO RelationPersonInProceeding (PersonId, InProceedingId) VALUES (1489, 888);
INSERT INTO Person (PersonId, Name) VALUES (1490, 'R. D. van den Bos');
INSERT INTO RelationPersonInProceeding (PersonId, InProceedingId) VALUES (1490, 888);
INSERT INTO RelationPersonInProceeding (PersonId, InProceedingId) VALUES (1478, 888);
INSERT INTO InProceeding (InProceedingId, Title, Pages, Url, ProceedingId) VALUES (889, 'Norman$1s Database Modularised in COLD-K.', '205-231', NULL, 32);
INSERT INTO RelationPersonInProceeding (PersonId, InProceedingId) VALUES (1478, 889);
INSERT INTO InProceeding (InProceedingId, Title, Pages, Url, ProceedingId) VALUES (890, 'Viewpoint Oriented Software Development: Mehtods and Viewpoints in Requirements Engineering.', '29-54', NULL, 32);
INSERT INTO Person (PersonId, Name) VALUES (1491, 'Jeff Kramer');
INSERT INTO RelationPersonInProceeding (PersonId, InProceedingId) VALUES (1491, 890);
INSERT INTO Person (PersonId, Name) VALUES (1492, 'Anthony Finkelstein');
INSERT INTO RelationPersonInProceeding (PersonId, InProceedingId) VALUES (1492, 890);
INSERT INTO Person (PersonId, Name) VALUES (1493, 'Michael Goedicke');
INSERT INTO RelationPersonInProceeding (PersonId, InProceedingId) VALUES (1493, 890);
INSERT INTO Person (PersonId, Name) VALUES (1494, 'Celso Niskier');
INSERT INTO RelationPersonInProceeding (PersonId, InProceedingId) VALUES (1494, 890);
INSERT INTO InProceeding (InProceedingId, Title, Pages, Url, ProceedingId) VALUES (891, 'A Meta-Environment for Generating Programming Environments.', '105-124', NULL, 32);
INSERT INTO Person (PersonId, Name) VALUES (1495, 'Paul Klint');
INSERT INTO RelationPersonInProceeding (PersonId, InProceedingId) VALUES (1495, 891);
INSERT INTO InProceeding (InProceedingId, Title, Pages, Url, ProceedingId) VALUES (892, 'Using Transformation to Verify Parallel Programs.', '55-81', NULL, 32);
INSERT INTO RelationPersonInProceeding (PersonId, InProceedingId) VALUES (172, 892);
INSERT INTO Person (PersonId, Name) VALUES (1496, 'Krzysztof R. Apt');
INSERT INTO RelationPersonInProceeding (PersonId, InProceedingId) VALUES (1496, 892);
INSERT INTO InProceeding (InProceedingId, Title, Pages, Url, ProceedingId) VALUES (893, 'Introducing Formal Requirements into Industry.', '129-141', NULL, 32);
INSERT INTO RelationPersonInProceeding (PersonId, InProceedingId) VALUES (1479, 893);
INSERT INTO Person (PersonId, Name) VALUES (1497, 'Frank Ponsaert');
INSERT INTO RelationPersonInProceeding (PersonId, InProceedingId) VALUES (1497, 893);
INSERT INTO InProceeding (InProceedingId, Title, Pages, Url, ProceedingId) VALUES (894, 'Formalizing Informal Reuqirments. Some Aspects.', '7-27', NULL, 32);
INSERT INTO Person (PersonId, Name) VALUES (1498, 'N. W. P. van Diepen');
INSERT INTO RelationPersonInProceeding (PersonId, InProceedingId) VALUES (1498, 894);
INSERT INTO Person (PersonId, Name) VALUES (1499, 'Helmuth Partsch');
INSERT INTO RelationPersonInProceeding (PersonId, InProceedingId) VALUES (1499, 894);
INSERT INTO InProceeding (InProceedingId, Title, Pages, Url, ProceedingId) VALUES (895, 'Specification of the Transit Node in PSFd.', '341-361', NULL, 32);
INSERT INTO RelationPersonInProceeding (PersonId, InProceedingId) VALUES (1485, 895);
INSERT INTO Person (PersonId, Name) VALUES (1500, 'Freek Wiedijk');
INSERT INTO RelationPersonInProceeding (PersonId, InProceedingId) VALUES (1500, 895);
INSERT INTO InProceeding (InProceedingId, Title, Pages, Url, ProceedingId) VALUES (896, 'The Calculus lambda-pi.', '307-330', NULL, 31);
INSERT INTO RelationPersonInProceeding (PersonId, InProceedingId) VALUES (1478, 896);
INSERT INTO InProceeding (InProceedingId, Title, Pages, Url, ProceedingId) VALUES (897, 'Transformations of Designs.', '167-199', NULL, 32);
INSERT INTO RelationPersonInProceeding (PersonId, InProceedingId) VALUES (1478, 897);
INSERT INTO InProceeding (InProceedingId, Title, Pages, Url, ProceedingId) VALUES (898, 'The Logic MPLomega.', '247-282', NULL, 31);
INSERT INTO Person (PersonId, Name) VALUES (1501, 'C. P. J. Koymanns');
INSERT INTO RelationPersonInProceeding (PersonId, InProceedingId) VALUES (1501, 898);
INSERT INTO Person (PersonId, Name) VALUES (1502, 'Gerard R. Renardel de Lavalette');
INSERT INTO RelationPersonInProceeding (PersonId, InProceedingId) VALUES (1502, 898);
INSERT INTO InProceeding (InProceedingId, Title, Pages, Url, ProceedingId) VALUES (899, 'Modular Specifications in Process Algebra with Curious Queues.', '465-506', NULL, 31);
INSERT INTO Person (PersonId, Name) VALUES (1503, 'Rob J. van Glabbeek');
INSERT INTO RelationPersonInProceeding (PersonId, InProceedingId) VALUES (1503, 899);
INSERT INTO Person (PersonId, Name) VALUES (1504, 'Frits W. Vaandrager');
INSERT INTO RelationPersonInProceeding (PersonId, InProceedingId) VALUES (1504, 899);
INSERT INTO InProceeding (InProceedingId, Title, Pages, Url, ProceedingId) VALUES (900, 'ACTtau: A Universal Axiom System for Process Specification.', '447-463', NULL, 31);
INSERT INTO RelationPersonInProceeding (PersonId, InProceedingId) VALUES (1477, 900);
INSERT INTO Person (PersonId, Name) VALUES (1505, 'Jan Willem Klop');
INSERT INTO RelationPersonInProceeding (PersonId, InProceedingId) VALUES (1505, 900);
INSERT INTO InProceeding (InProceedingId, Title, Pages, Url, ProceedingId) VALUES (901, 'Software Specification by Behavioural Canons.', '117-138', NULL, 31);
INSERT INTO Person (PersonId, Name) VALUES (1506, 'Horst Reichel');
INSERT INTO RelationPersonInProceeding (PersonId, InProceedingId) VALUES (1506, 901);
INSERT INTO InProceeding (InProceedingId, Title, Pages, Url, ProceedingId) VALUES (902, 'Description Algebra.', '283-306', NULL, 31);
INSERT INTO Person (PersonId, Name) VALUES (1507, 'H. B. M. Jonkers');
INSERT INTO RelationPersonInProceeding (PersonId, InProceedingId) VALUES (1507, 902);
INSERT INTO InProceeding (InProceedingId, Title, Pages, Url, ProceedingId) VALUES (903, 'An Integrated Algebraic Approach to the Specification of Data Types, Processes and Objects.', '91-116', NULL, 31);
INSERT INTO Person (PersonId, Name) VALUES (1508, 'Elena Zucca');
INSERT INTO RelationPersonInProceeding (PersonId, InProceedingId) VALUES (1508, 903);
INSERT INTO RelationPersonInProceeding (PersonId, InProceedingId) VALUES (182, 903);
INSERT INTO Person (PersonId, Name) VALUES (1509, 'Alessandro Giovini');
INSERT INTO RelationPersonInProceeding (PersonId, InProceedingId) VALUES (1509, 903);
INSERT INTO RelationPersonInProceeding (PersonId, InProceedingId) VALUES (183, 903);
INSERT INTO InProceeding (InProceedingId, Title, Pages, Url, ProceedingId) VALUES (904, 'Algebraic Specification: A Step Towards Future Software Engineering.', '7-30', NULL, 31);
INSERT INTO RelationPersonInProceeding (PersonId, InProceedingId) VALUES (1499, 904);
INSERT INTO InProceeding (InProceedingId, Title, Pages, Url, ProceedingId) VALUES (905, 'Efficient Implementation of an Algebraic Specification Language.', '69-90', NULL, 31);
INSERT INTO Person (PersonId, Name) VALUES (1510, 'Herbert Klaeren');
INSERT INTO RelationPersonInProceeding (PersonId, InProceedingId) VALUES (1510, 905);
INSERT INTO Person (PersonId, Name) VALUES (1511, 'Klaus Indermark');
INSERT INTO RelationPersonInProceeding (PersonId, InProceedingId) VALUES (1511, 905);
INSERT INTO InProceeding (InProceedingId, Title, Pages, Url, ProceedingId) VALUES (906, 'A Specification of the intel 8085 Microprocessor: A Case Study.', '347-401', NULL, NULL);
INSERT INTO Person (PersonId, Name) VALUES (1512, 'Alfons Geser');
INSERT INTO RelationPersonInProceeding (PersonId, InProceedingId) VALUES (1512, 906);
INSERT INTO InProceeding (InProceedingId, Title, Pages, Url, ProceedingId) VALUES (907, 'An Introduction to COLD-K.', '139-205', NULL, 31);
INSERT INTO RelationPersonInProceeding (PersonId, InProceedingId) VALUES (1507, 907);
INSERT INTO InProceeding (InProceedingId, Title, Pages, Url, ProceedingId) VALUES (908, 'Inheritance in COLD.', '277-301', NULL, 32);
INSERT INTO RelationPersonInProceeding (PersonId, InProceedingId) VALUES (1507, 908);
INSERT INTO InProceeding (InProceedingId, Title, Pages, Url, ProceedingId) VALUES (909, 'The RAP System as a Tool for Testing COLD Specifications.', '331-345', NULL, NULL);
INSERT INTO RelationPersonInProceeding (PersonId, InProceedingId) VALUES (1512, 909);
INSERT INTO Person (PersonId, Name) VALUES (1513, 'Heinrich Humann');
INSERT INTO RelationPersonInProceeding (PersonId, InProceedingId) VALUES (1513, 909);
INSERT INTO InProceeding (InProceedingId, Title, Pages, Url, ProceedingId) VALUES (910, 'Specification and Prototyping of a Compiler for a Small Applicative Language.', '403-418', NULL, NULL);
INSERT INTO RelationPersonInProceeding (PersonId, InProceedingId) VALUES (1513, 910);
INSERT INTO Person (PersonId, Name) VALUES (1514, 'Christian Rank');
INSERT INTO RelationPersonInProceeding (PersonId, InProceedingId) VALUES (1514, 910);
INSERT INTO InProceeding (InProceedingId, Title, Pages, Url, ProceedingId) VALUES (911, 'A Process Specification Formalism Based on Static COLD.', '303-335', NULL, 32);
INSERT INTO RelationPersonInProceeding (PersonId, InProceedingId) VALUES (1486, 911);
INSERT INTO Person (PersonId, Name) VALUES (1515, 'Gert J. Veltink');
INSERT INTO RelationPersonInProceeding (PersonId, InProceedingId) VALUES (1515, 911);
INSERT INTO RelationPersonInProceeding (PersonId, InProceedingId) VALUES (1485, 911);
INSERT INTO RelationPersonInProceeding (PersonId, InProceedingId) VALUES (1477, 911);
INSERT INTO InProceeding (InProceedingId, Title, Pages, Url, ProceedingId) VALUES (912, 'Experiences with Combining Formalisms in VVSL.', '83-103', NULL, 32);
INSERT INTO Person (PersonId, Name) VALUES (1516, 'C. A. Middelburg');
INSERT INTO RelationPersonInProceeding (PersonId, InProceedingId) VALUES (1516, 912);
INSERT INTO InProceeding (InProceedingId, Title, Pages, Url, ProceedingId) VALUES (913, 'Algebraic ADT Specifications of an Extended Relational Algebra and their Conversion into a Working Prototype.', '419-446', NULL, NULL);
INSERT INTO Person (PersonId, Name) VALUES (1517, 'Stefano Crespi-Reghizzi');
INSERT INTO RelationPersonInProceeding (PersonId, InProceedingId) VALUES (1517, 913);
INSERT INTO Person (PersonId, Name) VALUES (1518, 'Luigi Lavazza');
INSERT INTO RelationPersonInProceeding (PersonId, InProceedingId) VALUES (1518, 913);
INSERT INTO InProceeding (InProceedingId, Title, Pages, Url, ProceedingId) VALUES (914, 'How to Make Algebraic Specifications More Understandable?.', '31-67', NULL, 31);
INSERT INTO RelationPersonInProceeding (PersonId, InProceedingId) VALUES (1480, 914);
INSERT INTO RelationPersonInProceeding (PersonId, InProceedingId) VALUES (1481, 914);
INSERT INTO RelationPersonInProceeding (PersonId, InProceedingId) VALUES (1483, 914);
INSERT INTO Person (PersonId, Name) VALUES (1519, 'Fiona Williams');
INSERT INTO Publisher (PublisherId, Name) VALUES (2, 'Elsevier');
INSERT INTO Proceeding (ProceedingId, Title, EditorId, PublisherId, SeriesId, Year, ISBN, Url) VALUES (33, 'Broadband Islands: Towards Integration, Proceedings of the 2nd Intermational Conference on Broadband Islands, Athens, Greece, 14-16 June 1993', 1519, 2, NULL, '1993', '0-444-81710-7', 'http://dblp.uni-trier.de/db/conf/bi/bi1993.html');
INSERT INTO Publisher (PublisherId, Name) VALUES (3, 'North-Holland');
INSERT INTO Proceeding (ProceedingId, Title, EditorId, PublisherId, SeriesId, Year, ISBN, Url) VALUES (34, 'Broadband Islands $194, Connecting with the End-User, Proceedings of the 3rd Intermational Conference on Broadband Islands, Hamburg, Germany, 7-9 June, 1994', 1519, 3, NULL, '1994', '0-444-81905-3', 'http://dblp.uni-trier.de/db/conf/bi/bi1994.html');
INSERT INTO InProceeding (InProceedingId, Title, Pages, Url, ProceedingId) VALUES (915, 'Is There Any Market for Advanced Multimedia Applications?.', '405-408', NULL, 34);
INSERT INTO Person (PersonId, Name) VALUES (1520, 'Jrgen Brstenbinder');
INSERT INTO RelationPersonInProceeding (PersonId, InProceedingId) VALUES (1520, 915);
INSERT INTO InProceeding (InProceedingId, Title, Pages, Url, ProceedingId) VALUES (916, 'First Experience with Multicasting the X Protocol.', '443-448', NULL, 34);
INSERT INTO Person (PersonId, Name) VALUES (1521, 'Jrg Ott');
INSERT INTO RelationPersonInProceeding (PersonId, InProceedingId) VALUES (1521, 916);
INSERT INTO Person (PersonId, Name) VALUES (1522, 'Gero Hoffmann');
INSERT INTO RelationPersonInProceeding (PersonId, InProceedingId) VALUES (1522, 916);
INSERT INTO Person (PersonId, Name) VALUES (1523, 'Carsten Bormann');
INSERT INTO RelationPersonInProceeding (PersonId, InProceedingId) VALUES (1523, 916);
INSERT INTO InProceeding (InProceedingId, Title, Pages, Url, ProceedingId) VALUES (917, 'Multimedia Synchronization: The Role of the Communication System.', '151-172', NULL, 33);
INSERT INTO Person (PersonId, Name) VALUES (1524, 'Theodoros Bozios');
INSERT INTO RelationPersonInProceeding (PersonId, InProceedingId) VALUES (1524, 917);
INSERT INTO Person (PersonId, Name) VALUES (1525, 'Nikos B. Pronios');
INSERT INTO RelationPersonInProceeding (PersonId, InProceedingId) VALUES (1525, 917);
INSERT INTO InProceeding (InProceedingId, Title, Pages, Url, ProceedingId) VALUES (918, 'On Connection Admission Control in Multicast ATM Networks.', '457-462', NULL, 34);
INSERT INTO Person (PersonId, Name) VALUES (1526, 'K. Schmidt');
INSERT INTO RelationPersonInProceeding (PersonId, InProceedingId) VALUES (1526, 918);
INSERT INTO InProceeding (InProceedingId, Title, Pages, Url, ProceedingId) VALUES (919, 'Experimental multimedia broadband telecommunication service for Civil Protection application through an hydrometerological monitoring system.', '309-316', NULL, 34);
INSERT INTO Person (PersonId, Name) VALUES (1527, 'Stefano Nativi');
INSERT INTO RelationPersonInProceeding (PersonId, InProceedingId) VALUES (1527, 919);
INSERT INTO Person (PersonId, Name) VALUES (1528, 'Dino Giuli');
INSERT INTO RelationPersonInProceeding (PersonId, InProceedingId) VALUES (1528, 919);
INSERT INTO Person (PersonId, Name) VALUES (1529, 'E. Dalle Mese');
INSERT INTO RelationPersonInProceeding (PersonId, InProceedingId) VALUES (1529, 919);
INSERT INTO Person (PersonId, Name) VALUES (1530, 'S. Giordano');
INSERT INTO RelationPersonInProceeding (PersonId, InProceedingId) VALUES (1530, 919);
INSERT INTO Person (PersonId, Name) VALUES (1531, 'L. Baldini');
INSERT INTO RelationPersonInProceeding (PersonId, InProceedingId) VALUES (1531, 919);
INSERT INTO Person (PersonId, Name) VALUES (1532, 'M. Del Sarto');
INSERT INTO RelationPersonInProceeding (PersonId, InProceedingId) VALUES (1532, 919);
INSERT INTO InProceeding (InProceedingId, Title, Pages, Url, ProceedingId) VALUES (920, 'ATM-transceiver: A distributed approach to ATM LAN.', '71-80', NULL, 34);
INSERT INTO Person (PersonId, Name) VALUES (1533, 'Rolf Kraemer');
INSERT INTO RelationPersonInProceeding (PersonId, InProceedingId) VALUES (1533, 920);
INSERT INTO Person (PersonId, Name) VALUES (1534, 'Yonggang Du');
INSERT INTO RelationPersonInProceeding (PersonId, InProceedingId) VALUES (1534, 920);
INSERT INTO InProceeding (InProceedingId, Title, Pages, Url, ProceedingId) VALUES (921, 'Virtual Space Teleconferencing Systems - A Distributed Virtual Environment.', '35-45', NULL, 34);
INSERT INTO Person (PersonId, Name) VALUES (1535, 'Nobuyoshi Terashima');
INSERT INTO RelationPersonInProceeding (PersonId, InProceedingId) VALUES (1535, 921);
INSERT INTO InProceeding (InProceedingId, Title, Pages, Url, ProceedingId) VALUES (922, 'Demonstration of Internetworking Via Optical Networks.', '35-42', NULL, 33);
INSERT INTO Person (PersonId, Name) VALUES (1536, 'Michel F. Roy');
INSERT INTO RelationPersonInProceeding (PersonId, InProceedingId) VALUES (1536, 922);
INSERT INTO InProceeding (InProceedingId, Title, Pages, Url, ProceedingId) VALUES (923, 'RAMA - Remote Access to Museums Archives.', '327-334', NULL, 34);
INSERT INTO Person (PersonId, Name) VALUES (1537, 'Jess Bescs');
INSERT INTO RelationPersonInProceeding (PersonId, InProceedingId) VALUES (1537, 923);
INSERT INTO Person (PersonId, Name) VALUES (1538, 'Guillermo Cisneros');
INSERT INTO RelationPersonInProceeding (PersonId, InProceedingId) VALUES (1538, 923);
INSERT INTO Person (PersonId, Name) VALUES (1539, 'Jos Mara Martnez Sanchez');
INSERT INTO RelationPersonInProceeding (PersonId, InProceedingId) VALUES (1539, 923);
INSERT INTO InProceeding (InProceedingId, Title, Pages, Url, ProceedingId) VALUES (924, 'Congestion Management of LANs Interconnection across SMDS.', '247-259', NULL, 33);
INSERT INTO Person (PersonId, Name) VALUES (1540, 'Sophie Dahan');
INSERT INTO RelationPersonInProceeding (PersonId, InProceedingId) VALUES (1540, 924);
INSERT INTO Person (PersonId, Name) VALUES (1541, 'Serge Fdida');
INSERT INTO RelationPersonInProceeding (PersonId, InProceedingId) VALUES (1541, 924);
INSERT INTO Person (PersonId, Name) VALUES (1542, 'Simon Znaty');
INSERT INTO RelationPersonInProceeding (PersonId, InProceedingId) VALUES (1542, 924);
INSERT INTO InProceeding (InProceedingId, Title, Pages, Url, ProceedingId) VALUES (925, 'Multimedia Mail - a basis-Technology for new Applications and Services.', '301-307', NULL, 34);
INSERT INTO Person (PersonId, Name) VALUES (1543, 'Jrgen Hnle');
INSERT INTO RelationPersonInProceeding (PersonId, InProceedingId) VALUES (1543, 925);
INSERT INTO Person (PersonId, Name) VALUES (1544, 'A. Nemeth');
INSERT INTO RelationPersonInProceeding (PersonId, InProceedingId) VALUES (1544, 925);
INSERT INTO InProceeding (InProceedingId, Title, Pages, Url, ProceedingId) VALUES (926, 'Multimedia Application for Musea Database Consult.', '51-62', NULL, 33);
INSERT INTO RelationPersonInProceeding (PersonId, InProceedingId) VALUES (1538, 926);
INSERT INTO RelationPersonInProceeding (PersonId, InProceedingId) VALUES (1539, 926);
INSERT INTO InProceeding (InProceedingId, Title, Pages, Url, ProceedingId) VALUES (927, 'The EC RACE Programme: from R&D to implementation - In search of the killer application.', '43-50', NULL, 33);
INSERT INTO Person (PersonId, Name) VALUES (1545, 'Jos Francisco C. Torcato');
INSERT INTO RelationPersonInProceeding (PersonId, InProceedingId) VALUES (1545, 927);
INSERT INTO InProceeding (InProceedingId, Title, Pages, Url, ProceedingId) VALUES (928, 'From RACE trans-European Demonstrators to first European Broadband Commercial Services. How to get there?.', '349-356', NULL, 34);
INSERT INTO RelationPersonInProceeding (PersonId, InProceedingId) VALUES (1545, 928);
INSERT INTO InProceeding (InProceedingId, Title, Pages, Url, ProceedingId) VALUES (929, 'Neurocontrol of a Broadband (ATM) Clos$1 Switching Network.', '321-326', NULL, 33);
INSERT INTO Person (PersonId, Name) VALUES (1546, 'T. Antonelis');
INSERT INTO RelationPersonInProceeding (PersonId, InProceedingId) VALUES (1546, 929);
INSERT INTO Person (PersonId, Name) VALUES (1547, 'Jun Ma');
INSERT INTO RelationPersonInProceeding (PersonId, InProceedingId) VALUES (1547, 929);
INSERT INTO Person (PersonId, Name) VALUES (1548, 'K. Rahko');
INSERT INTO RelationPersonInProceeding (PersonId, InProceedingId) VALUES (1548, 929);
INSERT INTO InProceeding (InProceedingId, Title, Pages, Url, ProceedingId) VALUES (930, 'Cost/Benefit issues for document delivery at Disclosure Ltd.', '377-385', NULL, 34);
INSERT INTO Person (PersonId, Name) VALUES (1549, 'M. R. Doubleday');
INSERT INTO RelationPersonInProceeding (PersonId, InProceedingId) VALUES (1549, 930);
INSERT INTO InProceeding (InProceedingId, Title, Pages, Url, ProceedingId) VALUES (931, 'Integrated Broadband Communications (IBC) - Towards integrating Islands and Applications.', '3-34', NULL, 33);
INSERT INTO Person (PersonId, Name) VALUES (1550, 'Roland Hber');
INSERT INTO RelationPersonInProceeding (PersonId, InProceedingId) VALUES (1550, 931);
INSERT INTO InProceeding (InProceedingId, Title, Pages, Url, ProceedingId) VALUES (932, 'Connecting with the End-User.', '3-16', NULL, 34);
INSERT INTO RelationPersonInProceeding (PersonId, InProceedingId) VALUES (1550, 932);
INSERT INTO InProceeding (InProceedingId, Title, Pages, Url, ProceedingId) VALUES (933, 'Bandwidth Management for a Hybrid LAN/MAN Environment.', '221-232', NULL, 34);
INSERT INTO Person (PersonId, Name) VALUES (1551, 'Rudolf Jaeger');
INSERT INTO RelationPersonInProceeding (PersonId, InProceedingId) VALUES (1551, 933);
INSERT INTO InProceeding (InProceedingId, Title, Pages, Url, ProceedingId) VALUES (934, 'Evaluation of Broadband Based Multimedia Applications - how to convince the business.', '343-348', NULL, 34);
INSERT INTO Person (PersonId, Name) VALUES (1552, 'H. J. M. Rutten');
INSERT INTO RelationPersonInProceeding (PersonId, InProceedingId) VALUES (1552, 934);
INSERT INTO InProceeding (InProceedingId, Title, Pages, Url, ProceedingId) VALUES (935, 'Overview of the RACE II LUSI Project.', '267-270', NULL, 33);
INSERT INTO Person (PersonId, Name) VALUES (1553, 'T. J. Hewson');
INSERT INTO RelationPersonInProceeding (PersonId, InProceedingId) VALUES (1553, 935);
INSERT INTO Person (PersonId, Name) VALUES (1554, 'A. M. Clarke');
INSERT INTO RelationPersonInProceeding (PersonId, InProceedingId) VALUES (1554, 935);
INSERT INTO InProceeding (InProceedingId, Title, Pages, Url, ProceedingId) VALUES (936, 'Multimedia Applications and Services in the PREPARE Testbed.', '327-330', NULL, 33);
INSERT INTO Person (PersonId, Name) VALUES (1555, 'David Lewis');
INSERT INTO RelationPersonInProceeding (PersonId, InProceedingId) VALUES (1555, 936);
INSERT INTO Person (PersonId, Name) VALUES (1556, 'Jon Crowcroft');
INSERT INTO RelationPersonInProceeding (PersonId, InProceedingId) VALUES (1556, 936);
INSERT INTO InProceeding (InProceedingId, Title, Pages, Url, ProceedingId) VALUES (937, 'A Broadband Testbed for the Investigation of Multimedia Services and Teleservice Management.', '265-276', NULL, 34);
INSERT INTO Person (PersonId, Name) VALUES (1557, 'Peter T. Kirstein');
INSERT INTO RelationPersonInProceeding (PersonId, InProceedingId) VALUES (1557, 937);
INSERT INTO RelationPersonInProceeding (PersonId, InProceedingId) VALUES (1555, 937);
INSERT INTO InProceeding (InProceedingId, Title, Pages, Url, ProceedingId) VALUES (938, 'Adaptive Image Coding Based on Generalized IBTC.', '147-154', NULL, 34);
INSERT INTO Person (PersonId, Name) VALUES (1558, 'M. Tvarozek');
INSERT INTO RelationPersonInProceeding (PersonId, InProceedingId) VALUES (1558, 938);
INSERT INTO Person (PersonId, Name) VALUES (1559, 'P. Farkas');
INSERT INTO RelationPersonInProceeding (PersonId, InProceedingId) VALUES (1559, 938);
INSERT INTO Person (PersonId, Name) VALUES (1560, 'S. Herrera');
INSERT INTO RelationPersonInProceeding (PersonId, InProceedingId) VALUES (1560, 938);
INSERT INTO InProceeding (InProceedingId, Title, Pages, Url, ProceedingId) VALUES (939, 'How to exchance multimedia information in its natural form?', '271-278', NULL, 33);
INSERT INTO Person (PersonId, Name) VALUES (1561, 'Marc Peeters');
INSERT INTO RelationPersonInProceeding (PersonId, InProceedingId) VALUES (1561, 939);
INSERT INTO InProceeding (InProceedingId, Title, Pages, Url, ProceedingId) VALUES (940, 'The Commercial and Economic Impact of ATM on the Telecommunications Market.', '335-342', NULL, 34);
INSERT INTO Person (PersonId, Name) VALUES (1562, 'Peter Aknai');
INSERT INTO RelationPersonInProceeding (PersonId, InProceedingId) VALUES (1562, 940);
INSERT INTO Person (PersonId, Name) VALUES (1563, 'David Cleevely');
INSERT INTO RelationPersonInProceeding (PersonId, InProceedingId) VALUES (1563, 940);
INSERT INTO Person (PersonId, Name) VALUES (1564, 'Susan Ablett');
INSERT INTO RelationPersonInProceeding (PersonId, InProceedingId) VALUES (1564, 940);
INSERT INTO InProceeding (InProceedingId, Title, Pages, Url, ProceedingId) VALUES (941, 'The CHARISMA ATM Horst Interface.', '81-100', NULL, 34);
INSERT INTO Person (PersonId, Name) VALUES (1565, 'B. J. Murphy');
INSERT INTO RelationPersonInProceeding (PersonId, InProceedingId) VALUES (1565, 941);
INSERT INTO Person (PersonId, Name) VALUES (1566, 'Sherali Zeadally');
INSERT INTO RelationPersonInProceeding (PersonId, InProceedingId) VALUES (1566, 941);
INSERT INTO Person (PersonId, Name) VALUES (1567, 'C. J. Adams');
INSERT INTO RelationPersonInProceeding (PersonId, InProceedingId) VALUES (1567, 941);
INSERT INTO InProceeding (InProceedingId, Title, Pages, Url, ProceedingId) VALUES (942, 'Drift Matching Techniques for Time Signature Conservation Service.', '241-252', NULL, 34);
INSERT INTO Person (PersonId, Name) VALUES (1568, 'Laurent Dairaine');
INSERT INTO RelationPersonInProceeding (PersonId, InProceedingId) VALUES (1568, 942);
INSERT INTO InProceeding (InProceedingId, Title, Pages, Url, ProceedingId) VALUES (943, 'The Superposition of Virtual Connections with Periodic Traffic in an ATM Multiplexer.', '233-240', NULL, 34);
INSERT INTO Person (PersonId, Name) VALUES (1569, 'Ulrich Killat');
INSERT INTO RelationPersonInProceeding (PersonId, InProceedingId) VALUES (1569, 943);
INSERT INTO Person (PersonId, Name) VALUES (1570, 'Zbynek Bazanowski');
INSERT INTO RelationPersonInProceeding (PersonId, InProceedingId) VALUES (1570, 943);
INSERT INTO InProceeding (InProceedingId, Title, Pages, Url, ProceedingId) VALUES (944, 'Integrated Broadband Communication (IBC) Service definition, description and functional specification.', '303-306', NULL, 33);
INSERT INTO Person (PersonId, Name) VALUES (1571, 'Efstathios D. Sykas');
INSERT INTO RelationPersonInProceeding (PersonId, InProceedingId) VALUES (1571, 944);
INSERT INTO Person (PersonId, Name) VALUES (1572, 'Siegfried Rausch');
INSERT INTO RelationPersonInProceeding (PersonId, InProceedingId) VALUES (1572, 944);
INSERT INTO InProceeding (InProceedingId, Title, Pages, Url, ProceedingId) VALUES (945, 'User Service Interfaces of the Future - Will People be able to Use Them?.', '101-112', NULL, 34);
INSERT INTO Person (PersonId, Name) VALUES (1573, 'G. Allison');
INSERT INTO RelationPersonInProceeding (PersonId, InProceedingId) VALUES (1573, 945);
INSERT INTO RelationPersonInProceeding (PersonId, InProceedingId) VALUES (1554, 945);
INSERT INTO InProceeding (InProceedingId, Title, Pages, Url, ProceedingId) VALUES (946, 'Tele-Cooperation Requirements on the Transport Subsystem.', '299-302', NULL, 33);
INSERT INTO Person (PersonId, Name) VALUES (1574, 'Edgar Ostrowski');
INSERT INTO RelationPersonInProceeding (PersonId, InProceedingId) VALUES (1574, 946);
INSERT INTO Person (PersonId, Name) VALUES (1575, 'Frank Ruge');
INSERT INTO RelationPersonInProceeding (PersonId, InProceedingId) VALUES (1575, 946);
INSERT INTO InProceeding (InProceedingId, Title, Pages, Url, ProceedingId) VALUES (947, 'MultiMedia Mail using OSI: Bridging the gap between what exists and what is required.', '293-298', NULL, 33);
INSERT INTO Person (PersonId, Name) VALUES (1576, 'L. J. Teunissen');
INSERT INTO RelationPersonInProceeding (PersonId, InProceedingId) VALUES (1576, 947);
INSERT INTO Person (PersonId, Name) VALUES (1577, 'Gert H. Kruithof');
INSERT INTO RelationPersonInProceeding (PersonId, InProceedingId) VALUES (1577, 947);
INSERT INTO Person (PersonId, Name) VALUES (1578, 'Marcel P. P. Baveco');
INSERT INTO RelationPersonInProceeding (PersonId, InProceedingId) VALUES (1578, 947);
INSERT INTO Person (PersonId, Name) VALUES (1579, 'Petra Hoepner');
INSERT INTO RelationPersonInProceeding (PersonId, InProceedingId) VALUES (1579, 947);
INSERT INTO InProceeding (InProceedingId, Title, Pages, Url, ProceedingId) VALUES (948, 'The evolving relationship between OSI and ODP in the new communications environment.', '77-92', NULL, 33);
INSERT INTO Person (PersonId, Name) VALUES (1580, 'Nikolaus Singer');
INSERT INTO RelationPersonInProceeding (PersonId, InProceedingId) VALUES (1580, 948);
INSERT INTO Person (PersonId, Name) VALUES (1581, 'Geoff Coulson');
INSERT INTO RelationPersonInProceeding (PersonId, InProceedingId) VALUES (1581, 948);
INSERT INTO Person (PersonId, Name) VALUES (1582, 'Kwaku Frimpong-Ansah');
INSERT INTO RelationPersonInProceeding (PersonId, InProceedingId) VALUES (1582, 948);
INSERT INTO RelationPersonInProceeding (PersonId, InProceedingId) VALUES (97, 948);
INSERT INTO Person (PersonId, Name) VALUES (1583, 'Helmut Leopold');
INSERT INTO RelationPersonInProceeding (PersonId, InProceedingId) VALUES (1583, 948);
INSERT INTO InProceeding (InProceedingId, Title, Pages, Url, ProceedingId) VALUES (949, 'Broadband markets in Europe.', '357-362', NULL, 34);
INSERT INTO Person (PersonId, Name) VALUES (1584, 'I. A. Stevenson');
INSERT INTO RelationPersonInProceeding (PersonId, InProceedingId) VALUES (1584, 949);
INSERT INTO InProceeding (InProceedingId, Title, Pages, Url, ProceedingId) VALUES (950, 'Centralized and Distributed Architectures for Multimedia Presentational Applications.', '59-70', NULL, 34);
INSERT INTO Person (PersonId, Name) VALUES (1585, 'Nicolas D. Georganas');
INSERT INTO RelationPersonInProceeding (PersonId, InProceedingId) VALUES (1585, 950);
INSERT INTO Person (PersonId, Name) VALUES (1586, 'Louise Lamont');
INSERT INTO RelationPersonInProceeding (PersonId, InProceedingId) VALUES (1586, 950);
INSERT INTO Person (PersonId, Name) VALUES (1587, 'Lian Li');
INSERT INTO RelationPersonInProceeding (PersonId, InProceedingId) VALUES (1587, 950);
INSERT INTO InProceeding (InProceedingId, Title, Pages, Url, ProceedingId) VALUES (951, 'XACSE: Connection set-up for Broadband Services using Generic QoS Parameters.', '307-310', NULL, 33);
INSERT INTO Person (PersonId, Name) VALUES (1588, 'Dominic McGlinchey');
INSERT INTO RelationPersonInProceeding (PersonId, InProceedingId) VALUES (1588, 951);
INSERT INTO InProceeding (InProceedingId, Title, Pages, Url, ProceedingId) VALUES (952, 'FASHION-NET, A Collaborative Multimedia Design System for the Apparel Industry.', '317-326', NULL, 34);
INSERT INTO Person (PersonId, Name) VALUES (1589, 'Jos Miguel Salles Dias');
INSERT INTO RelationPersonInProceeding (PersonId, InProceedingId) VALUES (1589, 952);
INSERT INTO Person (PersonId, Name) VALUES (1590, 'Josephine Hofmann');
INSERT INTO RelationPersonInProceeding (PersonId, InProceedingId) VALUES (1590, 952);
INSERT INTO Person (PersonId, Name) VALUES (1591, 'Fergal McGuinness');
INSERT INTO RelationPersonInProceeding (PersonId, InProceedingId) VALUES (1591, 952);
INSERT INTO Person (PersonId, Name) VALUES (1592, 'Carlos A. C. Belo');
INSERT INTO RelationPersonInProceeding (PersonId, InProceedingId) VALUES (1592, 952);
INSERT INTO Person (PersonId, Name) VALUES (1593, 'Antonio Carlos Almeida');
INSERT INTO RelationPersonInProceeding (PersonId, InProceedingId) VALUES (1593, 952);
INSERT INTO Person (PersonId, Name) VALUES (1594, 'Niall Fallon');
INSERT INTO RelationPersonInProceeding (PersonId, InProceedingId) VALUES (1594, 952);
INSERT INTO InProceeding (InProceedingId, Title, Pages, Url, ProceedingId) VALUES (953, 'Video on Workstation - the Software-based Solution.', '263-266', NULL, 33);
INSERT INTO Person (PersonId, Name) VALUES (1595, 'Aarne Rantala');
INSERT INTO RelationPersonInProceeding (PersonId, InProceedingId) VALUES (1595, 953);
INSERT INTO RelationPersonInProceeding (PersonId, InProceedingId) VALUES (1547, 953);
INSERT INTO Person (PersonId, Name) VALUES (1596, 'Markku Kylnp');
INSERT INTO RelationPersonInProceeding (PersonId, InProceedingId) VALUES (1596, 953);
INSERT INTO Person (PersonId, Name) VALUES (1597, 'Atte Kortekangas');
INSERT INTO RelationPersonInProceeding (PersonId, InProceedingId) VALUES (1597, 953);
INSERT INTO InProceeding (InProceedingId, Title, Pages, Url, ProceedingId) VALUES (954, 'Applications for Broadband Communication Services - An Empirica Analysis.', '287-292', NULL, 34);
INSERT INTO Person (PersonId, Name) VALUES (1598, 'Stephen Connell');
INSERT INTO RelationPersonInProceeding (PersonId, InProceedingId) VALUES (1598, 954);
INSERT INTO Person (PersonId, Name) VALUES (1599, 'B. Champness');
INSERT INTO RelationPersonInProceeding (PersonId, InProceedingId) VALUES (1599, 954);
INSERT INTO InProceeding (InProceedingId, Title, Pages, Url, ProceedingId) VALUES (955, 'An ATM Communication Workstation.', '93-104', NULL, 33);
INSERT INTO Person (PersonId, Name) VALUES (1600, 'Ahmed N. Tantawy');
INSERT INTO RelationPersonInProceeding (PersonId, InProceedingId) VALUES (1600, 955);
INSERT INTO Person (PersonId, Name) VALUES (1601, 'Odysseas G. Koufopavlou');
INSERT INTO RelationPersonInProceeding (PersonId, InProceedingId) VALUES (1601, 955);
INSERT INTO Person (PersonId, Name) VALUES (1602, 'Martina Zitterbart');
INSERT INTO RelationPersonInProceeding (PersonId, InProceedingId) VALUES (1602, 955);
INSERT INTO InProceeding (InProceedingId, Title, Pages, Url, ProceedingId) VALUES (956, 'A High Performance ATM/DQDB Cell to Slot Interworking Unit.', '453-456', NULL, 34);
INSERT INTO Person (PersonId, Name) VALUES (1603, 'Kai Klapdohr');
INSERT INTO RelationPersonInProceeding (PersonId, InProceedingId) VALUES (1603, 956);
INSERT INTO Person (PersonId, Name) VALUES (1604, 'Andreas Schmidt');
INSERT INTO RelationPersonInProceeding (PersonId, InProceedingId) VALUES (1604, 956);
INSERT INTO Person (PersonId, Name) VALUES (1605, 'Kerstin Menzer');
INSERT INTO RelationPersonInProceeding (PersonId, InProceedingId) VALUES (1605, 956);
INSERT INTO Person (PersonId, Name) VALUES (1606, 'Cornelius Frankenfeld');
INSERT INTO RelationPersonInProceeding (PersonId, InProceedingId) VALUES (1606, 956);
INSERT INTO Person (PersonId, Name) VALUES (1607, 'Volker Henkel');
INSERT INTO RelationPersonInProceeding (PersonId, InProceedingId) VALUES (1607, 956);
INSERT INTO InProceeding (InProceedingId, Title, Pages, Url, ProceedingId) VALUES (957, 'Congestion Free Multimedia Communications over Broadband ATM Networks.', '235-246', NULL, 33);
INSERT INTO Person (PersonId, Name) VALUES (1608, 'Mostafa A. Bassiouni');
INSERT INTO RelationPersonInProceeding (PersonId, InProceedingId) VALUES (1608, 957);
INSERT INTO Person (PersonId, Name) VALUES (1609, 'Samir Chatterjee');
INSERT INTO RelationPersonInProceeding (PersonId, InProceedingId) VALUES (1609, 957);
INSERT INTO InProceeding (InProceedingId, Title, Pages, Url, ProceedingId) VALUES (958, 'Dynamic QoS Issues in Distributed Multimedia Systems.', '117-124', NULL, 33);
INSERT INTO Person (PersonId, Name) VALUES (1610, 'Eric Horlait');
INSERT INTO RelationPersonInProceeding (PersonId, InProceedingId) VALUES (1610, 958);
INSERT INTO Person (PersonId, Name) VALUES (1611, 'Linda Fedaoui');
INSERT INTO RelationPersonInProceeding (PersonId, InProceedingId) VALUES (1611, 958);
INSERT INTO Person (PersonId, Name) VALUES (1612, 'Wassim Tawbi');
INSERT INTO RelationPersonInProceeding (PersonId, InProceedingId) VALUES (1612, 958);
INSERT INTO InProceeding (InProceedingId, Title, Pages, Url, ProceedingId) VALUES (959, 'Multimedia and Copyright: a potential solution using an identification header.', '17-34', NULL, 34);
INSERT INTO Person (PersonId, Name) VALUES (1613, 'Branko Gerovac');
INSERT INTO RelationPersonInProceeding (PersonId, InProceedingId) VALUES (1613, 959);
INSERT INTO Person (PersonId, Name) VALUES (1614, 'Richard J. Solomon');
INSERT INTO RelationPersonInProceeding (PersonId, InProceedingId) VALUES (1614, 959);
INSERT INTO InProceeding (InProceedingId, Title, Pages, Url, ProceedingId) VALUES (960, 'A Distributed Synchronization Control Scheme in a Group-oriented Conferencing System.', '193-204', NULL, 33);
INSERT INTO RelationPersonInProceeding (PersonId, InProceedingId) VALUES (1585, 960);
INSERT INTO RelationPersonInProceeding (PersonId, InProceedingId) VALUES (1586, 960);
INSERT INTO Person (PersonId, Name) VALUES (1615, 'Ahmed Karmouch');
INSERT INTO RelationPersonInProceeding (PersonId, InProceedingId) VALUES (1615, 960);
INSERT INTO RelationPersonInProceeding (PersonId, InProceedingId) VALUES (1587, 960);
INSERT INTO InProceeding (InProceedingId, Title, Pages, Url, ProceedingId) VALUES (961, 'Study of multimedia variable bit rate video and voice sources over FDDI Networks.', '223-234', NULL, 33);
INSERT INTO Person (PersonId, Name) VALUES (1616, 'Luis Orozco-Barbosa');
INSERT INTO RelationPersonInProceeding (PersonId, InProceedingId) VALUES (1616, 961);
INSERT INTO Person (PersonId, Name) VALUES (1617, 'Abinder S. Dhillon');
INSERT INTO RelationPersonInProceeding (PersonId, InProceedingId) VALUES (1617, 961);
INSERT INTO InProceeding (InProceedingId, Title, Pages, Url, ProceedingId) VALUES (962, 'Modeling of multimedia sources and an algorithm for bandwidth management.', '139-149', NULL, 33);
INSERT INTO RelationPersonInProceeding (PersonId, InProceedingId) VALUES (1585, 962);
INSERT INTO Person (PersonId, Name) VALUES (1618, 'D. McDonald');
INSERT INTO RelationPersonInProceeding (PersonId, InProceedingId) VALUES (1618, 962);
INSERT INTO Person (PersonId, Name) VALUES (1619, 'K. Qian');
INSERT INTO RelationPersonInProceeding (PersonId, InProceedingId) VALUES (1619, 962);
INSERT INTO InProceeding (InProceedingId, Title, Pages, Url, ProceedingId) VALUES (963, 'International Research Seminars through Multimedia Conferencing: Experiences from the MICE project.', '411-414', NULL, 34);
INSERT INTO Person (PersonId, Name) VALUES (1620, 'Claus-Dieter Schulz');
INSERT INTO RelationPersonInProceeding (PersonId, InProceedingId) VALUES (1620, 963);
INSERT INTO Person (PersonId, Name) VALUES (1621, 'Thierry Turletti');
INSERT INTO RelationPersonInProceeding (PersonId, InProceedingId) VALUES (1621, 963);
INSERT INTO Person (PersonId, Name) VALUES (1622, 'Martina Angela Sasse');
INSERT INTO RelationPersonInProceeding (PersonId, InProceedingId) VALUES (1622, 963);
INSERT INTO Person (PersonId, Name) VALUES (1623, 'Ulf Bilting');
INSERT INTO RelationPersonInProceeding (PersonId, InProceedingId) VALUES (1623, 963);
INSERT INTO InProceeding (InProceedingId, Title, Pages, Url, ProceedingId) VALUES (964, 'Communication Requirements for Multimedia Information Management in Tourism: The TIM Solution.', '415-418', NULL, 34);
INSERT INTO Person (PersonId, Name) VALUES (1624, 'Ethan Lavan');
INSERT INTO RelationPersonInProceeding (PersonId, InProceedingId) VALUES (1624, 964);
INSERT INTO Person (PersonId, Name) VALUES (1625, 'Gilbert Buty');
INSERT INTO RelationPersonInProceeding (PersonId, InProceedingId) VALUES (1625, 964);
INSERT INTO InProceeding (InProceedingId, Title, Pages, Url, ProceedingId) VALUES (965, 'JVTOS - A Multimedia Telecooperation Service Bridging Heterogeneous Platforms.', '463-478', NULL, 34);
INSERT INTO Person (PersonId, Name) VALUES (1626, 'Nelson Pires');
INSERT INTO RelationPersonInProceeding (PersonId, InProceedingId) VALUES (1626, 965);
INSERT INTO Person (PersonId, Name) VALUES (1627, 'Thomas Schmidt');
INSERT INTO RelationPersonInProceeding (PersonId, InProceedingId) VALUES (1627, 965);
INSERT INTO Person (PersonId, Name) VALUES (1628, 'Edgar Ostrokowski');
INSERT INTO RelationPersonInProceeding (PersonId, InProceedingId) VALUES (1628, 965);
INSERT INTO Person (PersonId, Name) VALUES (1629, 'Klaus Heiner Wolf');
INSERT INTO RelationPersonInProceeding (PersonId, InProceedingId) VALUES (1629, 965);
INSERT INTO Person (PersonId, Name) VALUES (1630, 'Michael Weber');
INSERT INTO RelationPersonInProceeding (PersonId, InProceedingId) VALUES (1630, 965);
INSERT INTO Person (PersonId, Name) VALUES (1631, 'Thomas Gutekunst');
INSERT INTO RelationPersonInProceeding (PersonId, InProceedingId) VALUES (1631, 965);
INSERT INTO Person (PersonId, Name) VALUES (1632, 'Gabriel Dermler');
INSERT INTO RelationPersonInProceeding (PersonId, InProceedingId) VALUES (1632, 965);
INSERT INTO InProceeding (InProceedingId, Title, Pages, Url, ProceedingId) VALUES (966, 'A proposed framework for preventive load control in ATM networks, and its analysis.', '205-222', NULL, 33);
INSERT INTO Person (PersonId, Name) VALUES (1633, 'Samar Singh');
INSERT INTO RelationPersonInProceeding (PersonId, InProceedingId) VALUES (1633, 966);
INSERT INTO InProceeding (InProceedingId, Title, Pages, Url, ProceedingId) VALUES (967, 'Multimedia Applications on Local Area Networks: A Practical Experience.', '389-396', NULL, 34);
INSERT INTO Person (PersonId, Name) VALUES (1634, 'Marco Guarducci');
INSERT INTO RelationPersonInProceeding (PersonId, InProceedingId) VALUES (1634, 967);
INSERT INTO Person (PersonId, Name) VALUES (1635, 'Alessandro Bellini');
INSERT INTO RelationPersonInProceeding (PersonId, InProceedingId) VALUES (1635, 967);
INSERT INTO Person (PersonId, Name) VALUES (1636, 'F. Pirri');
INSERT INTO RelationPersonInProceeding (PersonId, InProceedingId) VALUES (1636, 967);
INSERT INTO InProceeding (InProceedingId, Title, Pages, Url, ProceedingId) VALUES (968, 'Introduction to Multimedia Toolbox for Co-operative Applications (MMTCA).', '113-124', NULL, 34);
INSERT INTO Person (PersonId, Name) VALUES (1637, 'Shicheng Tian');
INSERT INTO RelationPersonInProceeding (PersonId, InProceedingId) VALUES (1637, 968);
INSERT INTO Person (PersonId, Name) VALUES (1638, 'Malcolm K. Crowe');
INSERT INTO RelationPersonInProceeding (PersonId, InProceedingId) VALUES (1638, 968);
INSERT INTO InProceeding (InProceedingId, Title, Pages, Url, ProceedingId) VALUES (969, 'Modelling the Satellite Bridge for B-ISDN Islands.', '211-219', NULL, 34);
INSERT INTO Person (PersonId, Name) VALUES (1639, 'Zhili Sun');
INSERT INTO RelationPersonInProceeding (PersonId, InProceedingId) VALUES (1639, 969);
INSERT INTO Person (PersonId, Name) VALUES (1640, 'F. P. Coakley');
INSERT INTO RelationPersonInProceeding (PersonId, InProceedingId) VALUES (1640, 969);
INSERT INTO Person (PersonId, Name) VALUES (1641, 'Barry G. Evans');
INSERT INTO RelationPersonInProceeding (PersonId, InProceedingId) VALUES (1641, 969);
INSERT INTO Person (PersonId, Name) VALUES (1642, 'P. Komisarczuk');
INSERT INTO RelationPersonInProceeding (PersonId, InProceedingId) VALUES (1642, 969);
INSERT INTO InProceeding (InProceedingId, Title, Pages, Url, ProceedingId) VALUES (970, 'MEDIABASE - An Experiment in Multimedia Information and Communication Systems.', '435-438', NULL, 34);
INSERT INTO RelationPersonInProceeding (PersonId, InProceedingId) VALUES (1615, 970);
INSERT INTO Person (PersonId, Name) VALUES (1643, 'G. Warnock');
INSERT INTO RelationPersonInProceeding (PersonId, InProceedingId) VALUES (1643, 970);
INSERT INTO Person (PersonId, Name) VALUES (1644, 'M. B. Brahmanandam');
INSERT INTO RelationPersonInProceeding (PersonId, InProceedingId) VALUES (1644, 970);
INSERT INTO Person (PersonId, Name) VALUES (1645, 'Omar Megzari');
INSERT INTO RelationPersonInProceeding (PersonId, InProceedingId) VALUES (1645, 970);
INSERT INTO Person (PersonId, Name) VALUES (1646, 'J. A. Rody');
INSERT INTO RelationPersonInProceeding (PersonId, InProceedingId) VALUES (1646, 970);
INSERT INTO InProceeding (InProceedingId, Title, Pages, Url, ProceedingId) VALUES (971, 'Sharing Multimedia Applications among Heterogeneous Workstations.', '173-191', NULL, 33);
INSERT INTO Person (PersonId, Name) VALUES (1647, 'Bernhard Plattner');
INSERT INTO RelationPersonInProceeding (PersonId, InProceedingId) VALUES (1647, 971);
INSERT INTO RelationPersonInProceeding (PersonId, InProceedingId) VALUES (1631, 971);
INSERT INTO InProceeding (InProceedingId, Title, Pages, Url, ProceedingId) VALUES (972, 'Interconnecting LANs within the DBP Telekom B-ISDN pilot project - The Terminal Adapter TA-LAN.', '397-403', NULL, 34);
INSERT INTO Person (PersonId, Name) VALUES (1648, 'Klaus Lohse');
INSERT INTO RelationPersonInProceeding (PersonId, InProceedingId) VALUES (1648, 972);
INSERT INTO InProceeding (InProceedingId, Title, Pages, Url, ProceedingId) VALUES (973, 'Critical issues related to the accessibility of B-ISDN services by People with special needs.', '279-285', NULL, 33);
INSERT INTO Person (PersonId, Name) VALUES (1649, 'George Vareltzis');
INSERT INTO RelationPersonInProceeding (PersonId, InProceedingId) VALUES (1649, 973);
INSERT INTO Person (PersonId, Name) VALUES (1650, 'Panayiotis Galatis');
INSERT INTO RelationPersonInProceeding (PersonId, InProceedingId) VALUES (1650, 973);
INSERT INTO Person (PersonId, Name) VALUES (1651, 'Constantine Stephanidis');
INSERT INTO RelationPersonInProceeding (PersonId, InProceedingId) VALUES (1651, 973);
INSERT INTO Person (PersonId, Name) VALUES (1652, 'Pier Luigi Emiliani');
INSERT INTO RelationPersonInProceeding (PersonId, InProceedingId) VALUES (1652, 973);
INSERT INTO InProceeding (InProceedingId, Title, Pages, Url, ProceedingId) VALUES (974, 'MMMS - A Multimedia Mail Service Prototype.', '125-136', NULL, 34);
INSERT INTO Person (PersonId, Name) VALUES (1653, 'Marek Szymaski');
INSERT INTO RelationPersonInProceeding (PersonId, InProceedingId) VALUES (1653, 974);
INSERT INTO RelationPersonInProceeding (PersonId, InProceedingId) VALUES (1578, 974);
INSERT INTO RelationPersonInProceeding (PersonId, InProceedingId) VALUES (1579, 974);
INSERT INTO InProceeding (InProceedingId, Title, Pages, Url, ProceedingId) VALUES (975, 'ATM Cell Loss Effects on a Progressive JPEG Video CODEC.', '155-165', NULL, 34);
INSERT INTO Person (PersonId, Name) VALUES (1654, 'Iain E. Garden Richardson');
INSERT INTO RelationPersonInProceeding (PersonId, InProceedingId) VALUES (1654, 975);
INSERT INTO Person (PersonId, Name) VALUES (1655, 'Martyn J. Riley');
INSERT INTO RelationPersonInProceeding (PersonId, InProceedingId) VALUES (1655, 975);
INSERT INTO InProceeding (InProceedingId, Title, Pages, Url, ProceedingId) VALUES (976, 'Broadband Applications in the Printing and Publishing Sector.', '363-370', NULL, 34);
INSERT INTO Person (PersonId, Name) VALUES (1656, 'Andreas Kindt');
INSERT INTO RelationPersonInProceeding (PersonId, InProceedingId) VALUES (1656, 976);
INSERT INTO Person (PersonId, Name) VALUES (1657, 'Volker Reible');
INSERT INTO RelationPersonInProceeding (PersonId, InProceedingId) VALUES (1657, 976);
INSERT INTO InProceeding (InProceedingId, Title, Pages, Url, ProceedingId) VALUES (977, 'Integrating MultiMedia Components into the Value-chain.', '279-286', NULL, 34);
INSERT INTO Person (PersonId, Name) VALUES (1658, 'E. P. van Zonneveld');
INSERT INTO RelationPersonInProceeding (PersonId, InProceedingId) VALUES (1658, 977);
INSERT INTO Person (PersonId, Name) VALUES (1659, 'W. M. Remmers');
INSERT INTO RelationPersonInProceeding (PersonId, InProceedingId) VALUES (1659, 977);
INSERT INTO RelationPersonInProceeding (PersonId, InProceedingId) VALUES (1576, 977);
INSERT INTO RelationPersonInProceeding (PersonId, InProceedingId) VALUES (1578, 977);
INSERT INTO InProceeding (InProceedingId, Title, Pages, Url, ProceedingId) VALUES (978, 'Universal Mobile Telecommunication System - Mobile access to Broadband ISDN.', '203-209', NULL, 34);
INSERT INTO Person (PersonId, Name) VALUES (1660, 'Hkan Mitts');
INSERT INTO RelationPersonInProceeding (PersonId, InProceedingId) VALUES (1660, 978);
INSERT INTO InProceeding (InProceedingId, Title, Pages, Url, ProceedingId) VALUES (979, 'Towards the Messaging System of Tomorrow.', '287-292', NULL, 33);
INSERT INTO Person (PersonId, Name) VALUES (1661, 'Steven Hand');
INSERT INTO RelationPersonInProceeding (PersonId, InProceedingId) VALUES (1661, 979);
INSERT INTO Person (PersonId, Name) VALUES (1662, 'Arno Spinner');
INSERT INTO RelationPersonInProceeding (PersonId, InProceedingId) VALUES (1662, 979);
INSERT INTO Person (PersonId, Name) VALUES (1663, 'Klaus Lenen');
INSERT INTO RelationPersonInProceeding (PersonId, InProceedingId) VALUES (1663, 979);
INSERT INTO InProceeding (InProceedingId, Title, Pages, Url, ProceedingId) VALUES (980, 'Specification of Audio/Video Exchange Based on the Reference Model of ODP.', '179-191', NULL, 34);
INSERT INTO Person (PersonId, Name) VALUES (1664, 'Peter Leydekkers');
INSERT INTO RelationPersonInProceeding (PersonId, InProceedingId) VALUES (1664, 980);
INSERT INTO Person (PersonId, Name) VALUES (1665, 'Robert Huis in $1t Veld');
INSERT INTO RelationPersonInProceeding (PersonId, InProceedingId) VALUES (1665, 980);
INSERT INTO Person (PersonId, Name) VALUES (1666, 'Valrie Gay');
INSERT INTO RelationPersonInProceeding (PersonId, InProceedingId) VALUES (1666, 980);
INSERT INTO InProceeding (InProceedingId, Title, Pages, Url, ProceedingId) VALUES (981, 'Satisfying enterprise-wide telecommunications needs: decision support for requirements engineering.', '137-146', NULL, 34);
INSERT INTO Person (PersonId, Name) VALUES (1667, 'Jacob Groote');
INSERT INTO RelationPersonInProceeding (PersonId, InProceedingId) VALUES (1667, 981);
INSERT INTO Person (PersonId, Name) VALUES (1668, 'Gerard Pazuelo');
INSERT INTO RelationPersonInProceeding (PersonId, InProceedingId) VALUES (1668, 981);
INSERT INTO Person (PersonId, Name) VALUES (1669, 'Colin Tattersall');
INSERT INTO RelationPersonInProceeding (PersonId, InProceedingId) VALUES (1669, 981);
INSERT INTO InProceeding (InProceedingId, Title, Pages, Url, ProceedingId) VALUES (982, 'The Architecture Design of General Purpose ATM Interface Module Providing Network Traffic Integration.', '449-452', NULL, 34);
INSERT INTO Person (PersonId, Name) VALUES (1670, 'Dong-Won Kim');
INSERT INTO RelationPersonInProceeding (PersonId, InProceedingId) VALUES (1670, 982);
INSERT INTO Person (PersonId, Name) VALUES (1671, 'Byeong-Soo Choi');
INSERT INTO RelationPersonInProceeding (PersonId, InProceedingId) VALUES (1671, 982);
INSERT INTO Person (PersonId, Name) VALUES (1672, 'Do-Young Kim');
INSERT INTO RelationPersonInProceeding (PersonId, InProceedingId) VALUES (1672, 982);
INSERT INTO Person (PersonId, Name) VALUES (1673, 'Byeong-Nam Yoon');
INSERT INTO RelationPersonInProceeding (PersonId, InProceedingId) VALUES (1673, 982);
INSERT INTO InProceeding (InProceedingId, Title, Pages, Url, ProceedingId) VALUES (983, 'Enhancement of the SAS switch: Simple ATM Switching and its Performance.', '311-320', NULL, 33);
INSERT INTO Person (PersonId, Name) VALUES (1674, 'Guy Pujolle');
INSERT INTO RelationPersonInProceeding (PersonId, InProceedingId) VALUES (1674, 983);
INSERT INTO Person (PersonId, Name) VALUES (1675, 'Arnon Tubtiang');
INSERT INTO RelationPersonInProceeding (PersonId, InProceedingId) VALUES (1675, 983);
INSERT INTO InProceeding (InProceedingId, Title, Pages, Url, ProceedingId) VALUES (984, 'Data Handling and Broadband-Transmission of Engraving Data.', '371-376', NULL, 34);
INSERT INTO Person (PersonId, Name) VALUES (1676, 'Stefan Eysen');
INSERT INTO RelationPersonInProceeding (PersonId, InProceedingId) VALUES (1676, 984);
INSERT INTO Person (PersonId, Name) VALUES (1677, 'Markus Zink');
INSERT INTO RelationPersonInProceeding (PersonId, InProceedingId) VALUES (1677, 984);
INSERT INTO InProceeding (InProceedingId, Title, Pages, Url, ProceedingId) VALUES (985, 'MIMIS - Advanced multimedia conferencing using ATM connections. A development for the mass market in co-operation with the end-user.', '293-299', NULL, 34);
INSERT INTO Person (PersonId, Name) VALUES (1678, 'K. Ansttz');
INSERT INTO RelationPersonInProceeding (PersonId, InProceedingId) VALUES (1678, 985);
INSERT INTO Person (PersonId, Name) VALUES (1679, 'K. Coolegem');
INSERT INTO RelationPersonInProceeding (PersonId, InProceedingId) VALUES (1679, 985);
INSERT INTO InProceeding (InProceedingId, Title, Pages, Url, ProceedingId) VALUES (986, 'Modelling of Multimedia Traffic Control for ATM Networks.', '253-264', NULL, 34);
INSERT INTO Person (PersonId, Name) VALUES (1680, 'Mazlan Abbas');
INSERT INTO RelationPersonInProceeding (PersonId, InProceedingId) VALUES (1680, 986);
INSERT INTO InProceeding (InProceedingId, Title, Pages, Url, ProceedingId) VALUES (987, 'An open Architecture for Inter-domain Communications Management in the PREPARE Testbed.', '125-137', NULL, 33);
INSERT INTO Person (PersonId, Name) VALUES (1681, 'William Donnelly');
INSERT INTO RelationPersonInProceeding (PersonId, InProceedingId) VALUES (1681, 987);
INSERT INTO Person (PersonId, Name) VALUES (1682, 'Jrgen M. Schneider');
INSERT INTO RelationPersonInProceeding (PersonId, InProceedingId) VALUES (1682, 987);
INSERT INTO InProceeding (InProceedingId, Title, Pages, Url, ProceedingId) VALUES (988, 'An Object Oriented System for Creation and Presentation of Multimedia Streams.', '439-442', NULL, 34);
INSERT INTO Person (PersonId, Name) VALUES (1683, 'S. Gievska');
INSERT INTO RelationPersonInProceeding (PersonId, InProceedingId) VALUES (1683, 988);
INSERT INTO Person (PersonId, Name) VALUES (1684, 'S. Jordanoski');
INSERT INTO RelationPersonInProceeding (PersonId, InProceedingId) VALUES (1684, 988);
INSERT INTO Person (PersonId, Name) VALUES (1685, 'Danco Davcev');
INSERT INTO RelationPersonInProceeding (PersonId, InProceedingId) VALUES (1685, 988);
INSERT INTO InProceeding (InProceedingId, Title, Pages, Url, ProceedingId) VALUES (989, 'A Constructive Type Schema for Distributed Multimedia Applications.', '419-434', NULL, 34);
INSERT INTO Person (PersonId, Name) VALUES (1686, 'Luis Bernardo');
INSERT INTO RelationPersonInProceeding (PersonId, InProceedingId) VALUES (1686, 989);
INSERT INTO Person (PersonId, Name) VALUES (1687, 'Paulo Pereira');
INSERT INTO RelationPersonInProceeding (PersonId, InProceedingId) VALUES (1687, 989);
INSERT INTO Person (PersonId, Name) VALUES (1688, 'Paulo Pinto');
INSERT INTO RelationPersonInProceeding (PersonId, InProceedingId) VALUES (1688, 989);
INSERT INTO InProceeding (InProceedingId, Title, Pages, Url, ProceedingId) VALUES (990, 'Broadband Communications Services and the applications they support.', '63-75', NULL, 33);
INSERT INTO RelationPersonInProceeding (PersonId, InProceedingId) VALUES (1598, 990);
INSERT INTO InProceeding (InProceedingId, Title, Pages, Url, ProceedingId) VALUES (991, 'IN based End-User Service Management for Advanced UPT.', '193-201', NULL, 34);
INSERT INTO Person (PersonId, Name) VALUES (1689, 'Carmelita Grg');
INSERT INTO RelationPersonInProceeding (PersonId, InProceedingId) VALUES (1689, 991);
INSERT INTO Person (PersonId, Name) VALUES (1690, 'Martin Guntermann');
INSERT INTO RelationPersonInProceeding (PersonId, InProceedingId) VALUES (1690, 991);
INSERT INTO Person (PersonId, Name) VALUES (1691, 'Stephan Kleier');
INSERT INTO RelationPersonInProceeding (PersonId, InProceedingId) VALUES (1691, 991);
INSERT INTO Person (PersonId, Name) VALUES (1692, 'M. Frhlich');
INSERT INTO RelationPersonInProceeding (PersonId, InProceedingId) VALUES (1692, 991);
INSERT INTO InProceeding (InProceedingId, Title, Pages, Url, ProceedingId) VALUES (992, 'The Impact of IBC on Non Destructive Testing in the Industrial Quality Assurance Process.', '387-388', NULL, 34);
INSERT INTO Person (PersonId, Name) VALUES (1693, 'Reiner Kstner');
INSERT INTO RelationPersonInProceeding (PersonId, InProceedingId) VALUES (1693, 992);
INSERT INTO InProceeding (InProceedingId, Title, Pages, Url, ProceedingId) VALUES (993, 'String Mode - A Protocol for Interconnection of High Speed ATM Networks.', '49-58', NULL, 34);
INSERT INTO Person (PersonId, Name) VALUES (1694, 'Stik Myken');
INSERT INTO RelationPersonInProceeding (PersonId, InProceedingId) VALUES (1694, 993);
INSERT INTO InProceeding (InProceedingId, Title, Pages, Url, ProceedingId) VALUES (994, 'A Multimedia Document Architecture and Rendering Synchronization Scheme.', '105-115', NULL, 33);
INSERT INTO RelationPersonInProceeding (PersonId, InProceedingId) VALUES (1615, 994);
INSERT INTO Person (PersonId, Name) VALUES (1695, 'J. Emery');
INSERT INTO RelationPersonInProceeding (PersonId, InProceedingId) VALUES (1695, 994);
INSERT INTO InProceeding (InProceedingId, Title, Pages, Url, ProceedingId) VALUES (995, 'A Group Communication Framework.', '167-178', NULL, 34);
INSERT INTO Person (PersonId, Name) VALUES (1696, 'Olivier Bonaventure');
INSERT INTO RelationPersonInProceeding (PersonId, InProceedingId) VALUES (1696, 995);
INSERT INTO Person (PersonId, Name) VALUES (1697, 'Laurent Mathy');
INSERT INTO RelationPersonInProceeding (PersonId, InProceedingId) VALUES (1697, 995);
INSERT INTO Person (PersonId, Name) VALUES (1698, 'Guy Leduc');
INSERT INTO RelationPersonInProceeding (PersonId, InProceedingId) VALUES (1698, 995);
INSERT INTO Person (PersonId, Name) VALUES (1699, 'Andr A. S. Danthine');
INSERT INTO RelationPersonInProceeding (PersonId, InProceedingId) VALUES (1699, 995);
INSERT INTO InProceeding (InProceedingId, Title, Pages, Url, ProceedingId) VALUES (996, 'Preface.', NULL, NULL, NULL);
INSERT INTO InProceeding (InProceedingId, Title, Pages, Url, ProceedingId) VALUES (997, 'Preface.', NULL, NULL, NULL);
INSERT INTO InProceeding (InProceedingId, Title, Pages, Url, ProceedingId) VALUES (998, 'Chairs.', NULL, NULL, NULL);
INSERT INTO InProceeding (InProceedingId, Title, Pages, Url, ProceedingId) VALUES (999, 'Program Committee and Auxiliary Reviewers.', NULL, NULL, NULL);
INSERT INTO InProceeding (InProceedingId, Title, Pages, Url, ProceedingId) VALUES (1000, 'Conference Committee.', NULL, NULL, NULL);
INSERT INTO InProceeding (InProceedingId, Title, Pages, Url, ProceedingId) VALUES (1001, 'Program Committee.', NULL, NULL, NULL);
INSERT INTO InProceeding (InProceedingId, Title, Pages, Url, ProceedingId) VALUES (1002, 'GASP: From Modular Programming to Distributed Execution.', '79-87', NULL, NULL);
INSERT INTO Person (PersonId, Name) VALUES (1700, 'R. Kulpa');
INSERT INTO RelationPersonInProceeding (PersonId, InProceedingId) VALUES (1700, 1002);
INSERT INTO Person (PersonId, Name) VALUES (1701, 'Thierry Duval');
INSERT INTO RelationPersonInProceeding (PersonId, InProceedingId) VALUES (1701, 1002);
INSERT INTO Person (PersonId, Name) VALUES (1702, 'Stphane Donikian');
INSERT INTO RelationPersonInProceeding (PersonId, InProceedingId) VALUES (1702, 1002);
INSERT INTO Person (PersonId, Name) VALUES (1703, 'A. Chauffaut');
INSERT INTO RelationPersonInProceeding (PersonId, InProceedingId) VALUES (1703, 1002);
INSERT INTO InProceeding (InProceedingId, Title, Pages, Url, ProceedingId) VALUES (1003, 'Computer Animation: Algorithms and Techniques - A Historical Review.', '86-', NULL, NULL);
INSERT INTO Person (PersonId, Name) VALUES (1704, 'Richard E. Parent');
INSERT INTO RelationPersonInProceeding (PersonId, InProceedingId) VALUES (1704, 1003);
INSERT INTO InProceeding (InProceedingId, Title, Pages, Url, ProceedingId) VALUES (1004, 'Skeleton-based Motion Capture for Robust Reconstruction of Human Motion.', '77-', NULL, NULL);
INSERT INTO Person (PersonId, Name) VALUES (1705, 'L. Herda');
INSERT INTO RelationPersonInProceeding (PersonId, InProceedingId) VALUES (1705, 1004);
INSERT INTO Person (PersonId, Name) VALUES (1706, 'Daniel Thalmann');
INSERT INTO RelationPersonInProceeding (PersonId, InProceedingId) VALUES (1706, 1004);
INSERT INTO Person (PersonId, Name) VALUES (1707, 'Ronan Boulic');
INSERT INTO RelationPersonInProceeding (PersonId, InProceedingId) VALUES (1707, 1004);
INSERT INTO Person (PersonId, Name) VALUES (1708, 'Ralf Plnkers');
INSERT INTO RelationPersonInProceeding (PersonId, InProceedingId) VALUES (1708, 1004);
INSERT INTO Person (PersonId, Name) VALUES (1709, 'Pascal Fua');
INSERT INTO RelationPersonInProceeding (PersonId, InProceedingId) VALUES (1709, 1004);
INSERT INTO InProceeding (InProceedingId, Title, Pages, Url, ProceedingId) VALUES (1005, 'Emotionally Expressive Agents.', '48-57', NULL, NULL);
INSERT INTO Person (PersonId, Name) VALUES (1710, 'Donald H. House');
INSERT INTO RelationPersonInProceeding (PersonId, InProceedingId) VALUES (1710, 1005);
INSERT INTO Person (PersonId, Name) VALUES (1711, 'Frederic I. Parke');
INSERT INTO RelationPersonInProceeding (PersonId, InProceedingId) VALUES (1711, 1005);
INSERT INTO Person (PersonId, Name) VALUES (1712, 'Magy Seif El-Nasr');
INSERT INTO RelationPersonInProceeding (PersonId, InProceedingId) VALUES (1712, 1005);
INSERT INTO Person (PersonId, Name) VALUES (1713, 'Thomas R. Ioerger');
INSERT INTO RelationPersonInProceeding (PersonId, InProceedingId) VALUES (1713, 1005);
INSERT INTO Person (PersonId, Name) VALUES (1714, 'John Yen');
INSERT INTO RelationPersonInProceeding (PersonId, InProceedingId) VALUES (1714, 1005);
INSERT INTO InProceeding (InProceedingId, Title, Pages, Url, ProceedingId) VALUES (1006, 'Fast Synthetic Vision, Memory, and Learning Models for Virtual Humans.', '118-127', NULL, NULL);
INSERT INTO Person (PersonId, Name) VALUES (1715, 'Jean-Claude Latombe');
INSERT INTO RelationPersonInProceeding (PersonId, InProceedingId) VALUES (1715, 1006);
INSERT INTO Person (PersonId, Name) VALUES (1716, 'James J. Kuffner Jr.');
INSERT INTO RelationPersonInProceeding (PersonId, InProceedingId) VALUES (1716, 1006);
INSERT INTO InProceeding (InProceedingId, Title, Pages, Url, ProceedingId) VALUES (1007, 'Group Interaction in a Surround Screen Environment.', '92-98', NULL, NULL);
INSERT INTO Person (PersonId, Name) VALUES (1717, 'Daniel Schwabe');
INSERT INTO RelationPersonInProceeding (PersonId, InProceedingId) VALUES (1717, 1007);
INSERT INTO Person (PersonId, Name) VALUES (1718, 'Michael Hoch');
INSERT INTO RelationPersonInProceeding (PersonId, InProceedingId) VALUES (1718, 1007);
INSERT INTO InProceeding (InProceedingId, Title, Pages, Url, ProceedingId) VALUES (1008, 'Fast, Fully-Automated Generation of Control Skeletons for Use in Animation.', '164-169', NULL, NULL);
INSERT INTO RelationPersonInProceeding (PersonId, InProceedingId) VALUES (1704, 1008);
INSERT INTO Person (PersonId, Name) VALUES (1719, 'Lawson Wade');
INSERT INTO RelationPersonInProceeding (PersonId, InProceedingId) VALUES (1719, 1008);
INSERT INTO InProceeding (InProceedingId, Title, Pages, Url, ProceedingId) VALUES (1009, 'A Hybrid Elastic Model Allowing Real-Time Cutting, Deformations and Force-Feedback for Surgery Training and Simulation.', '70-81', NULL, NULL);
INSERT INTO Person (PersonId, Name) VALUES (1720, 'Stephane Cotin');
INSERT INTO RelationPersonInProceeding (PersonId, InProceedingId) VALUES (1720, 1009);
INSERT INTO Person (PersonId, Name) VALUES (1721, 'Herve Delingette');
INSERT INTO RelationPersonInProceeding (PersonId, InProceedingId) VALUES (1721, 1009);
INSERT INTO Person (PersonId, Name) VALUES (1722, 'Nicholas Ayache');
INSERT INTO RelationPersonInProceeding (PersonId, InProceedingId) VALUES (1722, 1009);
INSERT INTO InProceeding (InProceedingId, Title, Pages, Url, ProceedingId) VALUES (1010, 'Vision-Based Animation of Digital Humans.', '144-', NULL, NULL);
INSERT INTO Person (PersonId, Name) VALUES (1723, 'Dimitris N. Metaxas');
INSERT INTO RelationPersonInProceeding (PersonId, InProceedingId) VALUES (1723, 1010);
INSERT INTO Person (PersonId, Name) VALUES (1724, 'Ioannis A. Kakadiaris');
INSERT INTO RelationPersonInProceeding (PersonId, InProceedingId) VALUES (1724, 1010);
INSERT INTO InProceeding (InProceedingId, Title, Pages, Url, ProceedingId) VALUES (1011, 'Recursive Dynamics and Optimal Control Techniques for Human Motion Planning.', '220-', NULL, NULL);
INSERT INTO RelationPersonInProceeding (PersonId, InProceedingId) VALUES (1723, 1011);
INSERT INTO Person (PersonId, Name) VALUES (1725, 'Janzen Lo');
INSERT INTO RelationPersonInProceeding (PersonId, InProceedingId) VALUES (1725, 1011);
INSERT INTO InProceeding (InProceedingId, Title, Pages, Url, ProceedingId) VALUES (1012, 'Technical Issues on Simulating Impulse and Friction in Three Dimensional Rigid Body Dynamics.', '170-176', NULL, NULL);
INSERT INTO Person (PersonId, Name) VALUES (1726, 'Fumihiko Kimura');
INSERT INTO RelationPersonInProceeding (PersonId, InProceedingId) VALUES (1726, 1012);
INSERT INTO Person (PersonId, Name) VALUES (1727, 'Hiromasa Suzuki');
INSERT INTO RelationPersonInProceeding (PersonId, InProceedingId) VALUES (1727, 1012);
INSERT INTO Person (PersonId, Name) VALUES (1728, 'Katsuaki Kawachi');
INSERT INTO RelationPersonInProceeding (PersonId, InProceedingId) VALUES (1728, 1012);
INSERT INTO InProceeding (InProceedingId, Title, Pages, Url, ProceedingId) VALUES (1013, 'Human Motion Coordination: Example of a Juggler.', '148-159', NULL, NULL);
INSERT INTO Person (PersonId, Name) VALUES (1729, 'Franck Multon');
INSERT INTO RelationPersonInProceeding (PersonId, InProceedingId) VALUES (1729, 1013);
INSERT INTO Person (PersonId, Name) VALUES (1730, 'Bruno Arnaldi');
INSERT INTO RelationPersonInProceeding (PersonId, InProceedingId) VALUES (1730, 1013);
INSERT INTO InProceeding (InProceedingId, Title, Pages, Url, ProceedingId) VALUES (1014, 'Algorithms for Generating Motion Trajectories Described by Prepositions.', '30-35', NULL, NULL);
INSERT INTO Person (PersonId, Name) VALUES (1731, 'Yilun Dianna Xu');
INSERT INTO RelationPersonInProceeding (PersonId, InProceedingId) VALUES (1731, 1014);
INSERT INTO Person (PersonId, Name) VALUES (1732, 'Norman I. Badler');
INSERT INTO RelationPersonInProceeding (PersonId, InProceedingId) VALUES (1732, 1014);
INSERT INTO InProceeding (InProceedingId, Title, Pages, Url, ProceedingId) VALUES (1015, 'Synthetic Motion Capture for Interactive Virtual Worlds.', '2-10', NULL, NULL);
INSERT INTO Person (PersonId, Name) VALUES (1733, 'Demetri Terzopoulos');
INSERT INTO RelationPersonInProceeding (PersonId, InProceedingId) VALUES (1733, 1015);
INSERT INTO Person (PersonId, Name) VALUES (1734, 'Qinxin Yu');
INSERT INTO RelationPersonInProceeding (PersonId, InProceedingId) VALUES (1734, 1015);
INSERT INTO InProceeding (InProceedingId, Title, Pages, Url, ProceedingId) VALUES (1016, 'MikeTalk: A Talking Facial Display Based on Morphing Visemes.', '96-102', NULL, NULL);
INSERT INTO Person (PersonId, Name) VALUES (1735, 'Tony Ezzat');
INSERT INTO RelationPersonInProceeding (PersonId, InProceedingId) VALUES (1735, 1016);
INSERT INTO Person (PersonId, Name) VALUES (1736, 'Tomaso Poggio');
INSERT INTO RelationPersonInProceeding (PersonId, InProceedingId) VALUES (1736, 1016);
INSERT INTO InProceeding (InProceedingId, Title, Pages, Url, ProceedingId) VALUES (1017, 'A Thin Shell Volume for Modeling Human Hair.', '104-111', NULL, NULL);
INSERT INTO Person (PersonId, Name) VALUES (1737, 'Tae-Yong Kim');
INSERT INTO RelationPersonInProceeding (PersonId, InProceedingId) VALUES (1737, 1017);
INSERT INTO Person (PersonId, Name) VALUES (1738, 'Ulrich Neumann');
INSERT INTO RelationPersonInProceeding (PersonId, InProceedingId) VALUES (1738, 1017);
INSERT INTO InProceeding (InProceedingId, Title, Pages, Url, ProceedingId) VALUES (1018, 'Modeling and Deformation of the Human Body using an Anatomically-Based Approach.', '34-40', NULL, NULL);
INSERT INTO RelationPersonInProceeding (PersonId, InProceedingId) VALUES (1706, 1018);
INSERT INTO Person (PersonId, Name) VALUES (1739, 'Luciana Porcher Nedel');
INSERT INTO RelationPersonInProceeding (PersonId, InProceedingId) VALUES (1739, 1018);
INSERT INTO InProceeding (InProceedingId, Title, Pages, Url, ProceedingId) VALUES (1019, 'Efficient Network Transmission of Virtual Human Bodies.', '41-48', NULL, NULL);
INSERT INTO RelationPersonInProceeding (PersonId, InProceedingId) VALUES (1706, 1019);
INSERT INTO Person (PersonId, Name) VALUES (1740, 'Maja Jovovic');
INSERT INTO RelationPersonInProceeding (PersonId, InProceedingId) VALUES (1740, 1019);
INSERT INTO Person (PersonId, Name) VALUES (1741, 'Joaquim Esmerado');
INSERT INTO RelationPersonInProceeding (PersonId, InProceedingId) VALUES (1741, 1019);
INSERT INTO Person (PersonId, Name) VALUES (1742, 'Tolga K. Capin');
INSERT INTO RelationPersonInProceeding (PersonId, InProceedingId) VALUES (1742, 1019);
INSERT INTO Person (PersonId, Name) VALUES (1743, 'Amaury Aubel');
INSERT INTO RelationPersonInProceeding (PersonId, InProceedingId) VALUES (1743, 1019);
INSERT INTO InProceeding (InProceedingId, Title, Pages, Url, ProceedingId) VALUES (1020, 'Layered Animation using Displacement Maps.', '146-', NULL, NULL);
INSERT INTO Person (PersonId, Name) VALUES (1744, 'Wei Sun');
INSERT INTO RelationPersonInProceeding (PersonId, InProceedingId) VALUES (1744, 1020);
INSERT INTO Person (PersonId, Name) VALUES (1745, 'Adrian Hilton');
INSERT INTO RelationPersonInProceeding (PersonId, InProceedingId) VALUES (1745, 1020);
INSERT INTO Person (PersonId, Name) VALUES (1746, 'Raymond Smith');
INSERT INTO RelationPersonInProceeding (PersonId, InProceedingId) VALUES (1746, 1020);
INSERT INTO Person (PersonId, Name) VALUES (1747, 'John Illingworth');
INSERT INTO RelationPersonInProceeding (PersonId, InProceedingId) VALUES (1747, 1020);
INSERT INTO InProceeding (InProceedingId, Title, Pages, Url, ProceedingId) VALUES (1021, 'Animation of Human Walking in Virtual Environments.', '4-15', NULL, NULL);
INSERT INTO Person (PersonId, Name) VALUES (1748, 'James K. Hahn');
INSERT INTO RelationPersonInProceeding (PersonId, InProceedingId) VALUES (1748, 1021);
INSERT INTO Person (PersonId, Name) VALUES (1749, 'Shih-kai Chung');
INSERT INTO RelationPersonInProceeding (PersonId, InProceedingId) VALUES (1749, 1021);
INSERT INTO InProceeding (InProceedingId, Title, Pages, Url, ProceedingId) VALUES (1022, 'Towards an Architecture for Artificial Animated Creatures.', '170-175', NULL, NULL);
INSERT INTO Person (PersonId, Name) VALUES (1750, 'Ricardo C. Farias');
INSERT INTO RelationPersonInProceeding (PersonId, InProceedingId) VALUES (1750, 1022);
INSERT INTO Person (PersonId, Name) VALUES (1751, 'Roderic A. Grupen');
INSERT INTO RelationPersonInProceeding (PersonId, InProceedingId) VALUES (1751, 1022);
INSERT INTO Person (PersonId, Name) VALUES (1752, 'Luiz-Marcos Garcia');
INSERT INTO RelationPersonInProceeding (PersonId, InProceedingId) VALUES (1752, 1022);
INSERT INTO Person (PersonId, Name) VALUES (1753, 'Fernando Wagner da Silva');
INSERT INTO RelationPersonInProceeding (PersonId, InProceedingId) VALUES (1753, 1022);
INSERT INTO InProceeding (InProceedingId, Title, Pages, Url, ProceedingId) VALUES (1023, 'Avatars  la Snow Crash.', '19-24', NULL, NULL);
INSERT INTO Person (PersonId, Name) VALUES (1754, 'Jan M. Allbeck');
INSERT INTO RelationPersonInProceeding (PersonId, InProceedingId) VALUES (1754, 1023);
INSERT INTO RelationPersonInProceeding (PersonId, InProceedingId) VALUES (1732, 1023);
INSERT INTO InProceeding (InProceedingId, Title, Pages, Url, ProceedingId) VALUES (1024, 'Realistic Speech Animation of Synthetic Faces.', '111-118', NULL, NULL);
INSERT INTO Person (PersonId, Name) VALUES (1755, 'Blent zg');
INSERT INTO RelationPersonInProceeding (PersonId, InProceedingId) VALUES (1755, 1024);
INSERT INTO Person (PersonId, Name) VALUES (1756, 'Ugur Gdkbay');
INSERT INTO RelationPersonInProceeding (PersonId, InProceedingId) VALUES (1756, 1024);
INSERT INTO Person (PersonId, Name) VALUES (1757, 'B. Uz');
INSERT INTO RelationPersonInProceeding (PersonId, InProceedingId) VALUES (1757, 1024);
INSERT INTO InProceeding (InProceedingId, Title, Pages, Url, ProceedingId) VALUES (1025, 'Skin Aging Estimation by Facial Simulation.', '210-', NULL, NULL);
INSERT INTO Person (PersonId, Name) VALUES (1758, 'Nadia Magnenat-Thalmann');
INSERT INTO RelationPersonInProceeding (PersonId, InProceedingId) VALUES (1758, 1025);
INSERT INTO Person (PersonId, Name) VALUES (1759, 'Yin Wu');
INSERT INTO RelationPersonInProceeding (PersonId, InProceedingId) VALUES (1759, 1025);
INSERT INTO Person (PersonId, Name) VALUES (1760, 'Pierre Beylot');
INSERT INTO RelationPersonInProceeding (PersonId, InProceedingId) VALUES (1760, 1025);
INSERT INTO InProceeding (InProceedingId, Title, Pages, Url, ProceedingId) VALUES (1026, 'Realistic Articulated Character Positioning and Balance Control in Interactive Environments.', '160-', NULL, NULL);
INSERT INTO Person (PersonId, Name) VALUES (1761, 'Masayuki Nakajima');
INSERT INTO RelationPersonInProceeding (PersonId, InProceedingId) VALUES (1761, 1026);
INSERT INTO Person (PersonId, Name) VALUES (1762, 'Yahya Aydin');
INSERT INTO RelationPersonInProceeding (PersonId, InProceedingId) VALUES (1762, 1026);
INSERT INTO InProceeding (InProceedingId, Title, Pages, Url, ProceedingId) VALUES (1027, 'Feature-based Surface Decomposition for Correspondence and Morphing Between Polyhedra.', '64-71', NULL, NULL);
INSERT INTO Person (PersonId, Name) VALUES (1763, 'Andrei State');
INSERT INTO RelationPersonInProceeding (PersonId, InProceedingId) VALUES (1763, 1027);
INSERT INTO Person (PersonId, Name) VALUES (1764, 'Dinesh Manocha');
INSERT INTO RelationPersonInProceeding (PersonId, InProceedingId) VALUES (1764, 1027);
INSERT INTO Person (PersonId, Name) VALUES (1765, 'Mark A. Livingston');
INSERT INTO RelationPersonInProceeding (PersonId, InProceedingId) VALUES (1765, 1027);
INSERT INTO Person (PersonId, Name) VALUES (1766, 'Arthur D. Gregory');
INSERT INTO RelationPersonInProceeding (PersonId, InProceedingId) VALUES (1766, 1027);
INSERT INTO Person (PersonId, Name) VALUES (1767, 'Ming C. Lin');
INSERT INTO RelationPersonInProceeding (PersonId, InProceedingId) VALUES (1767, 1027);
INSERT INTO InProceeding (InProceedingId, Title, Pages, Url, ProceedingId) VALUES (1028, 'Virtual People: Capturing Human Models to Populate Virtual Worlds.', '174-185', NULL, NULL);
INSERT INTO RelationPersonInProceeding (PersonId, InProceedingId) VALUES (1744, 1028);
INSERT INTO Person (PersonId, Name) VALUES (1768, 'Thomas Gentils');
INSERT INTO RelationPersonInProceeding (PersonId, InProceedingId) VALUES (1768, 1028);
INSERT INTO RelationPersonInProceeding (PersonId, InProceedingId) VALUES (1746, 1028);
INSERT INTO RelationPersonInProceeding (PersonId, InProceedingId) VALUES (1745, 1028);
INSERT INTO Person (PersonId, Name) VALUES (1769, 'Daniel Beresford');
INSERT INTO RelationPersonInProceeding (PersonId, InProceedingId) VALUES (1769, 1028);
INSERT INTO InProceeding (InProceedingId, Title, Pages, Url, ProceedingId) VALUES (1029, 'Dynamic Sculpting and Animation of Free-form Subdivision Solids.', '126-133', NULL, NULL);
INSERT INTO Person (PersonId, Name) VALUES (1770, 'Hong Qin');
INSERT INTO RelationPersonInProceeding (PersonId, InProceedingId) VALUES (1770, 1029);
INSERT INTO Person (PersonId, Name) VALUES (1771, 'Kevin T. McDonnell');
INSERT INTO RelationPersonInProceeding (PersonId, InProceedingId) VALUES (1771, 1029);
INSERT INTO InProceeding (InProceedingId, Title, Pages, Url, ProceedingId) VALUES (1030, 'An Integrated Approach towards the Representation, Manipulation and Reuse of Pre-Recorded Motion.', '56-61', NULL, NULL);
INSERT INTO Person (PersonId, Name) VALUES (1772, 'Sandra Sudarsky');
INSERT INTO RelationPersonInProceeding (PersonId, InProceedingId) VALUES (1772, 1030);
INSERT INTO RelationPersonInProceeding (PersonId, InProceedingId) VALUES (1710, 1030);
INSERT INTO InProceeding (InProceedingId, Title, Pages, Url, ProceedingId) VALUES (1031, 'High Level Specification and Control of Communication Gestures: The GESSYCA System.', '24-', NULL, NULL);
INSERT INTO Person (PersonId, Name) VALUES (1773, 'Thierry Lebourque');
INSERT INTO RelationPersonInProceeding (PersonId, InProceedingId) VALUES (1773, 1031);
INSERT INTO Person (PersonId, Name) VALUES (1774, 'Sylvie Gibet');
INSERT INTO RelationPersonInProceeding (PersonId, InProceedingId) VALUES (1774, 1031);
INSERT INTO InProceeding (InProceedingId, Title, Pages, Url, ProceedingId) VALUES (1032, 'Simulating 2D Tearing Phenomena for Interactive Medical Surgery Simulators.', '9-14', NULL, NULL);
INSERT INTO Person (PersonId, Name) VALUES (1775, 'Christian Laugier');
INSERT INTO RelationPersonInProceeding (PersonId, InProceedingId) VALUES (1775, 1032);
INSERT INTO Person (PersonId, Name) VALUES (1776, 'Franois Boux de Casson');
INSERT INTO RelationPersonInProceeding (PersonId, InProceedingId) VALUES (1776, 1032);
INSERT INTO InProceeding (InProceedingId, Title, Pages, Url, ProceedingId) VALUES (1033, 'Physically-based Animation of Volumetric Objects.', '154-160', NULL, NULL);
INSERT INTO Person (PersonId, Name) VALUES (1777, 'Yan Chen');
INSERT INTO RelationPersonInProceeding (PersonId, InProceedingId) VALUES (1777, 1033);
INSERT INTO Person (PersonId, Name) VALUES (1778, 'Shigeru Muraki');
INSERT INTO RelationPersonInProceeding (PersonId, InProceedingId) VALUES (1778, 1033);
INSERT INTO Person (PersonId, Name) VALUES (1779, 'Qing-hong Zhu');
INSERT INTO RelationPersonInProceeding (PersonId, InProceedingId) VALUES (1779, 1033);
INSERT INTO Person (PersonId, Name) VALUES (1780, 'Arie E. Kaufman');
INSERT INTO RelationPersonInProceeding (PersonId, InProceedingId) VALUES (1780, 1033);
INSERT INTO InProceeding (InProceedingId, Title, Pages, Url, ProceedingId) VALUES (1034, 'Interactive Animation of Soft Shadows.', '88-', NULL, NULL);
INSERT INTO Person (PersonId, Name) VALUES (1781, 'Adam D. Worrall');
INSERT INTO RelationPersonInProceeding (PersonId, InProceedingId) VALUES (1781, 1034);
INSERT INTO Person (PersonId, Name) VALUES (1782, 'Derek J. Paddon');
INSERT INTO RelationPersonInProceeding (PersonId, InProceedingId) VALUES (1782, 1034);
INSERT INTO Person (PersonId, Name) VALUES (1783, 'David Hedley');
INSERT INTO RelationPersonInProceeding (PersonId, InProceedingId) VALUES (1783, 1034);
INSERT INTO InProceeding (InProceedingId, Title, Pages, Url, ProceedingId) VALUES (1035, 'Accurate Collision Response on Polygonal Meshes.', '154-163', NULL, NULL);
INSERT INTO RelationPersonInProceeding (PersonId, InProceedingId) VALUES (1758, 1035);
INSERT INTO Person (PersonId, Name) VALUES (1784, 'Pascal Volino');
INSERT INTO RelationPersonInProceeding (PersonId, InProceedingId) VALUES (1784, 1035);
INSERT INTO InProceeding (InProceedingId, Title, Pages, Url, ProceedingId) VALUES (1036, 'The SPHERIGON: A Simple Polygon Patch for Smoothing Quickly Your Polygonal Meshes.', '72-78', NULL, NULL);
INSERT INTO RelationPersonInProceeding (PersonId, InProceedingId) VALUES (1758, 1036);
INSERT INTO RelationPersonInProceeding (PersonId, InProceedingId) VALUES (1784, 1036);
INSERT INTO InProceeding (InProceedingId, Title, Pages, Url, ProceedingId) VALUES (1037, 'Dynamic Autonomous Agents: Game Applications.', '25-', NULL, NULL);
INSERT INTO RelationPersonInProceeding (PersonId, InProceedingId) VALUES (1723, 1037);
INSERT INTO Person (PersonId, Name) VALUES (1785, 'Siome Goldenstein');
INSERT INTO RelationPersonInProceeding (PersonId, InProceedingId) VALUES (1785, 1037);
INSERT INTO Person (PersonId, Name) VALUES (1786, 'Edward W. Large');
INSERT INTO RelationPersonInProceeding (PersonId, InProceedingId) VALUES (1786, 1037);
INSERT INTO InProceeding (InProceedingId, Title, Pages, Url, ProceedingId) VALUES (1038, 'Integrated System for Skin Deformation.', '2-8', NULL, NULL);
INSERT INTO RelationPersonInProceeding (PersonId, InProceedingId) VALUES (1758, 1038);
INSERT INTO Person (PersonId, Name) VALUES (1787, 'Frederic Cordier');
INSERT INTO RelationPersonInProceeding (PersonId, InProceedingId) VALUES (1787, 1038);
INSERT INTO InProceeding (InProceedingId, Title, Pages, Url, ProceedingId) VALUES (1039, 'A Compositional, Constraint-based Model of Statics.', '177-184', NULL, NULL);
INSERT INTO Person (PersonId, Name) VALUES (1788, 'N. Loofbourrow');
INSERT INTO RelationPersonInProceeding (PersonId, InProceedingId) VALUES (1788, 1039);
INSERT INTO InProceeding (InProceedingId, Title, Pages, Url, ProceedingId) VALUES (1040, 'Volume Sculpting and Keyframe Animation System.', '134-139', NULL, NULL);
INSERT INTO Person (PersonId, Name) VALUES (1789, 'M. Manivannan');
INSERT INTO RelationPersonInProceeding (PersonId, InProceedingId) VALUES (1789, 1040);
INSERT INTO Person (PersonId, Name) VALUES (1790, 'N. Mahesh');
INSERT INTO RelationPersonInProceeding (PersonId, InProceedingId) VALUES (1790, 1040);
INSERT INTO Person (PersonId, Name) VALUES (1791, 'Swami Manohar');
INSERT INTO RelationPersonInProceeding (PersonId, InProceedingId) VALUES (1791, 1040);
INSERT INTO Person (PersonId, Name) VALUES (1792, 'V. Chandru');
INSERT INTO RelationPersonInProceeding (PersonId, InProceedingId) VALUES (1792, 1040);
INSERT INTO InProceeding (InProceedingId, Title, Pages, Url, ProceedingId) VALUES (1041, 'Visible Volume Buffer for Efficient Hair Expression and Shadow Generation.', '58-', NULL, NULL);
INSERT INTO RelationPersonInProceeding (PersonId, InProceedingId) VALUES (1761, 1041);
INSERT INTO Person (PersonId, Name) VALUES (1793, 'Waiming Kong');
INSERT INTO RelationPersonInProceeding (PersonId, InProceedingId) VALUES (1793, 1041);
INSERT INTO InProceeding (InProceedingId, Title, Pages, Url, ProceedingId) VALUES (1042, 'Planning and Motion Control in Lifelike Gesture: A Refined Approach.', '92-97', NULL, NULL);
INSERT INTO Person (PersonId, Name) VALUES (1794, 'Ipke Wachsmuth');
INSERT INTO RelationPersonInProceeding (PersonId, InProceedingId) VALUES (1794, 1042);
INSERT INTO Person (PersonId, Name) VALUES (1795, 'Stefan Kopp');
INSERT INTO RelationPersonInProceeding (PersonId, InProceedingId) VALUES (1795, 1042);
INSERT INTO InProceeding (InProceedingId, Title, Pages, Url, ProceedingId) VALUES (1043, 'Animation of Synthetic Faces in MPEG-4.', '49-55', NULL, NULL);
INSERT INTO Person (PersonId, Name) VALUES (1796, 'Jrn Ostermann');
INSERT INTO RelationPersonInProceeding (PersonId, InProceedingId) VALUES (1796, 1043);
INSERT INTO InProceeding (InProceedingId, Title, Pages, Url, ProceedingId) VALUES (1044, 'Automatically Generating Virtual Guided Tours.', '99-106', NULL, NULL);
INSERT INTO Person (PersonId, Name) VALUES (1797, 'Jyh-Ming Lien');
INSERT INTO RelationPersonInProceeding (PersonId, InProceedingId) VALUES (1797, 1044);
INSERT INTO Person (PersonId, Name) VALUES (1798, 'Tzong-Hann Yu');
INSERT INTO RelationPersonInProceeding (PersonId, InProceedingId) VALUES (1798, 1044);
INSERT INTO Person (PersonId, Name) VALUES (1799, 'Shih-Yen Chiu');
INSERT INTO RelationPersonInProceeding (PersonId, InProceedingId) VALUES (1799, 1044);
INSERT INTO Person (PersonId, Name) VALUES (1800, 'Tsai-Yen Li');
INSERT INTO RelationPersonInProceeding (PersonId, InProceedingId) VALUES (1800, 1044);
INSERT INTO InProceeding (InProceedingId, Title, Pages, Url, ProceedingId) VALUES (1045, 'Sensor Fusion for Motion Capture System based on System Identification.', '71-76', NULL, NULL);
INSERT INTO Person (PersonId, Name) VALUES (1801, 'Il-Kwon Jeong');
INSERT INTO RelationPersonInProceeding (PersonId, InProceedingId) VALUES (1801, 1045);
INSERT INTO Person (PersonId, Name) VALUES (1802, 'KwangYun Wohn');
INSERT INTO RelationPersonInProceeding (PersonId, InProceedingId) VALUES (1802, 1045);
INSERT INTO Person (PersonId, Name) VALUES (1803, 'ChanJong Park');
INSERT INTO RelationPersonInProceeding (PersonId, InProceedingId) VALUES (1803, 1045);
INSERT INTO Person (PersonId, Name) VALUES (1804, 'Hyeong-Kyo Kim');
INSERT INTO RelationPersonInProceeding (PersonId, InProceedingId) VALUES (1804, 1045);
INSERT INTO InProceeding (InProceedingId, Title, Pages, Url, ProceedingId) VALUES (1046, 'Space-Time and Higher Dimensional Modeling for Animation.', '140-145', NULL, NULL);
INSERT INTO Person (PersonId, Name) VALUES (1805, 'Valery Adzhiev');
INSERT INTO RelationPersonInProceeding (PersonId, InProceedingId) VALUES (1805, 1046);
INSERT INTO Person (PersonId, Name) VALUES (1806, 'Alexander A. Pasko');
INSERT INTO RelationPersonInProceeding (PersonId, InProceedingId) VALUES (1806, 1046);
INSERT INTO Person (PersonId, Name) VALUES (1807, 'Eric Fausett');
INSERT INTO RelationPersonInProceeding (PersonId, InProceedingId) VALUES (1807, 1046);
INSERT INTO InProceeding (InProceedingId, Title, Pages, Url, ProceedingId) VALUES (1047, 'High-Degree Temporal Antialiasing.', '49-', NULL, NULL);
INSERT INTO Person (PersonId, Name) VALUES (1808, 'Frank Dachille');
INSERT INTO RelationPersonInProceeding (PersonId, InProceedingId) VALUES (1808, 1047);
INSERT INTO RelationPersonInProceeding (PersonId, InProceedingId) VALUES (1780, 1047);
INSERT INTO InProceeding (InProceedingId, Title, Pages, Url, ProceedingId) VALUES (1048, 'Real-Time Facial Animation based upon a Bank of 3D Facial Expressions.', '128-136', NULL, NULL);
INSERT INTO Person (PersonId, Name) VALUES (1809, 'C. Kouadio');
INSERT INTO RelationPersonInProceeding (PersonId, InProceedingId) VALUES (1809, 1048);
INSERT INTO Person (PersonId, Name) VALUES (1810, 'Pierre Poulin');
INSERT INTO RelationPersonInProceeding (PersonId, InProceedingId) VALUES (1810, 1048);
INSERT INTO Person (PersonId, Name) VALUES (1811, 'P. Lachapelle');
INSERT INTO RelationPersonInProceeding (PersonId, InProceedingId) VALUES (1811, 1048);
INSERT INTO InProceeding (InProceedingId, Title, Pages, Url, ProceedingId) VALUES (1049, 'Moving Finite Elements for Simulating Creasing Phenomena of Nearly Unstretchable Sheet Materials.', '21-', NULL, NULL);
INSERT INTO Person (PersonId, Name) VALUES (1812, 'Hironobu Gotoda');
INSERT INTO RelationPersonInProceeding (PersonId, InProceedingId) VALUES (1812, 1049);
INSERT INTO InProceeding (InProceedingId, Title, Pages, Url, ProceedingId) VALUES (1050, 'Virtual Humans Animation in Informed Urban Environments.', '112-', NULL, NULL);
INSERT INTO RelationPersonInProceeding (PersonId, InProceedingId) VALUES (1702, 1050);
INSERT INTO Person (PersonId, Name) VALUES (1813, 'Gwenola Thomas');
INSERT INTO RelationPersonInProceeding (PersonId, InProceedingId) VALUES (1813, 1050);
INSERT INTO InProceeding (InProceedingId, Title, Pages, Url, ProceedingId) VALUES (1051, 'Motion Processing using Variable Harmonic Components.', '62-70', NULL, NULL);
INSERT INTO RelationPersonInProceeding (PersonId, InProceedingId) VALUES (1785, 1051);
INSERT INTO Person (PersonId, Name) VALUES (1814, 'Jonas Gomes');
INSERT INTO RelationPersonInProceeding (PersonId, InProceedingId) VALUES (1814, 1051);
INSERT INTO RelationPersonInProceeding (PersonId, InProceedingId) VALUES (1753, 1051);
INSERT INTO Person (PersonId, Name) VALUES (1815, 'Luiz Velho');
INSERT INTO RelationPersonInProceeding (PersonId, InProceedingId) VALUES (1815, 1051);
INSERT INTO InProceeding (InProceedingId, Title, Pages, Url, ProceedingId) VALUES (1052, 'A Behavioral Interface to Simulate Agent-Object Interactions in Real-Time.', '138-', NULL, NULL);
INSERT INTO Person (PersonId, Name) VALUES (1816, 'Marcelo Kallmann');
INSERT INTO RelationPersonInProceeding (PersonId, InProceedingId) VALUES (1816, 1052);
INSERT INTO RelationPersonInProceeding (PersonId, InProceedingId) VALUES (1706, 1052);
INSERT INTO InProceeding (InProceedingId, Title, Pages, Url, ProceedingId) VALUES (1053, 'An Interactive Generalized Motion Simulator (GMS) in an Object-Oriented Framework.', '176-', NULL, NULL);
INSERT INTO Person (PersonId, Name) VALUES (1817, 'Kyunghwan Kim');
INSERT INTO RelationPersonInProceeding (PersonId, InProceedingId) VALUES (1817, 1053);
INSERT INTO Person (PersonId, Name) VALUES (1818, 'Wookho Son');
INSERT INTO RelationPersonInProceeding (PersonId, InProceedingId) VALUES (1818, 1053);
INSERT INTO Person (PersonId, Name) VALUES (1819, 'Nancy M. Amato');
INSERT INTO RelationPersonInProceeding (PersonId, InProceedingId) VALUES (1819, 1053);
INSERT INTO InProceeding (InProceedingId, Title, Pages, Url, ProceedingId) VALUES (1054, 'Collaborative Animation over the Network.', '107-', NULL, NULL);
INSERT INTO Person (PersonId, Name) VALUES (1820, 'Gerd Hesina');
INSERT INTO RelationPersonInProceeding (PersonId, InProceedingId) VALUES (1820, 1054);
INSERT INTO Person (PersonId, Name) VALUES (1821, 'Franois Faure');
INSERT INTO RelationPersonInProceeding (PersonId, InProceedingId) VALUES (1821, 1054);
INSERT INTO Person (PersonId, Name) VALUES (1822, 'Chris Faisstnauer');
INSERT INTO RelationPersonInProceeding (PersonId, InProceedingId) VALUES (1822, 1054);
INSERT INTO Person (PersonId, Name) VALUES (1823, 'Frdric Labrosse');
INSERT INTO RelationPersonInProceeding (PersonId, InProceedingId) VALUES (1823, 1054);
INSERT INTO Person (PersonId, Name) VALUES (1824, 'Jean-Dominique Gascuel');
INSERT INTO RelationPersonInProceeding (PersonId, InProceedingId) VALUES (1824, 1054);
INSERT INTO Person (PersonId, Name) VALUES (1825, 'Jean-Christophe Nebel');
INSERT INTO RelationPersonInProceeding (PersonId, InProceedingId) VALUES (1825, 1054);
INSERT INTO RelationPersonInProceeding (PersonId, InProceedingId) VALUES (1743, 1054);
INSERT INTO Person (PersonId, Name) VALUES (1826, 'M. Escher');
INSERT INTO RelationPersonInProceeding (PersonId, InProceedingId) VALUES (1826, 1054);
INSERT INTO InProceeding (InProceedingId, Title, Pages, Url, ProceedingId) VALUES (1055, 'Individual and Group Behaviors for Virtual Humans.', '122-', NULL, NULL);
INSERT INTO RelationPersonInProceeding (PersonId, InProceedingId) VALUES (1706, 1055);
INSERT INTO InProceeding (InProceedingId, Title, Pages, Url, ProceedingId) VALUES (1056, 'A Software System to Carry-out Virtual Experiments on Human Motion.', '16-23', NULL, NULL);
INSERT INTO Person (PersonId, Name) VALUES (1827, 'Jean-Luc Nougaret');
INSERT INTO RelationPersonInProceeding (PersonId, InProceedingId) VALUES (1827, 1056);
INSERT INTO Person (PersonId, Name) VALUES (1828, 'Grard Hgron');
INSERT INTO RelationPersonInProceeding (PersonId, InProceedingId) VALUES (1828, 1056);
INSERT INTO Person (PersonId, Name) VALUES (1829, 'Luc Millet');
INSERT INTO RelationPersonInProceeding (PersonId, InProceedingId) VALUES (1829, 1056);
INSERT INTO RelationPersonInProceeding (PersonId, InProceedingId) VALUES (1729, 1056);
INSERT INTO RelationPersonInProceeding (PersonId, InProceedingId) VALUES (1730, 1056);
INSERT INTO InProceeding (InProceedingId, Title, Pages, Url, ProceedingId) VALUES (1057, 'Animating by Multi-Level Sampling.', '36-42', NULL, NULL);
INSERT INTO Person (PersonId, Name) VALUES (1830, 'Katherine Pullen');
INSERT INTO RelationPersonInProceeding (PersonId, InProceedingId) VALUES (1830, 1057);
INSERT INTO Person (PersonId, Name) VALUES (1831, 'Christoph Bregler');
INSERT INTO RelationPersonInProceeding (PersonId, InProceedingId) VALUES (1831, 1057);
INSERT INTO InProceeding (InProceedingId, Title, Pages, Url, ProceedingId) VALUES (1058, 'Real-Time Intelligent Characters for a Non-Visual Simulation Environment.', '11-18', NULL, NULL);
INSERT INTO Person (PersonId, Name) VALUES (1832, 'Randolph M. Jones');
INSERT INTO RelationPersonInProceeding (PersonId, InProceedingId) VALUES (1832, 1058);
INSERT INTO Person (PersonId, Name) VALUES (1833, 'John E. Laird');
INSERT INTO RelationPersonInProceeding (PersonId, InProceedingId) VALUES (1833, 1058);
INSERT INTO Person (PersonId, Name) VALUES (1834, 'Paul E. Nielsen');
INSERT INTO RelationPersonInProceeding (PersonId, InProceedingId) VALUES (1834, 1058);
INSERT INTO InProceeding (InProceedingId, Title, Pages, Url, ProceedingId) VALUES (1059, 'Interpreting Movement Manner.', '98-103', NULL, NULL);
INSERT INTO Person (PersonId, Name) VALUES (1835, 'Liwei Zhao');
INSERT INTO RelationPersonInProceeding (PersonId, InProceedingId) VALUES (1835, 1059);
INSERT INTO RelationPersonInProceeding (PersonId, InProceedingId) VALUES (1732, 1059);
INSERT INTO Person (PersonId, Name) VALUES (1836, 'Monica Costa');
INSERT INTO RelationPersonInProceeding (PersonId, InProceedingId) VALUES (1836, 1059);
INSERT INTO InProceeding (InProceedingId, Title, Pages, Url, ProceedingId) VALUES (1060, 'Sample-Based Synthesis of Photo-Realistic Talking Heads.', '103-110', NULL, NULL);
INSERT INTO Person (PersonId, Name) VALUES (1837, 'Hans Peter Graf');
INSERT INTO RelationPersonInProceeding (PersonId, InProceedingId) VALUES (1837, 1060);
INSERT INTO Person (PersonId, Name) VALUES (1838, 'Eric Cosatto');
INSERT INTO RelationPersonInProceeding (PersonId, InProceedingId) VALUES (1838, 1060);
INSERT INTO InProceeding (InProceedingId, Title, Pages, Url, ProceedingId) VALUES (1061, 'Virtual Reality Simulation Modeling for a Haptic Glove.', '195-200', NULL, NULL);
INSERT INTO Person (PersonId, Name) VALUES (1839, 'V. Popescu');
INSERT INTO RelationPersonInProceeding (PersonId, InProceedingId) VALUES (1839, 1061);
INSERT INTO Person (PersonId, Name) VALUES (1840, 'Grigore Burdea');
INSERT INTO RelationPersonInProceeding (PersonId, InProceedingId) VALUES (1840, 1061);
INSERT INTO Person (PersonId, Name) VALUES (1841, 'Mourad Bouzit');
INSERT INTO RelationPersonInProceeding (PersonId, InProceedingId) VALUES (1841, 1061);
INSERT INTO InProceeding (InProceedingId, Title, Pages, Url, ProceedingId) VALUES (1062, 'Virtual Input Devices based on Motion Capture and Collision Detection.', '201-', NULL, NULL);
INSERT INTO RelationPersonInProceeding (PersonId, InProceedingId) VALUES (1706, 1062);
INSERT INTO Person (PersonId, Name) VALUES (1842, 'Kenro Shinpo');
INSERT INTO RelationPersonInProceeding (PersonId, InProceedingId) VALUES (1842, 1062);
INSERT INTO Person (PersonId, Name) VALUES (1843, 'Yuzuru Tanaka');
INSERT INTO RelationPersonInProceeding (PersonId, InProceedingId) VALUES (1843, 1062);
INSERT INTO Person (PersonId, Name) VALUES (1844, 'Yoshihiro Okada');
INSERT INTO RelationPersonInProceeding (PersonId, InProceedingId) VALUES (1844, 1062);
INSERT INTO InProceeding (InProceedingId, Title, Pages, Url, ProceedingId) VALUES (1063, 'Facial Deformations for MPEG-4.', '56-', NULL, NULL);
INSERT INTO Person (PersonId, Name) VALUES (1845, 'Igor S. Pandzic');
INSERT INTO RelationPersonInProceeding (PersonId, InProceedingId) VALUES (1845, 1063);
INSERT INTO Person (PersonId, Name) VALUES (1846, 'Marc Escher');
INSERT INTO RelationPersonInProceeding (PersonId, InProceedingId) VALUES (1846, 1063);
INSERT INTO RelationPersonInProceeding (PersonId, InProceedingId) VALUES (1758, 1063);
INSERT INTO InProceeding (InProceedingId, Title, Pages, Url, ProceedingId) VALUES (1064, 'Real-Time Collision Detection for Virtual Surgery.', '82-', NULL, NULL);
INSERT INTO Person (PersonId, Name) VALUES (1847, 'Fabrice Neyret');
INSERT INTO RelationPersonInProceeding (PersonId, InProceedingId) VALUES (1847, 1064);
INSERT INTO Person (PersonId, Name) VALUES (1848, 'Jean-Christophe Lombardo');
INSERT INTO RelationPersonInProceeding (PersonId, InProceedingId) VALUES (1848, 1064);
INSERT INTO Person (PersonId, Name) VALUES (1849, 'Marie-Paule Cani');
INSERT INTO RelationPersonInProceeding (PersonId, InProceedingId) VALUES (1849, 1064);
INSERT INTO InProceeding (InProceedingId, Title, Pages, Url, ProceedingId) VALUES (1065, 'Adaptive Simulation of Soft Bodies in Real-Time.', '15-20', NULL, NULL);
INSERT INTO Person (PersonId, Name) VALUES (1850, 'Gilles Debunne');
INSERT INTO RelationPersonInProceeding (PersonId, InProceedingId) VALUES (1850, 1065);
INSERT INTO RelationPersonInProceeding (PersonId, InProceedingId) VALUES (1849, 1065);
INSERT INTO Person (PersonId, Name) VALUES (1851, 'Mathieu Desbrun');
INSERT INTO RelationPersonInProceeding (PersonId, InProceedingId) VALUES (1851, 1065);
INSERT INTO Person (PersonId, Name) VALUES (1852, 'Alan H. Barr');
INSERT INTO RelationPersonInProceeding (PersonId, InProceedingId) VALUES (1852, 1065);
INSERT INTO InProceeding (InProceedingId, Title, Pages, Url, ProceedingId) VALUES (1066, 'Image based Animation from Learned Visual-Motor Models.', '43-48', NULL, NULL);
INSERT INTO Person (PersonId, Name) VALUES (1853, 'Martin Jgersand');
INSERT INTO RelationPersonInProceeding (PersonId, InProceedingId) VALUES (1853, 1066);
INSERT INTO InProceeding (InProceedingId, Title, Pages, Url, ProceedingId) VALUES (1067, 'Image Morphing of Facial Images Transformation based on Navier Elastic Body Splines.', '119-', NULL, NULL);
INSERT INTO Person (PersonId, Name) VALUES (1854, 'Aboul Ella Hassanien');
INSERT INTO RelationPersonInProceeding (PersonId, InProceedingId) VALUES (1854, 1067);
INSERT INTO RelationPersonInProceeding (PersonId, InProceedingId) VALUES (1761, 1067);
INSERT INTO InProceeding (InProceedingId, Title, Pages, Url, ProceedingId) VALUES (1068, 'Hybrid Anatomically Based Modeling of Animals.', '161-169', NULL, NULL);
INSERT INTO Person (PersonId, Name) VALUES (1855, 'Jane Wilhelms');
INSERT INTO RelationPersonInProceeding (PersonId, InProceedingId) VALUES (1855, 1068);
INSERT INTO Person (PersonId, Name) VALUES (1856, 'Philip Schneider');
INSERT INTO RelationPersonInProceeding (PersonId, InProceedingId) VALUES (1856, 1068);
INSERT INTO InProceeding (InProceedingId, Title, Pages, Url, ProceedingId) VALUES (1069, 'MPEG-4 Compatible Faces from Orthogonal Photos.', '186-194', NULL, NULL);
INSERT INTO Person (PersonId, Name) VALUES (1857, 'Gal Sannier');
INSERT INTO RelationPersonInProceeding (PersonId, InProceedingId) VALUES (1857, 1069);
INSERT INTO RelationPersonInProceeding (PersonId, InProceedingId) VALUES (1846, 1069);
INSERT INTO RelationPersonInProceeding (PersonId, InProceedingId) VALUES (1758, 1069);
INSERT INTO Person (PersonId, Name) VALUES (1858, 'Won-Sook Lee');
INSERT INTO RelationPersonInProceeding (PersonId, InProceedingId) VALUES (1858, 1069);
INSERT INTO InProceeding (InProceedingId, Title, Pages, Url, ProceedingId) VALUES (1070, 'Alhambra: A System for Producing 2D Animation.', '38-47', NULL, NULL);
INSERT INTO Person (PersonId, Name) VALUES (1859, 'Domingo Martn');
INSERT INTO RelationPersonInProceeding (PersonId, InProceedingId) VALUES (1859, 1070);
INSERT INTO Person (PersonId, Name) VALUES (1860, 'Juan Carlos Torres');
INSERT INTO RelationPersonInProceeding (PersonId, InProceedingId) VALUES (1860, 1070);
INSERT INTO InProceeding (InProceedingId, Title, Pages, Url, ProceedingId) VALUES (1071, 'Virtual Human Animation based on Movement Observation and Cognitive Behavior Models.', '128-137', NULL, NULL);
INSERT INTO Person (PersonId, Name) VALUES (1861, 'Sonu Chopra-Khullar');
INSERT INTO RelationPersonInProceeding (PersonId, InProceedingId) VALUES (1861, 1071);
INSERT INTO Person (PersonId, Name) VALUES (1862, 'Diane M. Chi');
INSERT INTO RelationPersonInProceeding (PersonId, InProceedingId) VALUES (1862, 1071);
INSERT INTO RelationPersonInProceeding (PersonId, InProceedingId) VALUES (1732, 1071);
INSERT INTO InProceeding (InProceedingId, Title, Pages, Url, ProceedingId) VALUES (1072, 'Active Voodoo Dolls: A Vision Based Input Device for Nonrigid Control.', '137-143', NULL, NULL);
INSERT INTO Person (PersonId, Name) VALUES (1863, 'Stan Sclaroff');
INSERT INTO RelationPersonInProceeding (PersonId, InProceedingId) VALUES (1863, 1072);
INSERT INTO Person (PersonId, Name) VALUES (1864, 'John Isidoro');
INSERT INTO RelationPersonInProceeding (PersonId, InProceedingId) VALUES (1864, 1072);
INSERT INTO Person (PersonId, Name) VALUES (1865, 'Dieter Hammer');
INSERT INTO Proceeding (ProceedingId, Title, EditorId, PublisherId, SeriesId, Year, ISBN, Url) VALUES (35, 'Compiler Compilers and High Speed Compilation, 2nd CCHSC Workshop, Berlin GDR, October 10-14, 1988, Proceedings', 1865, 1, 1, '1989', '3-540-51364-7', 'http://dblp.uni-trier.de/db/conf/cc/cc88.html');
INSERT INTO Proceeding (ProceedingId, Title, EditorId, PublisherId, SeriesId, Year, ISBN, Url) VALUES (36, 'Compiler Compilers, Third International Workshop on Compiler Construction, CC$190, Schwerin, Germany, October 22-26, 1990, Proceedings', 1865, 1, 1, '1991', '3-540-53669-8', 'http://dblp.uni-trier.de/db/conf/cc/cc90.html');
INSERT INTO InProceeding (InProceedingId, Title, Pages, Url, ProceedingId) VALUES (1073, 'Application Development with the FNC-2 Attribute Grammar System.', '11-25', NULL, 36);
INSERT INTO Person (PersonId, Name) VALUES (1866, 'Martin Jourdan');
INSERT INTO RelationPersonInProceeding (PersonId, InProceedingId) VALUES (1866, 1073);
INSERT INTO Person (PersonId, Name) VALUES (1867, 'Didier Parigot');
INSERT INTO RelationPersonInProceeding (PersonId, InProceedingId) VALUES (1867, 1073);
INSERT INTO Person (PersonId, Name) VALUES (1868, 'Peter Pfahler');
INSERT INTO Proceeding (ProceedingId, Title, EditorId, PublisherId, SeriesId, Year, ISBN, Url) VALUES (37, 'Compiler Construction, 4th International Conference on Compiler Construction, CC$192, Paderborn, Germany, October 5-7, 1992, Proceedings', 1868, 1, 1, '1992', '3-540-55984-1', 'http://dblp.uni-trier.de/db/conf/cc/cc92.html');
INSERT INTO InProceeding (InProceedingId, Title, Pages, Url, ProceedingId) VALUES (1074, 'FCG: A Code Generator for Lazy Functional Languages.', '278-296', NULL, 37);
INSERT INTO Person (PersonId, Name) VALUES (1869, 'Pieter H. Hartel');
INSERT INTO RelationPersonInProceeding (PersonId, InProceedingId) VALUES (1869, 1074);
INSERT INTO Person (PersonId, Name) VALUES (1870, 'Koen Langendoen');
INSERT INTO RelationPersonInProceeding (PersonId, InProceedingId) VALUES (1870, 1074);
INSERT INTO InProceeding (InProceedingId, Title, Pages, Url, ProceedingId) VALUES (1075, 'Another Kind of Modular Attribute Grammars.', '44-50', NULL, 37);
INSERT INTO Person (PersonId, Name) VALUES (1871, 'Beate Baum');
INSERT INTO RelationPersonInProceeding (PersonId, InProceedingId) VALUES (1871, 1075);
INSERT INTO Person (PersonId, Name) VALUES (1872, 'Peter Fritzon');
INSERT INTO Proceeding (ProceedingId, Title, EditorId, PublisherId, SeriesId, Year, ISBN, Url) VALUES (38, 'Compiler Construction, 5th International Conference, CC$194, Edinburgh, U.K., April 7-9, 1994, Proceedings', 1872, 1, 1, '1994', '3-540-57877-3', 'http://dblp.uni-trier.de/db/conf/cc/cc94.html');
INSERT INTO Person (PersonId, Name) VALUES (1873, 'Tibor Gyimothy');
INSERT INTO Proceeding (ProceedingId, Title, EditorId, PublisherId, SeriesId, Year, ISBN, Url) VALUES (39, 'Compiler Construction, 6th International Conference, CC$196, Linkping, Sweden, April 24-26, 1996, Proceedings', 1873, 1, 1, '1996', '3-540-61053-7', 'http://dblp.uni-trier.de/db/conf/cc/cc96.html');
INSERT INTO Person (PersonId, Name) VALUES (1874, 'Kai Koskimies');
INSERT INTO Proceeding (ProceedingId, Title, EditorId, PublisherId, SeriesId, Year, ISBN, Url) VALUES (40, 'Compiler Construction, 7th International Conference, CC$198, Held as Part of the European Joint Conferences on the Theory and Practice of Software, ETAPS$198, Lisbon, Portugal, March 28 - April 4, 1998, Proceedings', 1874, 1, 1, '1998', '3-540-64304-4', 'http://dblp.uni-trier.de/db/conf/cc/cc98.html');
INSERT INTO Person (PersonId, Name) VALUES (1875, 'Stefan Jhnichen');
INSERT INTO Proceeding (ProceedingId, Title, EditorId, PublisherId, SeriesId, Year, ISBN, Url) VALUES (41, 'Compiler Construction, 8th International Conference, CC$199, Held as Part of the European Joint Conferences on the Theory and Practice of Software, ETAPS$199, Amsterdam, The Netherlands, 22-28 March, 1999, Proceedings', 1875, 1, 1, '1999', '3-540-65717-7', 'http://dblp.uni-trier.de/db/conf/cc/cc99.html');
INSERT INTO Person (PersonId, Name) VALUES (1876, 'David A. Watt');
INSERT INTO Proceeding (ProceedingId, Title, EditorId, PublisherId, SeriesId, Year, ISBN, Url) VALUES (42, 'Compiler Construction, 9th International Conference, CC 2000, Held as Part of the European Joint Conferences on the Theory and Practice of Software, ETAPS 2000, Berlin, Germany, Arch 25 - April 2, 2000, Proceedings', 1876, 1, 1, '2000', '3-540-67263-X', 'http://dblp.uni-trier.de/db/conf/cc/cc2000.html');
INSERT INTO Person (PersonId, Name) VALUES (1877, 'Reinhard Wilhelm');
INSERT INTO Proceeding (ProceedingId, Title, EditorId, PublisherId, SeriesId, Year, ISBN, Url) VALUES (43, 'Compiler Construction, 10th International Conference, CC 2001 Held as Part of the Joint European Conferences on Theory and Practice of Software, ETAPS 2001 Genova, Italy, April 2-6, 2001, Proceedings', 1877, 1, 1, '2001', '3-540-41861-X', 'http://dblp.uni-trier.de/db/conf/cc/cc2001.html');
INSERT INTO Person (PersonId, Name) VALUES (1878, 'R. Nigel Horspool');
INSERT INTO Proceeding (ProceedingId, Title, EditorId, PublisherId, SeriesId, Year, ISBN, Url) VALUES (44, 'Compiler Construction, 11th International Conference, CC 2002, Held as Part of the Joint European Conferences on Theory and Practice of Software, ETAPS 2002, Grenoble, France, April 8-12, 2002, Proceedings', 1878, 1, 1, '2002', '3-540-43369-4', 'http://dblp.uni-trier.de/db/conf/cc/cc2002.html');
INSERT INTO InProceeding (InProceedingId, Title, Pages, Url, ProceedingId) VALUES (1076, 'A Short Review of High Speed Compilation.', '1-10', NULL, 35);
INSERT INTO Person (PersonId, Name) VALUES (1879, 'Werner Amann');
INSERT INTO RelationPersonInProceeding (PersonId, InProceedingId) VALUES (1879, 1076);
INSERT INTO InProceeding (InProceedingId, Title, Pages, Url, ProceedingId) VALUES (1077, 'Another Solution of Scoping Problems in Symbol Tables.', '66-71', NULL, 37);
INSERT INTO RelationPersonInProceeding (PersonId, InProceedingId) VALUES (1879, 1077);
INSERT INTO InProceeding (InProceedingId, Title, Pages, Url, ProceedingId) VALUES (1078, 'How to Uniformly Specify Program Analysis and Transformation with Graph Rewrite Systems.', '121-135', NULL, 39);
INSERT INTO Person (PersonId, Name) VALUES (1880, 'Uwe Amann');
INSERT INTO RelationPersonInProceeding (PersonId, InProceedingId) VALUES (1880, 1078);
INSERT INTO InProceeding (InProceedingId, Title, Pages, Url, ProceedingId) VALUES (1079, 'Register Pipelining: An Integrated Approach to Register Allocation for Scalar and Subscripted Variables.', '192-206', NULL, 37);
INSERT INTO Person (PersonId, Name) VALUES (1881, 'Rajiv Gupta');
INSERT INTO RelationPersonInProceeding (PersonId, InProceedingId) VALUES (1881, 1079);
INSERT INTO Person (PersonId, Name) VALUES (1882, 'Evelyn Duesterwald');
INSERT INTO RelationPersonInProceeding (PersonId, InProceedingId) VALUES (1882, 1079);
INSERT INTO Person (PersonId, Name) VALUES (1883, 'Mary Lou Soffa');
INSERT INTO RelationPersonInProceeding (PersonId, InProceedingId) VALUES (1883, 1079);
INSERT INTO InProceeding (InProceedingId, Title, Pages, Url, ProceedingId) VALUES (1080, 'Reducing the Cost of Data Flow Analysis By Congruence Partitioning.', '357-373', NULL, 38);
INSERT INTO RelationPersonInProceeding (PersonId, InProceedingId) VALUES (1881, 1080);
INSERT INTO RelationPersonInProceeding (PersonId, InProceedingId) VALUES (1882, 1080);
INSERT INTO RelationPersonInProceeding (PersonId, InProceedingId) VALUES (1883, 1080);
INSERT INTO InProceeding (InProceedingId, Title, Pages, Url, ProceedingId) VALUES (1081, 'Compile-Time Analysis of Object-Oriented Programs.', '236-250', NULL, 37);
INSERT INTO Person (PersonId, Name) VALUES (1884, 'Jan Vitek');
INSERT INTO RelationPersonInProceeding (PersonId, InProceedingId) VALUES (1884, 1081);
INSERT INTO Person (PersonId, Name) VALUES (1885, 'James S. Uhl');
INSERT INTO RelationPersonInProceeding (PersonId, InProceedingId) VALUES (1885, 1081);
INSERT INTO RelationPersonInProceeding (PersonId, InProceedingId) VALUES (1878, 1081);
INSERT INTO InProceeding (InProceedingId, Title, Pages, Url, ProceedingId) VALUES (1082, 'Interprocedural Shape Analysis for Recursive Programs.', '133-149', NULL, 43);
INSERT INTO Person (PersonId, Name) VALUES (1886, 'Shmuel Sagiv');
INSERT INTO RelationPersonInProceeding (PersonId, InProceedingId) VALUES (1886, 1082);
INSERT INTO Person (PersonId, Name) VALUES (1887, 'Noam Rinetzky');
INSERT INTO RelationPersonInProceeding (PersonId, InProceedingId) VALUES (1887, 1082);
INSERT INTO InProceeding (InProceedingId, Title, Pages, Url, ProceedingId) VALUES (1083, 'Generators for High-Speed Front-Ends.', '81-92', NULL, 35);
INSERT INTO Person (PersonId, Name) VALUES (1888, 'Josef Grosch');
INSERT INTO RelationPersonInProceeding (PersonId, InProceedingId) VALUES (1888, 1083);
INSERT INTO InProceeding (InProceedingId, Title, Pages, Url, ProceedingId) VALUES (1084, 'Transformation of Attributed Trees Using Pattern Matching.', '1-15', NULL, 37);
INSERT INTO RelationPersonInProceeding (PersonId, InProceedingId) VALUES (1888, 1084);
INSERT INTO InProceeding (InProceedingId, Title, Pages, Url, ProceedingId) VALUES (1085, 'An Extended Static Checker for Modular-3.', '302-305', NULL, 40);
INSERT INTO Person (PersonId, Name) VALUES (1889, 'Greg Nelson');
INSERT INTO RelationPersonInProceeding (PersonId, InProceedingId) VALUES (1889, 1085);
INSERT INTO Person (PersonId, Name) VALUES (1890, 'K. Rustan M. Leino');
INSERT INTO RelationPersonInProceeding (PersonId, InProceedingId) VALUES (1890, 1085);
INSERT INTO InProceeding (InProceedingId, Title, Pages, Url, ProceedingId) VALUES (1086, 'ILALR: An Incremental Generator of LALR(1) Parsers.', '128-136', NULL, 35);
INSERT INTO RelationPersonInProceeding (PersonId, InProceedingId) VALUES (1878, 1086);
INSERT INTO InProceeding (InProceedingId, Title, Pages, Url, ProceedingId) VALUES (1087, 'Recursive Ascent-Descent Parsers.', '1-10', NULL, 36);
INSERT INTO RelationPersonInProceeding (PersonId, InProceedingId) VALUES (1878, 1087);
INSERT INTO InProceeding (InProceedingId, Title, Pages, Url, ProceedingId) VALUES (1088, 'Compiling Mercury to High-Level C Code.', '197-212', NULL, 44);
INSERT INTO Person (PersonId, Name) VALUES (1891, 'Zoltan Somogyi');
INSERT INTO RelationPersonInProceeding (PersonId, InProceedingId) VALUES (1891, 1088);
INSERT INTO Person (PersonId, Name) VALUES (1892, 'Fergus Henderson');
INSERT INTO RelationPersonInProceeding (PersonId, InProceedingId) VALUES (1892, 1088);
INSERT INTO InProceeding (InProceedingId, Title, Pages, Url, ProceedingId) VALUES (1089, 'Non-monotone Fixpoint Iterations to Resolve Second Order Effects.', '106-120', NULL, 39);
INSERT INTO Person (PersonId, Name) VALUES (1893, 'Gerald Lttgen');
INSERT INTO RelationPersonInProceeding (PersonId, InProceedingId) VALUES (1893, 1089);
INSERT INTO Person (PersonId, Name) VALUES (1894, 'Bernhard Steffen');
INSERT INTO RelationPersonInProceeding (PersonId, InProceedingId) VALUES (1894, 1089);
INSERT INTO RelationPersonInProceeding (PersonId, InProceedingId) VALUES (1512, 1089);
INSERT INTO Person (PersonId, Name) VALUES (1895, 'Oliver Rthing');
INSERT INTO RelationPersonInProceeding (PersonId, InProceedingId) VALUES (1895, 1089);
INSERT INTO Person (PersonId, Name) VALUES (1896, 'Jens Knoop');
INSERT INTO RelationPersonInProceeding (PersonId, InProceedingId) VALUES (1896, 1089);
INSERT INTO InProceeding (InProceedingId, Title, Pages, Url, ProceedingId) VALUES (1090, 'A Code Motion Framework for Global Instruction Scheduling.', '219-233', NULL, 40);
INSERT INTO RelationPersonInProceeding (PersonId, InProceedingId) VALUES (1881, 1090);
INSERT INTO InProceeding (InProceedingId, Title, Pages, Url, ProceedingId) VALUES (1091, 'A Comparison of Compiler Tiling Algorithms.', '168-182', NULL, 41);
INSERT INTO Person (PersonId, Name) VALUES (1897, 'Chau-Wen Tseng');
INSERT INTO RelationPersonInProceeding (PersonId, InProceedingId) VALUES (1897, 1091);
INSERT INTO Person (PersonId, Name) VALUES (1898, 'Gabriel Rivera');
INSERT INTO RelationPersonInProceeding (PersonId, InProceedingId) VALUES (1898, 1091);
INSERT INTO InProceeding (InProceedingId, Title, Pages, Url, ProceedingId) VALUES (1092, 'Compiler Construction Using LOTOS NT.', '9-13', NULL, 44);
INSERT INTO Person (PersonId, Name) VALUES (1899, 'Frdric Lang');
INSERT INTO RelationPersonInProceeding (PersonId, InProceedingId) VALUES (1899, 1092);
INSERT INTO Person (PersonId, Name) VALUES (1900, 'Hubert Garavel');
INSERT INTO RelationPersonInProceeding (PersonId, InProceedingId) VALUES (1900, 1092);
INSERT INTO Person (PersonId, Name) VALUES (1901, 'Radu Mateescu');
INSERT INTO RelationPersonInProceeding (PersonId, InProceedingId) VALUES (1901, 1092);
INSERT INTO InProceeding (InProceedingId, Title, Pages, Url, ProceedingId) VALUES (1093, 'Array Unification: A Locality Optimization Technique.', '259-273', NULL, 43);
INSERT INTO Person (PersonId, Name) VALUES (1902, 'Mahmut T. Kandemir');
INSERT INTO RelationPersonInProceeding (PersonId, InProceedingId) VALUES (1902, 1093);
INSERT INTO InProceeding (InProceedingId, Title, Pages, Url, ProceedingId) VALUES (1094, 'Modular Static Program Analysis.', '159-178', NULL, 44);
INSERT INTO Person (PersonId, Name) VALUES (1903, 'Patrick Cousot');
INSERT INTO RelationPersonInProceeding (PersonId, InProceedingId) VALUES (1903, 1094);
INSERT INTO Person (PersonId, Name) VALUES (1904, 'Radhia Cousot');
INSERT INTO RelationPersonInProceeding (PersonId, InProceedingId) VALUES (1904, 1094);
INSERT INTO InProceeding (InProceedingId, Title, Pages, Url, ProceedingId) VALUES (1095, 'Cosy Compiler Phase Embedding with the CoSy Compiler Model.', '278-293', NULL, 38);
INSERT INTO RelationPersonInProceeding (PersonId, InProceedingId) VALUES (1880, 1095);
INSERT INTO Person (PersonId, Name) VALUES (1905, 'Hans van Someren');
INSERT INTO RelationPersonInProceeding (PersonId, InProceedingId) VALUES (1905, 1095);
INSERT INTO Person (PersonId, Name) VALUES (1906, 'Martin Alt');
INSERT INTO RelationPersonInProceeding (PersonId, InProceedingId) VALUES (1906, 1095);
INSERT INTO InProceeding (InProceedingId, Title, Pages, Url, ProceedingId) VALUES (1096, 'Processing Array Statements and Procedure Interfaces in the PREPARE High Performance Fortran Compiler.', '324-338', NULL, 38);
INSERT INTO Person (PersonId, Name) VALUES (1907, 'Peter Brezany');
INSERT INTO RelationPersonInProceeding (PersonId, InProceedingId) VALUES (1907, 1096);
INSERT INTO Person (PersonId, Name) VALUES (1908, 'Siegfried Benker');
INSERT INTO RelationPersonInProceeding (PersonId, InProceedingId) VALUES (1908, 1096);
INSERT INTO Person (PersonId, Name) VALUES (1909, 'Hans P. Zima');
INSERT INTO RelationPersonInProceeding (PersonId, InProceedingId) VALUES (1909, 1096);
INSERT INTO InProceeding (InProceedingId, Title, Pages, Url, ProceedingId) VALUES (1097, 'Efficient Organization of Control Structures in Distributed Implementations.', '98-112', NULL, 38);
INSERT INTO Person (PersonId, Name) VALUES (1910, 'Rita Loogen');
INSERT INTO RelationPersonInProceeding (PersonId, InProceedingId) VALUES (1910, 1097);
INSERT INTO Person (PersonId, Name) VALUES (1911, 'Guido Hogen');
INSERT INTO RelationPersonInProceeding (PersonId, InProceedingId) VALUES (1911, 1097);
INSERT INTO InProceeding (InProceedingId, Title, Pages, Url, ProceedingId) VALUES (1098, 'Basic-Block Graphs: Living Dinosaurs?', '65-79', NULL, 40);
INSERT INTO RelationPersonInProceeding (PersonId, InProceedingId) VALUES (1894, 1098);
INSERT INTO Person (PersonId, Name) VALUES (1912, 'Dirk Koschtzki');
INSERT INTO RelationPersonInProceeding (PersonId, InProceedingId) VALUES (1912, 1098);
INSERT INTO RelationPersonInProceeding (PersonId, InProceedingId) VALUES (1896, 1098);
INSERT INTO InProceeding (InProceedingId, Title, Pages, Url, ProceedingId) VALUES (1099, 'Myths and Facts about the Efficient Implementation of Finite Automata and Lexical Analysis.', '1-15', NULL, 40);
INSERT INTO Person (PersonId, Name) VALUES (1913, 'Klaus Brouwer');
INSERT INTO RelationPersonInProceeding (PersonId, InProceedingId) VALUES (1913, 1099);
INSERT INTO Person (PersonId, Name) VALUES (1914, 'Erhard Pldereder');
INSERT INTO RelationPersonInProceeding (PersonId, InProceedingId) VALUES (1914, 1099);
INSERT INTO Person (PersonId, Name) VALUES (1915, 'Wolfgang Gellerich');
INSERT INTO RelationPersonInProceeding (PersonId, InProceedingId) VALUES (1915, 1099);
INSERT INTO InProceeding (InProceedingId, Title, Pages, Url, ProceedingId) VALUES (1100, 'Expansion-Based Removal of Semantic Partial Redundancies.', '91-106', NULL, 41);
INSERT INTO RelationPersonInProceeding (PersonId, InProceedingId) VALUES (1894, 1100);
INSERT INTO RelationPersonInProceeding (PersonId, InProceedingId) VALUES (1895, 1100);
INSERT INTO RelationPersonInProceeding (PersonId, InProceedingId) VALUES (1896, 1100);
INSERT INTO InProceeding (InProceedingId, Title, Pages, Url, ProceedingId) VALUES (1101, 'A Graph-Free Approach to Data-Flow Analysis.', '46-61', NULL, 44);
INSERT INTO Person (PersonId, Name) VALUES (1916, 'Markus Mohnen');
INSERT INTO RelationPersonInProceeding (PersonId, InProceedingId) VALUES (1916, 1101);
INSERT INTO InProceeding (InProceedingId, Title, Pages, Url, ProceedingId) VALUES (1102, 'A Comparison of Modulo Scheduling Techniques for Software Pipelining.', '18-32', NULL, 39);
INSERT INTO RelationPersonInProceeding (PersonId, InProceedingId) VALUES (1868, 1102);
INSERT INTO Person (PersonId, Name) VALUES (1917, 'Georg Piepenbrock');
INSERT INTO RelationPersonInProceeding (PersonId, InProceedingId) VALUES (1917, 1102);
INSERT INTO InProceeding (InProceedingId, Title, Pages, Url, ProceedingId) VALUES (1103, 'Fast Escape Analysis and Stack Allocation for Object-Based Programs.', '82-93', NULL, 42);
INSERT INTO Person (PersonId, Name) VALUES (1918, 'Bjarne Steensgaard');
INSERT INTO RelationPersonInProceeding (PersonId, InProceedingId) VALUES (1918, 1103);
INSERT INTO Person (PersonId, Name) VALUES (1919, 'David Gay');
INSERT INTO RelationPersonInProceeding (PersonId, InProceedingId) VALUES (1919, 1103);
INSERT INTO InProceeding (InProceedingId, Title, Pages, Url, ProceedingId) VALUES (1104, 'The LDL - Language Development Laboratory.', '88-94', NULL, 37);
INSERT INTO Person (PersonId, Name) VALUES (1920, 'Gnter Riedewald');
INSERT INTO RelationPersonInProceeding (PersonId, InProceedingId) VALUES (1920, 1104);
INSERT INTO InProceeding (InProceedingId, Title, Pages, Url, ProceedingId) VALUES (1105, 'Generating an Efficient Compiler for a Data Parallel Language from a Denotational Specification.', '248-262', NULL, 38);
INSERT INTO Person (PersonId, Name) VALUES (1921, 'Peter Fritzson');
INSERT INTO RelationPersonInProceeding (PersonId, InProceedingId) VALUES (1921, 1105);
INSERT INTO Person (PersonId, Name) VALUES (1922, 'Mikael Pettersson');
INSERT INTO RelationPersonInProceeding (PersonId, InProceedingId) VALUES (1922, 1105);
INSERT INTO Person (PersonId, Name) VALUES (1923, 'Johan Ringstrm');
INSERT INTO RelationPersonInProceeding (PersonId, InProceedingId) VALUES (1923, 1105);
INSERT INTO InProceeding (InProceedingId, Title, Pages, Url, ProceedingId) VALUES (1106, 'Implementation Issues of Loop-Level Speculative Run-Time Parallelization.', '183-197', NULL, 41);
INSERT INTO Person (PersonId, Name) VALUES (1924, 'Lawrence Rauchwerger');
INSERT INTO RelationPersonInProceeding (PersonId, InProceedingId) VALUES (1924, 1106);
INSERT INTO Person (PersonId, Name) VALUES (1925, 'Devang Patel');
INSERT INTO RelationPersonInProceeding (PersonId, InProceedingId) VALUES (1925, 1106);
INSERT INTO InProceeding (InProceedingId, Title, Pages, Url, ProceedingId) VALUES (1107, 'Functional Incremental Attribute Evaluation.', '279-294', NULL, 42);
INSERT INTO RelationPersonInProceeding (PersonId, InProceedingId) VALUES (211, 1107);
INSERT INTO Person (PersonId, Name) VALUES (1926, 'Matthijs F. Kuiper');
INSERT INTO RelationPersonInProceeding (PersonId, InProceedingId) VALUES (1926, 1107);
INSERT INTO Person (PersonId, Name) VALUES (1927, 'S. Doaitse Swierstra');
INSERT INTO RelationPersonInProceeding (PersonId, InProceedingId) VALUES (1927, 1107);
INSERT INTO InProceeding (InProceedingId, Title, Pages, Url, ProceedingId) VALUES (1108, 'CIL: Intermediate Language and Tools for Analysis and Transformation of C Programs.', '213-228', NULL, 44);
INSERT INTO Person (PersonId, Name) VALUES (1928, 'Scott McPeak');
INSERT INTO RelationPersonInProceeding (PersonId, InProceedingId) VALUES (1928, 1108);
INSERT INTO Person (PersonId, Name) VALUES (1929, 'Shree Prakash Rahul');
INSERT INTO RelationPersonInProceeding (PersonId, InProceedingId) VALUES (1929, 1108);
INSERT INTO Person (PersonId, Name) VALUES (1930, 'George C. Necula');
INSERT INTO RelationPersonInProceeding (PersonId, InProceedingId) VALUES (1930, 1108);
INSERT INTO Person (PersonId, Name) VALUES (1931, 'Westley Weimer');
INSERT INTO RelationPersonInProceeding (PersonId, InProceedingId) VALUES (1931, 1108);
INSERT INTO InProceeding (InProceedingId, Title, Pages, Url, ProceedingId) VALUES (1109, 'A Suite of Analysis Tools Based on a General Purpose Abstract Interpreter.', '188-202', NULL, 38);
INSERT INTO Person (PersonId, Name) VALUES (1932, 'Dan C. Stefanescu');
INSERT INTO RelationPersonInProceeding (PersonId, InProceedingId) VALUES (1932, 1109);
INSERT INTO Person (PersonId, Name) VALUES (1933, 'Thomas Cheatham');
INSERT INTO RelationPersonInProceeding (PersonId, InProceedingId) VALUES (1933, 1109);
INSERT INTO Person (PersonId, Name) VALUES (1934, 'Haiming Gao');
INSERT INTO RelationPersonInProceeding (PersonId, InProceedingId) VALUES (1934, 1109);
INSERT INTO InProceeding (InProceedingId, Title, Pages, Url, ProceedingId) VALUES (1110, 'Constant-Time Root Scanning for Deterministic Garbage Collection.', '304-318', NULL, 43);
INSERT INTO Person (PersonId, Name) VALUES (1935, 'Fridtjof Siebert');
INSERT INTO RelationPersonInProceeding (PersonId, InProceedingId) VALUES (1935, 1110);
INSERT INTO InProceeding (InProceedingId, Title, Pages, Url, ProceedingId) VALUES (1111, 'Analysis of Loops.', '80-94', NULL, 40);
INSERT INTO Person (PersonId, Name) VALUES (1936, 'Christian Ferdinand');
INSERT INTO RelationPersonInProceeding (PersonId, InProceedingId) VALUES (1936, 1111);
INSERT INTO Person (PersonId, Name) VALUES (1937, 'Florian Martin');
INSERT INTO RelationPersonInProceeding (PersonId, InProceedingId) VALUES (1937, 1111);
INSERT INTO RelationPersonInProceeding (PersonId, InProceedingId) VALUES (1877, 1111);
INSERT INTO RelationPersonInProceeding (PersonId, InProceedingId) VALUES (1906, 1111);
INSERT INTO InProceeding (InProceedingId, Title, Pages, Url, ProceedingId) VALUES (1112, 'Adding Semantic and Syntactic Predicates To LL(k): pred-LL(k).', '263-277', NULL, 38);
INSERT INTO Person (PersonId, Name) VALUES (1938, 'Terence J. Parr');
INSERT INTO RelationPersonInProceeding (PersonId, InProceedingId) VALUES (1938, 1112);
INSERT INTO Person (PersonId, Name) VALUES (1939, 'Russell W. Quong');
INSERT INTO RelationPersonInProceeding (PersonId, InProceedingId) VALUES (1939, 1112);
INSERT INTO InProceeding (InProceedingId, Title, Pages, Url, ProceedingId) VALUES (1113, 'Two Tree Pattern Matchers for Code Selection.', '215-229', NULL, 35);
INSERT INTO RelationPersonInProceeding (PersonId, InProceedingId) VALUES (1877, 1113);
INSERT INTO Person (PersonId, Name) VALUES (1940, 'Beatrix Weisgerber');
INSERT INTO RelationPersonInProceeding (PersonId, InProceedingId) VALUES (1940, 1113);
INSERT INTO InProceeding (InProceedingId, Title, Pages, Url, ProceedingId) VALUES (1114, 'Tools and Techniques of Annotated Programming.', '117-131', NULL, 36);
INSERT INTO Person (PersonId, Name) VALUES (1941, 'Victor N. Kasyanov');
INSERT INTO RelationPersonInProceeding (PersonId, InProceedingId) VALUES (1941, 1114);
INSERT INTO InProceeding (InProceedingId, Title, Pages, Url, ProceedingId) VALUES (1115, 'Optimizing Directly Executable LR Parsers.', '179-192', NULL, 36);
INSERT INTO RelationPersonInProceeding (PersonId, InProceedingId) VALUES (1868, 1115);
INSERT INTO InProceeding (InProceedingId, Title, Pages, Url, ProceedingId) VALUES (1116, 'Compiler Construction: Craftmanship or Engineering?', '151-159', NULL, 39);
INSERT INTO Person (PersonId, Name) VALUES (1942, 'William M. Waite');
INSERT INTO RelationPersonInProceeding (PersonId, InProceedingId) VALUES (1942, 1116);
INSERT INTO InProceeding (InProceedingId, Title, Pages, Url, ProceedingId) VALUES (1117, 'Advanced Compiler Optimization for Calm RISC8 Low-End Embedded Processor.', '173-188', NULL, 42);
INSERT INTO Person (PersonId, Name) VALUES (1943, 'Dae-Hwan Kim');
INSERT INTO RelationPersonInProceeding (PersonId, InProceedingId) VALUES (1943, 1117);
INSERT INTO InProceeding (InProceedingId, Title, Pages, Url, ProceedingId) VALUES (1118, 'Efficient Storage Reuse of Aggregates in Single Assignment Languages.', '238-252', NULL, 39);
INSERT INTO RelationPersonInProceeding (PersonId, InProceedingId) VALUES (600, 1118);
INSERT INTO Person (PersonId, Name) VALUES (1944, 'Zhonghua Li');
INSERT INTO RelationPersonInProceeding (PersonId, InProceedingId) VALUES (1944, 1118);
INSERT INTO InProceeding (InProceedingId, Title, Pages, Url, ProceedingId) VALUES (1119, 'A Generator for Production Quality Compilers.', '42-55', NULL, 36);
INSERT INTO Person (PersonId, Name) VALUES (1945, 'Hanspeter Mssenbck');
INSERT INTO RelationPersonInProceeding (PersonId, InProceedingId) VALUES (1945, 1119);
INSERT INTO InProceeding (InProceedingId, Title, Pages, Url, ProceedingId) VALUES (1120, 'Scheduling Instructions by Direct Placement.', '229-235', NULL, 37);
INSERT INTO Person (PersonId, Name) VALUES (1946, 'Robert Griesemer');
INSERT INTO RelationPersonInProceeding (PersonId, InProceedingId) VALUES (1946, 1120);
INSERT INTO InProceeding (InProceedingId, Title, Pages, Url, ProceedingId) VALUES (1121, 'Pipelining-Dovetailing: A Transformation to Enhance Software Pipelining for Nested Loops.', '1-17', NULL, 39);
INSERT INTO Person (PersonId, Name) VALUES (1947, 'Jian Wang');
INSERT INTO RelationPersonInProceeding (PersonId, InProceedingId) VALUES (1947, 1121);
INSERT INTO Person (PersonId, Name) VALUES (1948, 'Guang R. Gao');
INSERT INTO RelationPersonInProceeding (PersonId, InProceedingId) VALUES (1948, 1121);
INSERT INTO InProceeding (InProceedingId, Title, Pages, Url, ProceedingId) VALUES (1122, 'Computer-Aided Building of a Compiler: An Example (Abstract).', '212-214', NULL, 36);
INSERT INTO Person (PersonId, Name) VALUES (1949, 'Olivier Lecarme');
INSERT INTO RelationPersonInProceeding (PersonId, InProceedingId) VALUES (1949, 1122);
INSERT INTO Person (PersonId, Name) VALUES (1950, 'Carine Fdle');
INSERT INTO RelationPersonInProceeding (PersonId, InProceedingId) VALUES (1950, 1122);
INSERT INTO InProceeding (InProceedingId, Title, Pages, Url, ProceedingId) VALUES (1123, 'Controlled Node Splitting.', '44-58', NULL, 39);
INSERT INTO Person (PersonId, Name) VALUES (1951, 'Henk Corporaal');
INSERT INTO RelationPersonInProceeding (PersonId, InProceedingId) VALUES (1951, 1123);
INSERT INTO Person (PersonId, Name) VALUES (1952, 'Johan Janssen');
INSERT INTO RelationPersonInProceeding (PersonId, InProceedingId) VALUES (1952, 1123);
INSERT INTO InProceeding (InProceedingId, Title, Pages, Url, ProceedingId) VALUES (1124, 'STARLET: An Affix-Based Compiler Compiler Designed as a Logic Programming System.', '71-85', NULL, 36);
INSERT INTO Person (PersonId, Name) VALUES (1953, 'Jean-Francois Boulicaut');
INSERT INTO RelationPersonInProceeding (PersonId, InProceedingId) VALUES (1953, 1124);
INSERT INTO Person (PersonId, Name) VALUES (1954, 'Jean Beney');
INSERT INTO RelationPersonInProceeding (PersonId, InProceedingId) VALUES (1954, 1124);
INSERT INTO InProceeding (InProceedingId, Title, Pages, Url, ProceedingId) VALUES (1125, 'Live Range Splitting in a Graph Coloring Register Allocator.', '174-187', NULL, 40);
INSERT INTO Person (PersonId, Name) VALUES (1955, 'L. Taylor Simpson');
INSERT INTO RelationPersonInProceeding (PersonId, InProceedingId) VALUES (1955, 1125);
INSERT INTO Person (PersonId, Name) VALUES (1956, 'Keith D. Cooper');
INSERT INTO RelationPersonInProceeding (PersonId, InProceedingId) VALUES (1956, 1125);
INSERT INTO InProceeding (InProceedingId, Title, Pages, Url, ProceedingId) VALUES (1126, 'Techniques for Reducing the Overhead of Run-Time Parallelization.', '232-248', NULL, 42);
INSERT INTO RelationPersonInProceeding (PersonId, InProceedingId) VALUES (1924, 1126);
INSERT INTO Person (PersonId, Name) VALUES (1957, 'Hao Yu');
INSERT INTO RelationPersonInProceeding (PersonId, InProceedingId) VALUES (1957, 1126);
INSERT INTO InProceeding (InProceedingId, Title, Pages, Url, ProceedingId) VALUES (1127, 'Optimal Live Range Merge for Address Register Allocation in Embedded Programs.', '274-288', NULL, 43);
INSERT INTO Person (PersonId, Name) VALUES (1958, 'Sharad Malik');
INSERT INTO RelationPersonInProceeding (PersonId, InProceedingId) VALUES (1958, 1127);
INSERT INTO Person (PersonId, Name) VALUES (1959, 'Guilherme Ottoni');
INSERT INTO RelationPersonInProceeding (PersonId, InProceedingId) VALUES (1959, 1127);
INSERT INTO Person (PersonId, Name) VALUES (1960, 'Sandro Rigo');
INSERT INTO RelationPersonInProceeding (PersonId, InProceedingId) VALUES (1960, 1127);
INSERT INTO Person (PersonId, Name) VALUES (1961, 'Subramanian Rajagopalan');
INSERT INTO RelationPersonInProceeding (PersonId, InProceedingId) VALUES (1961, 1127);
INSERT INTO Person (PersonId, Name) VALUES (1962, 'Guido Araujo');
INSERT INTO RelationPersonInProceeding (PersonId, InProceedingId) VALUES (1962, 1127);
INSERT INTO InProceeding (InProceedingId, Title, Pages, Url, ProceedingId) VALUES (1128, 'Type Checking in the Large.', '137-145', NULL, 35);
INSERT INTO Person (PersonId, Name) VALUES (1963, 'Michael R. Levy');
INSERT INTO RelationPersonInProceeding (PersonId, InProceedingId) VALUES (1963, 1128);
INSERT INTO InProceeding (InProceedingId, Title, Pages, Url, ProceedingId) VALUES (1129, 'Creation of a Family of Compilers and Runtime Environments by Combining Reusable Components.', '110-124', NULL, 37);
INSERT INTO Person (PersonId, Name) VALUES (1964, 'Christian Weber');
INSERT INTO RelationPersonInProceeding (PersonId, InProceedingId) VALUES (1964, 1129);
INSERT INTO InProceeding (InProceedingId, Title, Pages, Url, ProceedingId) VALUES (1130, 'Analysis of Irregular Single-Indexed Array Accesses and Its Applications in Compiler Optimizations.', '202-218', NULL, 42);
INSERT INTO Person (PersonId, Name) VALUES (1965, 'Yuan Lin');
INSERT INTO RelationPersonInProceeding (PersonId, InProceedingId) VALUES (1965, 1130);
INSERT INTO Person (PersonId, Name) VALUES (1966, 'David A. Padua');
INSERT INTO RelationPersonInProceeding (PersonId, InProceedingId) VALUES (1966, 1130);
INSERT INTO InProceeding (InProceedingId, Title, Pages, Url, ProceedingId) VALUES (1131, 'One-Pass, Optimal Tree Parsing - With Or Without Trees.', '294-308', NULL, 39);
INSERT INTO Person (PersonId, Name) VALUES (1967, 'Benjamin R. Whaley');
INSERT INTO RelationPersonInProceeding (PersonId, InProceedingId) VALUES (1967, 1131);
INSERT INTO Person (PersonId, Name) VALUES (1968, 'Todd A. Proebsting');
INSERT INTO RelationPersonInProceeding (PersonId, InProceedingId) VALUES (1968, 1131);
INSERT INTO InProceeding (InProceedingId, Title, Pages, Url, ProceedingId) VALUES (1132, 'Incremental Symbol Processing.', '11-38', NULL, 35);
INSERT INTO RelationPersonInProceeding (PersonId, InProceedingId) VALUES (1921, 1132);
INSERT INTO InProceeding (InProceedingId, Title, Pages, Url, ProceedingId) VALUES (1133, 'Generating Efficient Code from Continuation Semantics.', '165-178', NULL, 36);
INSERT INTO RelationPersonInProceeding (PersonId, InProceedingId) VALUES (1922, 1133);
INSERT INTO InProceeding (InProceedingId, Title, Pages, Url, ProceedingId) VALUES (1134, 'A Term Pattern-Match Compiler Inspired by Finite Automata Theory.', '258-270', NULL, 37);
INSERT INTO RelationPersonInProceeding (PersonId, InProceedingId) VALUES (1922, 1134);
INSERT INTO InProceeding (InProceedingId, Title, Pages, Url, ProceedingId) VALUES (1135, 'A Compiler for Natural Semantics.', '177-191', NULL, 39);
INSERT INTO RelationPersonInProceeding (PersonId, InProceedingId) VALUES (1922, 1135);
INSERT INTO InProceeding (InProceedingId, Title, Pages, Url, ProceedingId) VALUES (1136, 'Portable Debugging and Profiling.', '279-293', NULL, 40);
INSERT INTO RelationPersonInProceeding (PersonId, InProceedingId) VALUES (1922, 1136);
INSERT INTO InProceeding (InProceedingId, Title, Pages, Url, ProceedingId) VALUES (1137, 'Optimizing Static Power Dissipation by Functional Units in Superscalar Processors.', '261-275', NULL, 44);
INSERT INTO RelationPersonInProceeding (PersonId, InProceedingId) VALUES (1881, 1137);
INSERT INTO Person (PersonId, Name) VALUES (1969, 'Soner nder');
INSERT INTO RelationPersonInProceeding (PersonId, InProceedingId) VALUES (1969, 1137);
INSERT INTO Person (PersonId, Name) VALUES (1970, 'Siddharth Rele');
INSERT INTO RelationPersonInProceeding (PersonId, InProceedingId) VALUES (1970, 1137);
INSERT INTO Person (PersonId, Name) VALUES (1971, 'Santosh Pande');
INSERT INTO RelationPersonInProceeding (PersonId, InProceedingId) VALUES (1971, 1137);
INSERT INTO InProceeding (InProceedingId, Title, Pages, Url, ProceedingId) VALUES (1138, 'Linear Scan Register Allocation in the Context of SSA Form and Register Constraints.', '229-246', NULL, 44);
INSERT INTO Person (PersonId, Name) VALUES (1972, 'Michael Pfeiffer');
INSERT INTO RelationPersonInProceeding (PersonId, InProceedingId) VALUES (1972, 1138);
INSERT INTO RelationPersonInProceeding (PersonId, InProceedingId) VALUES (1945, 1138);
INSERT INTO InProceeding (InProceedingId, Title, Pages, Url, ProceedingId) VALUES (1139, 'A Practical Approach to the Symbolic Debugging of Parallelized Code.', '339-356', NULL, 38);
INSERT INTO RelationPersonInProceeding (PersonId, InProceedingId) VALUES (1883, 1139);
INSERT INTO Person (PersonId, Name) VALUES (1973, 'Patricia Prather Pineo');
INSERT INTO RelationPersonInProceeding (PersonId, InProceedingId) VALUES (1973, 1139);
INSERT INTO InProceeding (InProceedingId, Title, Pages, Url, ProceedingId) VALUES (1140, 'Disambiguation Filters for Scannerless Generalized LR Parsers.', '143-158', NULL, 44);
INSERT INTO Person (PersonId, Name) VALUES (1974, 'Eelco Visser');
INSERT INTO RelationPersonInProceeding (PersonId, InProceedingId) VALUES (1974, 1140);
INSERT INTO Person (PersonId, Name) VALUES (1975, 'Jurgen J. Vinju');
INSERT INTO RelationPersonInProceeding (PersonId, InProceedingId) VALUES (1975, 1140);
INSERT INTO Person (PersonId, Name) VALUES (1976, 'Jeroen Scheerder');
INSERT INTO RelationPersonInProceeding (PersonId, InProceedingId) VALUES (1976, 1140);
INSERT INTO Person (PersonId, Name) VALUES (1977, 'Mark van den Brand');
INSERT INTO RelationPersonInProceeding (PersonId, InProceedingId) VALUES (1977, 1140);
INSERT INTO InProceeding (InProceedingId, Title, Pages, Url, ProceedingId) VALUES (1141, 'Incremental Computation of Static Single Assignment Form.', '223-237', NULL, 39);
INSERT INTO Person (PersonId, Name) VALUES (1978, 'Vivek Sarkar');
INSERT INTO RelationPersonInProceeding (PersonId, InProceedingId) VALUES (1978, 1141);
INSERT INTO Person (PersonId, Name) VALUES (1979, 'Jong-Deok Choi');
INSERT INTO RelationPersonInProceeding (PersonId, InProceedingId) VALUES (1979, 1141);
INSERT INTO Person (PersonId, Name) VALUES (1980, 'Edith Schonberg');
INSERT INTO RelationPersonInProceeding (PersonId, InProceedingId) VALUES (1980, 1141);
INSERT INTO InProceeding (InProceedingId, Title, Pages, Url, ProceedingId) VALUES (1142, 'Pipelined Java Virtual Machine Interpreters.', '35-49', NULL, 42);
INSERT INTO Person (PersonId, Name) VALUES (1981, 'Jan Hoogerbrugge');
INSERT INTO RelationPersonInProceeding (PersonId, InProceedingId) VALUES (1981, 1142);
INSERT INTO Person (PersonId, Name) VALUES (1982, 'Lex Augusteijn');
INSERT INTO RelationPersonInProceeding (PersonId, InProceedingId) VALUES (1982, 1142);
INSERT INTO InProceeding (InProceedingId, Title, Pages, Url, ProceedingId) VALUES (1143, 'Comparing Software Pipelining for an Operation-Triggered and a Tarnsport-Triggered Architecture.', '219-228', NULL, 37);
INSERT INTO RelationPersonInProceeding (PersonId, InProceedingId) VALUES (1951, 1143);
INSERT INTO RelationPersonInProceeding (PersonId, InProceedingId) VALUES (1981, 1143);
INSERT INTO InProceeding (InProceedingId, Title, Pages, Url, ProceedingId) VALUES (1144, 'Transport-Triggering versus Operation-Triggering.', '435-449', NULL, 38);
INSERT INTO RelationPersonInProceeding (PersonId, InProceedingId) VALUES (1951, 1144);
INSERT INTO RelationPersonInProceeding (PersonId, InProceedingId) VALUES (1981, 1144);
INSERT INTO InProceeding (InProceedingId, Title, Pages, Url, ProceedingId) VALUES (1145, 'Effective Enhancement of Loop Versioning in Java.', '293-306', NULL, 44);
INSERT INTO Person (PersonId, Name) VALUES (1983, 'Nikita V. Lipsky');
INSERT INTO RelationPersonInProceeding (PersonId, InProceedingId) VALUES (1983, 1145);
INSERT INTO Person (PersonId, Name) VALUES (1984, 'Vladimir V. Sukharev');
INSERT INTO RelationPersonInProceeding (PersonId, InProceedingId) VALUES (1984, 1145);
INSERT INTO Person (PersonId, Name) VALUES (1985, 'Vitaly V. Mikheev');
INSERT INTO RelationPersonInProceeding (PersonId, InProceedingId) VALUES (1985, 1145);
INSERT INTO Person (PersonId, Name) VALUES (1986, 'Stanislav A. Fedoseev');
INSERT INTO RelationPersonInProceeding (PersonId, InProceedingId) VALUES (1986, 1145);
INSERT INTO InProceeding (InProceedingId, Title, Pages, Url, ProceedingId) VALUES (1146, 'A Framework for Loop Distribution on Limited On-Chip Memory Processors.', '141-156', NULL, 42);
INSERT INTO Person (PersonId, Name) VALUES (1987, 'Waibhav Tembe');
INSERT INTO RelationPersonInProceeding (PersonId, InProceedingId) VALUES (1987, 1146);
INSERT INTO Person (PersonId, Name) VALUES (1988, 'Lei Wang');
INSERT INTO RelationPersonInProceeding (PersonId, InProceedingId) VALUES (1988, 1146);
INSERT INTO RelationPersonInProceeding (PersonId, InProceedingId) VALUES (1971, 1146);
INSERT INTO InProceeding (InProceedingId, Title, Pages, Url, ProceedingId) VALUES (1147, 'Design-Driven Compilation.', '150-164', NULL, 43);
INSERT INTO Person (PersonId, Name) VALUES (1989, 'Radu Rugina');
INSERT INTO RelationPersonInProceeding (PersonId, InProceedingId) VALUES (1989, 1147);
INSERT INTO Person (PersonId, Name) VALUES (1990, 'Martin C. Rinard');
INSERT INTO RelationPersonInProceeding (PersonId, InProceedingId) VALUES (1990, 1147);
INSERT INTO InProceeding (InProceedingId, Title, Pages, Url, ProceedingId) VALUES (1148, 'Optimizing Implementation of Aggregates in the Compiler Specification System MAGIC.', '190-203', NULL, 35);
INSERT INTO Person (PersonId, Name) VALUES (1991, 'Arnd Poetzsch-Heffter');
INSERT INTO RelationPersonInProceeding (PersonId, InProceedingId) VALUES (1991, 1148);
INSERT INTO InProceeding (InProceedingId, Title, Pages, Url, ProceedingId) VALUES (1149, 'Implementing High-Level Identification Specifications.', '59-65', NULL, 37);
INSERT INTO RelationPersonInProceeding (PersonId, InProceedingId) VALUES (1991, 1149);
INSERT INTO InProceeding (InProceedingId, Title, Pages, Url, ProceedingId) VALUES (1150, 'Developing Efficient Interpreters Based on Formal Language Specifications.', '233-247', NULL, 38);
INSERT INTO RelationPersonInProceeding (PersonId, InProceedingId) VALUES (1991, 1150);
INSERT INTO InProceeding (InProceedingId, Title, Pages, Url, ProceedingId) VALUES (1151, 'Experimental Comparison of call string and functional Approaches to Interprocedural Analysis.', '63-75', NULL, 41);
INSERT INTO RelationPersonInProceeding (PersonId, InProceedingId) VALUES (1937, 1151);
INSERT INTO InProceeding (InProceedingId, Title, Pages, Url, ProceedingId) VALUES (1152, 'Evaluating a Demand Driven Technique for Call Graph Construction.', '29-45', NULL, 44);
INSERT INTO Person (PersonId, Name) VALUES (1992, 'Gagan Agrawal');
INSERT INTO RelationPersonInProceeding (PersonId, InProceedingId) VALUES (1992, 1152);
INSERT INTO Person (PersonId, Name) VALUES (1993, 'Jinqian Li');
INSERT INTO RelationPersonInProceeding (PersonId, InProceedingId) VALUES (1993, 1152);
INSERT INTO Person (PersonId, Name) VALUES (1994, 'Qi Su');
INSERT INTO RelationPersonInProceeding (PersonId, InProceedingId) VALUES (1994, 1152);
INSERT INTO InProceeding (InProceedingId, Title, Pages, Url, ProceedingId) VALUES (1153, 'Tool Support for Language Design and Prototyping with Montages.', '296-299', NULL, 41);
INSERT INTO Person (PersonId, Name) VALUES (1995, 'Alfonso Pierantonio');
INSERT INTO RelationPersonInProceeding (PersonId, InProceedingId) VALUES (1995, 1153);
INSERT INTO Person (PersonId, Name) VALUES (1996, 'Matthias Anlauff');
INSERT INTO RelationPersonInProceeding (PersonId, InProceedingId) VALUES (1996, 1153);
INSERT INTO Person (PersonId, Name) VALUES (1997, 'Philipp W. Kutter');
INSERT INTO RelationPersonInProceeding (PersonId, InProceedingId) VALUES (1997, 1153);
INSERT INTO InProceeding (InProceedingId, Title, Pages, Url, ProceedingId) VALUES (1154, 'Solving Demand Versions of Interprocedural Analysis Problems.', '389-403', NULL, 38);
INSERT INTO Person (PersonId, Name) VALUES (1998, 'Thomas W. Reps');
INSERT INTO RelationPersonInProceeding (PersonId, InProceedingId) VALUES (1998, 1154);
INSERT INTO InProceeding (InProceedingId, Title, Pages, Url, ProceedingId) VALUES (1155, 'SmartTools: A Generator of Interactive Environments Tools.', '355-360', NULL, 43);
INSERT INTO Person (PersonId, Name) VALUES (1999, 'Alexandre Fau');
INSERT INTO RelationPersonInProceeding (PersonId, InProceedingId) VALUES (1999, 1155);
INSERT INTO Person (PersonId, Name) VALUES (2000, 'Carine Courbis');
INSERT INTO RelationPersonInProceeding (PersonId, InProceedingId) VALUES (2000, 1155);
INSERT INTO RelationPersonInProceeding (PersonId, InProceedingId) VALUES (1867, 1155);
INSERT INTO Person (PersonId, Name) VALUES (2001, 'Claude Pasquier');
INSERT INTO RelationPersonInProceeding (PersonId, InProceedingId) VALUES (2001, 1155);
INSERT INTO Person (PersonId, Name) VALUES (2002, 'Pascal Degenne');
INSERT INTO RelationPersonInProceeding (PersonId, InProceedingId) VALUES (2002, 1155);
INSERT INTO Person (PersonId, Name) VALUES (2003, 'Isabelle Attali');
INSERT INTO RelationPersonInProceeding (PersonId, InProceedingId) VALUES (2003, 1155);
INSERT INTO InProceeding (InProceedingId, Title, Pages, Url, ProceedingId) VALUES (1156, 'A Parallel Debugger with Support for Distributed Arrays, Multiple Executables and Dynamic Processes.', '341-355', NULL, 39);
INSERT INTO Person (PersonId, Name) VALUES (2004, 'Peter Skov');
INSERT INTO RelationPersonInProceeding (PersonId, InProceedingId) VALUES (2004, 1156);
INSERT INTO Person (PersonId, Name) VALUES (2005, 'Roland Wismller');
INSERT INTO RelationPersonInProceeding (PersonId, InProceedingId) VALUES (2005, 1156);
INSERT INTO Person (PersonId, Name) VALUES (2006, 'Jonas Sala');
INSERT INTO RelationPersonInProceeding (PersonId, InProceedingId) VALUES (2006, 1156);
INSERT INTO RelationPersonInProceeding (PersonId, InProceedingId) VALUES (1872, 1156);
INSERT INTO Person (PersonId, Name) VALUES (2007, 'Olav Hansen');
INSERT INTO RelationPersonInProceeding (PersonId, InProceedingId) VALUES (2007, 1156);
INSERT INTO InProceeding (InProceedingId, Title, Pages, Url, ProceedingId) VALUES (1157, 'Software Engineering Aspects in Language Implementation.', '39-51', NULL, 35);
INSERT INTO RelationPersonInProceeding (PersonId, InProceedingId) VALUES (1874, 1157);
INSERT INTO InProceeding (InProceedingId, Title, Pages, Url, ProceedingId) VALUES (1158, 'Advanced Scalarization of Array Syntax.', '219-231', NULL, 42);
INSERT INTO Person (PersonId, Name) VALUES (2008, 'Gerald Roth');
INSERT INTO RelationPersonInProceeding (PersonId, InProceedingId) VALUES (2008, 1158);
INSERT INTO InProceeding (InProceedingId, Title, Pages, Url, ProceedingId) VALUES (1159, 'Storage Allocation Strategies for Recursive Attributes Evaluators.', '50-64', NULL, 40);
INSERT INTO Person (PersonId, Name) VALUES (2009, 'Takuya Katayama');
INSERT INTO RelationPersonInProceeding (PersonId, InProceedingId) VALUES (2009, 1159);
INSERT INTO Person (PersonId, Name) VALUES (2010, 'Kazunori Mizushima');
INSERT INTO RelationPersonInProceeding (PersonId, InProceedingId) VALUES (2010, 1159);
INSERT INTO InProceeding (InProceedingId, Title, Pages, Url, ProceedingId) VALUES (1160, 'Delegating Compiler Objects: An Object-Oriented Approach to Crafting Compilers.', '326-340', NULL, 39);
INSERT INTO Person (PersonId, Name) VALUES (2011, 'Jan Bosch');
INSERT INTO RelationPersonInProceeding (PersonId, InProceedingId) VALUES (2011, 1160);
INSERT INTO InProceeding (InProceedingId, Title, Pages, Url, ProceedingId) VALUES (1161, 'Data Structure Free Compilation.', '1-16', NULL, 41);
INSERT INTO Person (PersonId, Name) VALUES (2012, 'Joo Sariava');
INSERT INTO RelationPersonInProceeding (PersonId, InProceedingId) VALUES (2012, 1161);
INSERT INTO RelationPersonInProceeding (PersonId, InProceedingId) VALUES (1927, 1161);
INSERT INTO InProceeding (InProceedingId, Title, Pages, Url, ProceedingId) VALUES (1162, 'Action Transformations in the ACTRESS Compiler Generator.', '16-60', NULL, 38);
INSERT INTO RelationPersonInProceeding (PersonId, InProceedingId) VALUES (1876, 1162);
INSERT INTO Person (PersonId, Name) VALUES (2013, 'Hermano Moura');
INSERT INTO RelationPersonInProceeding (PersonId, InProceedingId) VALUES (2013, 1162);
INSERT INTO InProceeding (InProceedingId, Title, Pages, Url, ProceedingId) VALUES (1163, 'An Attributed ELL(1)-Parser Generator (Abstract).', '208-209', NULL, 36);
INSERT INTO Person (PersonId, Name) VALUES (2014, 'Joos Schaap-Krueseman');
INSERT INTO RelationPersonInProceeding (PersonId, InProceedingId) VALUES (2014, 1163);
INSERT INTO Person (PersonId, Name) VALUES (2015, 'Henk Alblas');
INSERT INTO RelationPersonInProceeding (PersonId, InProceedingId) VALUES (2015, 1163);
INSERT INTO InProceeding (InProceedingId, Title, Pages, Url, ProceedingId) VALUES (1164, 'Compiling Flang.', '297-311', NULL, 37);
INSERT INTO Person (PersonId, Name) VALUES (2016, 'Andrei Mantsivoda');
INSERT INTO RelationPersonInProceeding (PersonId, InProceedingId) VALUES (2016, 1164);
INSERT INTO Person (PersonId, Name) VALUES (2017, 'Vyacheslav Petukhin');
INSERT INTO RelationPersonInProceeding (PersonId, InProceedingId) VALUES (2017, 1164);
INSERT INTO InProceeding (InProceedingId, Title, Pages, Url, ProceedingId) VALUES (1165, 'Partial Evaluation of C and Automatic Compiler Generation (Extended Abstract).', '251-257', NULL, 37);
INSERT INTO Person (PersonId, Name) VALUES (2018, 'Lars Ole Andersen');
INSERT INTO RelationPersonInProceeding (PersonId, InProceedingId) VALUES (2018, 1165);
INSERT INTO InProceeding (InProceedingId, Title, Pages, Url, ProceedingId) VALUES (1166, 'Flow Grammars - a Flow Analysis Methodology.', '203-217', NULL, 38);
INSERT INTO RelationPersonInProceeding (PersonId, InProceedingId) VALUES (1885, 1166);
INSERT INTO RelationPersonInProceeding (PersonId, InProceedingId) VALUES (1878, 1166);
INSERT INTO InProceeding (InProceedingId, Title, Pages, Url, ProceedingId) VALUES (1167, 'Implementing 2DT on a Multiprocessor.', '113-127', NULL, 38);
INSERT INTO Person (PersonId, Name) VALUES (2019, 'Gudula Rnger');
INSERT INTO RelationPersonInProceeding (PersonId, InProceedingId) VALUES (2019, 1167);
INSERT INTO Person (PersonId, Name) VALUES (2020, 'Assaf Schuster');
INSERT INTO RelationPersonInProceeding (PersonId, InProceedingId) VALUES (2020, 1167);
INSERT INTO RelationPersonInProceeding (PersonId, InProceedingId) VALUES (1877, 1167);
INSERT INTO Person (PersonId, Name) VALUES (2021, 'Yosi Ben-Asher');
INSERT INTO RelationPersonInProceeding (PersonId, InProceedingId) VALUES (2021, 1167);
INSERT INTO InProceeding (InProceedingId, Title, Pages, Url, ProceedingId) VALUES (1168, 'Flow Logics for Constraint Based Analysis.', '109-127', NULL, 40);
INSERT INTO Person (PersonId, Name) VALUES (2022, 'Hanne Riis Nielson');
INSERT INTO RelationPersonInProceeding (PersonId, InProceedingId) VALUES (2022, 1168);
INSERT INTO Person (PersonId, Name) VALUES (2023, 'Flemming Nielson');
INSERT INTO RelationPersonInProceeding (PersonId, InProceedingId) VALUES (2023, 1168);
INSERT INTO InProceeding (InProceedingId, Title, Pages, Url, ProceedingId) VALUES (1169, 'A Representation for Bit Section Based Analysis and Optimization.', '62-77', NULL, 44);
INSERT INTO Person (PersonId, Name) VALUES (2024, 'Youtao Zhang');
INSERT INTO RelationPersonInProceeding (PersonId, InProceedingId) VALUES (2024, 1169);
INSERT INTO RelationPersonInProceeding (PersonId, InProceedingId) VALUES (1881, 1169);
INSERT INTO Person (PersonId, Name) VALUES (2025, 'Eduard Mehofer');
INSERT INTO RelationPersonInProceeding (PersonId, InProceedingId) VALUES (2025, 1169);
INSERT INTO InProceeding (InProceedingId, Title, Pages, Url, ProceedingId) VALUES (1170, 'Syntax Directed Translation with LR Parsing.', '30-36', NULL, 37);
INSERT INTO Person (PersonId, Name) VALUES (2026, 'Borivoj Melichar');
INSERT INTO RelationPersonInProceeding (PersonId, InProceedingId) VALUES (2026, 1170);
INSERT INTO InProceeding (InProceedingId, Title, Pages, Url, ProceedingId) VALUES (1171, 'Global Variable Promotion: Using Registers to Reduce Cache Power Dissipation.', '247-260', NULL, 44);
INSERT INTO RelationPersonInProceeding (PersonId, InProceedingId) VALUES (1951, 1171);
INSERT INTO Person (PersonId, Name) VALUES (2027, 'Andrea G. M. Cilio');
INSERT INTO RelationPersonInProceeding (PersonId, InProceedingId) VALUES (2027, 1171);
INSERT INTO InProceeding (InProceedingId, Title, Pages, Url, ProceedingId) VALUES (1172, 'Floating Point to Fixed Point Conversion of C Code.', '229-243', NULL, 41);
INSERT INTO RelationPersonInProceeding (PersonId, InProceedingId) VALUES (1951, 1172);
INSERT INTO RelationPersonInProceeding (PersonId, InProceedingId) VALUES (2027, 1172);
INSERT INTO InProceeding (InProceedingId, Title, Pages, Url, ProceedingId) VALUES (1173, 'On Interprocedural Data Flow Analysis for Object Oriented Languages.', '156-162', NULL, 37);
INSERT INTO Person (PersonId, Name) VALUES (2028, 'Christoph Steigner');
INSERT INTO RelationPersonInProceeding (PersonId, InProceedingId) VALUES (2028, 1173);
INSERT INTO Person (PersonId, Name) VALUES (2029, 'Mario Sdholt');
INSERT INTO RelationPersonInProceeding (PersonId, InProceedingId) VALUES (2029, 1173);
INSERT INTO InProceeding (InProceedingId, Title, Pages, Url, ProceedingId) VALUES (1174, 'Optimizing Java Bytecode Using the Soot Framework: Is It Feasible?', '18-34', NULL, 42);
INSERT INTO Person (PersonId, Name) VALUES (2030, 'Laurie J. Hendren');
INSERT INTO RelationPersonInProceeding (PersonId, InProceedingId) VALUES (2030, 1174);
INSERT INTO Person (PersonId, Name) VALUES (2031, 'Raja Valle-Rai');
INSERT INTO RelationPersonInProceeding (PersonId, InProceedingId) VALUES (2031, 1174);
INSERT INTO Person (PersonId, Name) VALUES (2032, 'Vijay Sundaresan');
INSERT INTO RelationPersonInProceeding (PersonId, InProceedingId) VALUES (2032, 1174);
INSERT INTO Person (PersonId, Name) VALUES (2033, 'Patrick Lam');
INSERT INTO RelationPersonInProceeding (PersonId, InProceedingId) VALUES (2033, 1174);
INSERT INTO Person (PersonId, Name) VALUES (2034, 'Etienne Gagnon');
INSERT INTO RelationPersonInProceeding (PersonId, InProceedingId) VALUES (2034, 1174);
INSERT INTO Person (PersonId, Name) VALUES (2035, 'Patrice Pominville');
INSERT INTO RelationPersonInProceeding (PersonId, InProceedingId) VALUES (2035, 1174);
INSERT INTO InProceeding (InProceedingId, Title, Pages, Url, ProceedingId) VALUES (1175, 'Simple Generation of Static Single-Assignment Form.', '110-124', NULL, 42);
INSERT INTO Person (PersonId, Name) VALUES (2036, 'John Aycock');
INSERT INTO RelationPersonInProceeding (PersonId, InProceedingId) VALUES (2036, 1175);
INSERT INTO RelationPersonInProceeding (PersonId, InProceedingId) VALUES (1878, 1175);
INSERT INTO InProceeding (InProceedingId, Title, Pages, Url, ProceedingId) VALUES (1176, 'Directly-Executable Earley Parsing.', '229-243', NULL, 43);
INSERT INTO RelationPersonInProceeding (PersonId, InProceedingId) VALUES (2036, 1176);
INSERT INTO RelationPersonInProceeding (PersonId, InProceedingId) VALUES (1878, 1176);
INSERT INTO InProceeding (InProceedingId, Title, Pages, Url, ProceedingId) VALUES (1177, 'Faster Generalized LR Parsing.', '32-46', NULL, 41);
INSERT INTO RelationPersonInProceeding (PersonId, InProceedingId) VALUES (2036, 1177);
INSERT INTO RelationPersonInProceeding (PersonId, InProceedingId) VALUES (1878, 1177);
INSERT INTO InProceeding (InProceedingId, Title, Pages, Url, ProceedingId) VALUES (1178, 'On the Implementation of Abstract Interpretation Systems for (Constraint) Logic Programs.', '172-187', NULL, 38);
INSERT INTO Person (PersonId, Name) VALUES (2037, 'Wim Simoens');
INSERT INTO RelationPersonInProceeding (PersonId, InProceedingId) VALUES (2037, 1178);
INSERT INTO Person (PersonId, Name) VALUES (2038, 'Gerda Janssens');
INSERT INTO RelationPersonInProceeding (PersonId, InProceedingId) VALUES (2038, 1178);
INSERT INTO InProceeding (InProceedingId, Title, Pages, Url, ProceedingId) VALUES (1179, 'A Tool Box for Compiler Construction.', '106-116', NULL, 36);
INSERT INTO RelationPersonInProceeding (PersonId, InProceedingId) VALUES (1888, 1179);
INSERT INTO Person (PersonId, Name) VALUES (2039, 'Helmut Emmelmann');
INSERT INTO RelationPersonInProceeding (PersonId, InProceedingId) VALUES (2039, 1179);
INSERT INTO InProceeding (InProceedingId, Title, Pages, Url, ProceedingId) VALUES (1180, 'Alias Analysis by Means of a Model Checker.', '3-19', NULL, 43);
INSERT INTO Person (PersonId, Name) VALUES (2040, 'Vincenzo Martena');
INSERT INTO RelationPersonInProceeding (PersonId, InProceedingId) VALUES (2040, 1180);
INSERT INTO Person (PersonId, Name) VALUES (2041, 'Pierluigi San Pietro');
INSERT INTO RelationPersonInProceeding (PersonId, InProceedingId) VALUES (2041, 1180);
INSERT INTO InProceeding (InProceedingId, Title, Pages, Url, ProceedingId) VALUES (1181, 'Software Pipelining of Nested Loops.', '165-181', NULL, 43);
INSERT INTO Person (PersonId, Name) VALUES (2042, 'Gautam Doshi');
INSERT INTO RelationPersonInProceeding (PersonId, InProceedingId) VALUES (2042, 1181);
INSERT INTO Person (PersonId, Name) VALUES (2043, 'Kalyan Muthukumar');
INSERT INTO RelationPersonInProceeding (PersonId, InProceedingId) VALUES (2043, 1181);
INSERT INTO InProceeding (InProceedingId, Title, Pages, Url, ProceedingId) VALUES (1182, 'Efficient Symbolic Analysis for Optimizing Compilers.', '118-132', NULL, 43);
INSERT INTO Person (PersonId, Name) VALUES (2044, 'Robert van Engelen');
INSERT INTO RelationPersonInProceeding (PersonId, InProceedingId) VALUES (2044, 1182);
INSERT INTO InProceeding (InProceedingId, Title, Pages, Url, ProceedingId) VALUES (1183, 'Global Code Selection of Directed Acyclic Graphs.', '128-142', NULL, 38);
INSERT INTO Person (PersonId, Name) VALUES (2045, 'Alois Knoll');
INSERT INTO RelationPersonInProceeding (PersonId, InProceedingId) VALUES (2045, 1183);
INSERT INTO Person (PersonId, Name) VALUES (2046, 'Andreas Fauth');
INSERT INTO RelationPersonInProceeding (PersonId, InProceedingId) VALUES (2046, 1183);
INSERT INTO RelationPersonInProceeding (PersonId, InProceedingId) VALUES (88, 1183);
INSERT INTO Person (PersonId, Name) VALUES (2047, 'Carsten Mller');
INSERT INTO RelationPersonInProceeding (PersonId, InProceedingId) VALUES (2047, 1183);
INSERT INTO InProceeding (InProceedingId, Title, Pages, Url, ProceedingId) VALUES (1184, 'Imperative Program Transformation by Rewriting.', '52-68', NULL, 43);
INSERT INTO Person (PersonId, Name) VALUES (2048, 'David Lacey');
INSERT INTO RelationPersonInProceeding (PersonId, InProceedingId) VALUES (2048, 1184);
INSERT INTO Person (PersonId, Name) VALUES (2049, 'Oege de Moor');
INSERT INTO RelationPersonInProceeding (PersonId, InProceedingId) VALUES (2049, 1184);
INSERT INTO InProceeding (InProceedingId, Title, Pages, Url, ProceedingId) VALUES (1185, 'Link-Time Improvement of Scheme Programs.', '76-90', NULL, 41);
INSERT INTO Person (PersonId, Name) VALUES (2050, 'Saumya K. Debray');
INSERT INTO RelationPersonInProceeding (PersonId, InProceedingId) VALUES (2050, 1185);
INSERT INTO Person (PersonId, Name) VALUES (2051, 'Scott A. Watterson');
INSERT INTO RelationPersonInProceeding (PersonId, InProceedingId) VALUES (2051, 1185);
INSERT INTO Person (PersonId, Name) VALUES (2052, 'Robert Muth');
INSERT INTO RelationPersonInProceeding (PersonId, InProceedingId) VALUES (2052, 1185);
INSERT INTO InProceeding (InProceedingId, Title, Pages, Url, ProceedingId) VALUES (1186, 'Precise Exception Semantics in Dynamic Compilation.', '95-110', NULL, 44);
INSERT INTO Person (PersonId, Name) VALUES (2053, 'Michael Gschwind');
INSERT INTO RelationPersonInProceeding (PersonId, InProceedingId) VALUES (2053, 1186);
INSERT INTO Person (PersonId, Name) VALUES (2054, 'Erik R. Altman');
INSERT INTO RelationPersonInProceeding (PersonId, InProceedingId) VALUES (2054, 1186);
INSERT INTO InProceeding (InProceedingId, Title, Pages, Url, ProceedingId) VALUES (1187, 'LISA: An Interactive Environment for Programming Language Development.', '1-4', NULL, 44);
INSERT INTO Person (PersonId, Name) VALUES (2055, 'Marjan Mernik');
INSERT INTO RelationPersonInProceeding (PersonId, InProceedingId) VALUES (2055, 1187);
INSERT INTO Person (PersonId, Name) VALUES (2056, 'Enis Avdicausevic');
INSERT INTO RelationPersonInProceeding (PersonId, InProceedingId) VALUES (2056, 1187);
INSERT INTO Person (PersonId, Name) VALUES (2057, 'Mitja Lenic');
INSERT INTO RelationPersonInProceeding (PersonId, InProceedingId) VALUES (2057, 1187);
INSERT INTO Person (PersonId, Name) VALUES (2058, 'Viljem Zumer');
INSERT INTO RelationPersonInProceeding (PersonId, InProceedingId) VALUES (2058, 1187);
INSERT INTO InProceeding (InProceedingId, Title, Pages, Url, ProceedingId) VALUES (1188, 'Compilation and Memory Management for ASF+SDF.', '198-213', NULL, 41);
INSERT INTO Person (PersonId, Name) VALUES (2059, 'Pieter A. Olivier');
INSERT INTO RelationPersonInProceeding (PersonId, InProceedingId) VALUES (2059, 1188);
INSERT INTO RelationPersonInProceeding (PersonId, InProceedingId) VALUES (1495, 1188);
INSERT INTO RelationPersonInProceeding (PersonId, InProceedingId) VALUES (1977, 1188);
INSERT INTO InProceeding (InProceedingId, Title, Pages, Url, ProceedingId) VALUES (1189, 'A Faster Earley Parser.', '281-293', NULL, 39);
INSERT INTO RelationPersonInProceeding (PersonId, InProceedingId) VALUES (1878, 1189);
INSERT INTO Person (PersonId, Name) VALUES (2060, 'Philippe McLean');
INSERT INTO RelationPersonInProceeding (PersonId, InProceedingId) VALUES (2060, 1189);
INSERT INTO InProceeding (InProceedingId, Title, Pages, Url, ProceedingId) VALUES (1190, 'Attributed Tree Transformations with Delayed and Smart Re-Evaluation.', '160-174', NULL, 35);
INSERT INTO RelationPersonInProceeding (PersonId, InProceedingId) VALUES (2015, 1190);
INSERT INTO InProceeding (InProceedingId, Title, Pages, Url, ProceedingId) VALUES (1191, 'Supporting Array Dependence Testing for an Optimizing/Parallelizing C Compiler.', '309-323', NULL, 38);
INSERT INTO RelationPersonInProceeding (PersonId, InProceedingId) VALUES (2030, 1191);
INSERT INTO Person (PersonId, Name) VALUES (2061, 'Justiani');
INSERT INTO RelationPersonInProceeding (PersonId, InProceedingId) VALUES (2061, 1191);
INSERT INTO InProceeding (InProceedingId, Title, Pages, Url, ProceedingId) VALUES (1192, 'A Framework for Optimizing Java Using Attributes.', '334-354', NULL, 43);
INSERT INTO RelationPersonInProceeding (PersonId, InProceedingId) VALUES (2030, 1192);
INSERT INTO RelationPersonInProceeding (PersonId, InProceedingId) VALUES (2031, 1192);
INSERT INTO Person (PersonId, Name) VALUES (2062, 'Feng Qian');
INSERT INTO RelationPersonInProceeding (PersonId, InProceedingId) VALUES (2062, 1192);
INSERT INTO Person (PersonId, Name) VALUES (2063, 'Clark Verbrugge');
INSERT INTO RelationPersonInProceeding (PersonId, InProceedingId) VALUES (2063, 1192);
INSERT INTO RelationPersonInProceeding (PersonId, InProceedingId) VALUES (2035, 1192);
INSERT INTO InProceeding (InProceedingId, Title, Pages, Url, ProceedingId) VALUES (1193, 'Debugging Eli-Generated Compilers With Noosa.', '17-31', NULL, 41);
INSERT INTO Person (PersonId, Name) VALUES (2064, 'Anthony M. Sloane');
INSERT INTO RelationPersonInProceeding (PersonId, InProceedingId) VALUES (2064, 1193);
INSERT INTO InProceeding (InProceedingId, Title, Pages, Url, ProceedingId) VALUES (1194, 'Techniques for Effectively Exploiting a Zero Overhead Loop Buffer.', '157-172', NULL, 42);
INSERT INTO Person (PersonId, Name) VALUES (2065, 'Sanjay Jinturkar');
INSERT INTO RelationPersonInProceeding (PersonId, InProceedingId) VALUES (2065, 1194);
INSERT INTO Person (PersonId, Name) VALUES (2066, 'Chris Burns');
INSERT INTO RelationPersonInProceeding (PersonId, InProceedingId) VALUES (2066, 1194);
INSERT INTO Person (PersonId, Name) VALUES (2067, 'Gang-Ryung Uh');
INSERT INTO RelationPersonInProceeding (PersonId, InProceedingId) VALUES (2067, 1194);
INSERT INTO Person (PersonId, Name) VALUES (2068, 'David B. Whalley');
INSERT INTO RelationPersonInProceeding (PersonId, InProceedingId) VALUES (2068, 1194);
INSERT INTO Person (PersonId, Name) VALUES (2069, 'Yuhong Wang');
INSERT INTO RelationPersonInProceeding (PersonId, InProceedingId) VALUES (2069, 1194);
INSERT INTO Person (PersonId, Name) VALUES (2070, 'Vincent Cao');
INSERT INTO RelationPersonInProceeding (PersonId, InProceedingId) VALUES (2070, 1194);
INSERT INTO InProceeding (InProceedingId, Title, Pages, Url, ProceedingId) VALUES (1195, 'A Compiler with Scheduling for a Specialized Synchronous Multiprocessor System.', '132-146', NULL, 36);
INSERT INTO Person (PersonId, Name) VALUES (2071, 'Petr Kroha');
INSERT INTO RelationPersonInProceeding (PersonId, InProceedingId) VALUES (2071, 1195);
INSERT INTO RelationPersonInProceeding (PersonId, InProceedingId) VALUES (1921, 1195);
INSERT INTO InProceeding (InProceedingId, Title, Pages, Url, ProceedingId) VALUES (1196, 'The Implementation of ObjectMath - a High-Level Programming Environment for Scientific Computing.', '312-318', NULL, 37);
INSERT INTO Person (PersonId, Name) VALUES (2072, 'Johan Herber');
INSERT INTO RelationPersonInProceeding (PersonId, InProceedingId) VALUES (2072, 1196);
INSERT INTO RelationPersonInProceeding (PersonId, InProceedingId) VALUES (1921, 1196);
INSERT INTO Person (PersonId, Name) VALUES (2073, 'Lars Viklund');
INSERT INTO RelationPersonInProceeding (PersonId, InProceedingId) VALUES (2073, 1196);
INSERT INTO InProceeding (InProceedingId, Title, Pages, Url, ProceedingId) VALUES (1197, 'Specification and Implementation of a Tree-Abiding Interface for Ada (Extended Abstract).', '215-216', NULL, 36);
INSERT INTO Person (PersonId, Name) VALUES (2074, 'Eckhard Stein');
INSERT INTO RelationPersonInProceeding (PersonId, InProceedingId) VALUES (2074, 1197);
INSERT INTO Person (PersonId, Name) VALUES (2075, 'Martin Hartwig');
INSERT INTO RelationPersonInProceeding (PersonId, InProceedingId) VALUES (2075, 1197);
INSERT INTO Person (PersonId, Name) VALUES (2076, 'Roland Strobel');
INSERT INTO RelationPersonInProceeding (PersonId, InProceedingId) VALUES (2076, 1197);
INSERT INTO InProceeding (InProceedingId, Title, Pages, Url, ProceedingId) VALUES (1198, 'PAGODE: A Back End Generator Using Attribute Abstract Syntaxes and Term Rewritings.', '86-105', NULL, 36);
INSERT INTO Person (PersonId, Name) VALUES (2077, 'Annie Despland');
INSERT INTO RelationPersonInProceeding (PersonId, InProceedingId) VALUES (2077, 1198);
INSERT INTO Person (PersonId, Name) VALUES (2078, 'Raymond Rakotozafy');
INSERT INTO RelationPersonInProceeding (PersonId, InProceedingId) VALUES (2078, 1198);
INSERT INTO Person (PersonId, Name) VALUES (2079, 'Monique Mazaud');
INSERT INTO RelationPersonInProceeding (PersonId, InProceedingId) VALUES (2079, 1198);
INSERT INTO InProceeding (InProceedingId, Title, Pages, Url, ProceedingId) VALUES (1199, 'Interprocedural Path Profiling.', '47-62', NULL, 41);
INSERT INTO Person (PersonId, Name) VALUES (2080, 'David Melski');
INSERT INTO RelationPersonInProceeding (PersonId, InProceedingId) VALUES (2080, 1199);
INSERT INTO RelationPersonInProceeding (PersonId, InProceedingId) VALUES (1998, 1199);
INSERT INTO InProceeding (InProceedingId, Title, Pages, Url, ProceedingId) VALUES (1200, 'A Compiler Generator for Attributive Evaluation During LR Parsing.', '146-159', NULL, 35);
INSERT INTO Person (PersonId, Name) VALUES (2081, 'Jorma Tarhio');
INSERT INTO RelationPersonInProceeding (PersonId, InProceedingId) VALUES (2081, 1200);
INSERT INTO InProceeding (InProceedingId, Title, Pages, Url, ProceedingId) VALUES (1201, 'Local Stack Allocation.', '189-203', NULL, 40);
INSERT INTO Person (PersonId, Name) VALUES (2082, 'M. Anton Ertl');
INSERT INTO RelationPersonInProceeding (PersonId, InProceedingId) VALUES (2082, 1201);
INSERT INTO Person (PersonId, Name) VALUES (2083, 'Martin Maierhofer');
INSERT INTO RelationPersonInProceeding (PersonId, InProceedingId) VALUES (2083, 1201);
INSERT INTO InProceeding (InProceedingId, Title, Pages, Url, ProceedingId) VALUES (1202, 'Virtual Cache Line: A New Technique to Improve Cache Exploitation for Recursive Data Structures.', '259-273', NULL, 41);
INSERT INTO Person (PersonId, Name) VALUES (2084, 'Michael Rodeh');
INSERT INTO RelationPersonInProceeding (PersonId, InProceedingId) VALUES (2084, 1202);
INSERT INTO Person (PersonId, Name) VALUES (2085, 'David Bernstein');
INSERT INTO RelationPersonInProceeding (PersonId, InProceedingId) VALUES (2085, 1202);
INSERT INTO Person (PersonId, Name) VALUES (2086, 'Shai Rubin');
INSERT INTO RelationPersonInProceeding (PersonId, InProceedingId) VALUES (2086, 1202);
INSERT INTO InProceeding (InProceedingId, Title, Pages, Url, ProceedingId) VALUES (1203, 'Detecting Parallelism in C Programs with Recursive Darta Structures.', '159-173', NULL, 40);
INSERT INTO Person (PersonId, Name) VALUES (2087, 'Yingchun Zhu');
INSERT INTO RelationPersonInProceeding (PersonId, InProceedingId) VALUES (2087, 1203);
INSERT INTO RelationPersonInProceeding (PersonId, InProceedingId) VALUES (2030, 1203);
INSERT INTO Person (PersonId, Name) VALUES (2088, 'Rakesh Ghiya');
INSERT INTO RelationPersonInProceeding (PersonId, InProceedingId) VALUES (2088, 1203);
INSERT INTO InProceeding (InProceedingId, Title, Pages, Url, ProceedingId) VALUES (1204, 'The INDIA Lexic Generator.', '115-127', NULL, 35);
INSERT INTO Person (PersonId, Name) VALUES (2089, 'Michael Albinus');
INSERT INTO RelationPersonInProceeding (PersonId, InProceedingId) VALUES (2089, 1204);
INSERT INTO RelationPersonInProceeding (PersonId, InProceedingId) VALUES (1879, 1204);
INSERT INTO InProceeding (InProceedingId, Title, Pages, Url, ProceedingId) VALUES (1205, 'Aggressive Loop Unrolling in a Retargetable Optimizing Compiler.', '59-73', NULL, 39);
INSERT INTO RelationPersonInProceeding (PersonId, InProceedingId) VALUES (2065, 1205);
INSERT INTO Person (PersonId, Name) VALUES (2090, 'Jack W. Davidson');
INSERT INTO RelationPersonInProceeding (PersonId, InProceedingId) VALUES (2090, 1205);
INSERT INTO InProceeding (InProceedingId, Title, Pages, Url, ProceedingId) VALUES (1206, 'Efficient State-Diagram Construction Methods for Software Pipelining.', '153-167', NULL, 41);
INSERT INTO Person (PersonId, Name) VALUES (2091, 'Chihong Zhang');
INSERT INTO RelationPersonInProceeding (PersonId, InProceedingId) VALUES (2091, 1206);
INSERT INTO Person (PersonId, Name) VALUES (2092, 'Sean Ryan');
INSERT INTO RelationPersonInProceeding (PersonId, InProceedingId) VALUES (2092, 1206);
INSERT INTO Person (PersonId, Name) VALUES (2093, 'Ramaswamy Govindarajan');
INSERT INTO RelationPersonInProceeding (PersonId, InProceedingId) VALUES (2093, 1206);
INSERT INTO RelationPersonInProceeding (PersonId, InProceedingId) VALUES (1948, 1206);
INSERT INTO InProceeding (InProceedingId, Title, Pages, Url, ProceedingId) VALUES (1207, 'Demand-Driven Construction of Call Graphs.', '125-140', NULL, 42);
INSERT INTO RelationPersonInProceeding (PersonId, InProceedingId) VALUES (1992, 1207);
INSERT INTO InProceeding (InProceedingId, Title, Pages, Url, ProceedingId) VALUES (1208, 'Lrc - A Generator for Incremental Language-Oriented Tools.', '298-301', NULL, 40);
INSERT INTO RelationPersonInProceeding (PersonId, InProceedingId) VALUES (211, 1208);
INSERT INTO RelationPersonInProceeding (PersonId, InProceedingId) VALUES (1926, 1208);
INSERT INTO InProceeding (InProceedingId, Title, Pages, Url, ProceedingId) VALUES (1209, 'Register Pressure Sensitive Redundancy Elimination.', '107-121', NULL, 41);
INSERT INTO RelationPersonInProceeding (PersonId, InProceedingId) VALUES (1881, 1209);
INSERT INTO Person (PersonId, Name) VALUES (2094, 'Rastislav Bodk');
INSERT INTO RelationPersonInProceeding (PersonId, InProceedingId) VALUES (2094, 1209);
INSERT INTO InProceeding (InProceedingId, Title, Pages, Url, ProceedingId) VALUES (1210, 'Visual Patterns in the VLEli System.', '361-364', NULL, 43);
INSERT INTO Person (PersonId, Name) VALUES (2095, 'Uwe Kastens');
INSERT INTO RelationPersonInProceeding (PersonId, InProceedingId) VALUES (2095, 1210);
INSERT INTO Person (PersonId, Name) VALUES (2096, 'Matthias T. Jung');
INSERT INTO RelationPersonInProceeding (PersonId, InProceedingId) VALUES (2096, 1210);
INSERT INTO Person (PersonId, Name) VALUES (2097, 'Carsten Schmidt');
INSERT INTO RelationPersonInProceeding (PersonId, InProceedingId) VALUES (2097, 1210);
INSERT INTO Person (PersonId, Name) VALUES (2098, 'Christian Schindler');
INSERT INTO RelationPersonInProceeding (PersonId, InProceedingId) VALUES (2098, 1210);
INSERT INTO InProceeding (InProceedingId, Title, Pages, Url, ProceedingId) VALUES (1211, 'Towards Provably Correct Code Gneration for a Hard Real-Time Programming Language.', '294-308', NULL, 38);
INSERT INTO Person (PersonId, Name) VALUES (2099, 'Markus Mller-Olm');
INSERT INTO RelationPersonInProceeding (PersonId, InProceedingId) VALUES (2099, 1211);
INSERT INTO Person (PersonId, Name) VALUES (2100, 'Martin Frnzle');
INSERT INTO RelationPersonInProceeding (PersonId, InProceedingId) VALUES (2100, 1211);
INSERT INTO InProceeding (InProceedingId, Title, Pages, Url, ProceedingId) VALUES (1212, 'Cool: A Control-Flow Generator for System Analysis.', '306-309', NULL, 40);
INSERT INTO RelationPersonInProceeding (PersonId, InProceedingId) VALUES (1912, 1212);
INSERT INTO RelationPersonInProceeding (PersonId, InProceedingId) VALUES (1896, 1212);
INSERT INTO Person (PersonId, Name) VALUES (2101, 'Volker Braun');
INSERT INTO RelationPersonInProceeding (PersonId, InProceedingId) VALUES (2101, 1212);
INSERT INTO InProceeding (InProceedingId, Title, Pages, Url, ProceedingId) VALUES (1213, 'Generalized Constant Propagation: A Study in C.', '74-90', NULL, 39);
INSERT INTO RelationPersonInProceeding (PersonId, InProceedingId) VALUES (2030, 1213);
INSERT INTO Person (PersonId, Name) VALUES (2102, 'Phong Co');
INSERT INTO RelationPersonInProceeding (PersonId, InProceedingId) VALUES (2102, 1213);
INSERT INTO RelationPersonInProceeding (PersonId, InProceedingId) VALUES (2063, 1213);
INSERT INTO InProceeding (InProceedingId, Title, Pages, Url, ProceedingId) VALUES (1214, 'Strength Reduction via SSAPRE.', '144-158', NULL, 40);
INSERT INTO Person (PersonId, Name) VALUES (2103, 'Fred C. Chow');
INSERT INTO RelationPersonInProceeding (PersonId, InProceedingId) VALUES (2103, 1214);
INSERT INTO Person (PersonId, Name) VALUES (2104, 'Mark Streich');
INSERT INTO RelationPersonInProceeding (PersonId, InProceedingId) VALUES (2104, 1214);
INSERT INTO Person (PersonId, Name) VALUES (2105, 'Shin-Ming Liu');
INSERT INTO RelationPersonInProceeding (PersonId, InProceedingId) VALUES (2105, 1214);
INSERT INTO Person (PersonId, Name) VALUES (2106, 'Robert Kennedy');
INSERT INTO RelationPersonInProceeding (PersonId, InProceedingId) VALUES (2106, 1214);
INSERT INTO Person (PersonId, Name) VALUES (2107, 'Peter Dahl');
INSERT INTO RelationPersonInProceeding (PersonId, InProceedingId) VALUES (2107, 1214);
INSERT INTO Person (PersonId, Name) VALUES (2108, 'Raymond Lo');
INSERT INTO RelationPersonInProceeding (PersonId, InProceedingId) VALUES (2108, 1214);
INSERT INTO InProceeding (InProceedingId, Title, Pages, Url, ProceedingId) VALUES (1215, 'MATE - A Metasystem with Concurrent Attribute Evaluation (Abstract).', '222-223', NULL, 36);
INSERT INTO Person (PersonId, Name) VALUES (2109, 'Jrgen Lampe');
INSERT INTO RelationPersonInProceeding (PersonId, InProceedingId) VALUES (2109, 1215);
INSERT INTO InProceeding (InProceedingId, Title, Pages, Url, ProceedingId) VALUES (1216, 'Towards a Multilingual Natural Language Understanding Interface (Extended Abstract).', '217-218', NULL, 36);
INSERT INTO RelationPersonInProceeding (PersonId, InProceedingId) VALUES (1873, 1216);
INSERT INTO Person (PersonId, Name) VALUES (2110, 'Zoltn Alexin');
INSERT INTO RelationPersonInProceeding (PersonId, InProceedingId) VALUES (2110, 1216);
INSERT INTO Person (PersonId, Name) VALUES (2111, 'Tams Horvth');
INSERT INTO RelationPersonInProceeding (PersonId, InProceedingId) VALUES (2111, 1216);
INSERT INTO Person (PersonId, Name) VALUES (2112, 'Karoly Fbricz');
INSERT INTO RelationPersonInProceeding (PersonId, InProceedingId) VALUES (2112, 1216);
INSERT INTO InProceeding (InProceedingId, Title, Pages, Url, ProceedingId) VALUES (1217, 'Register Saturation in Superscalar and VLIW Codes.', '213-228', NULL, 43);
INSERT INTO Person (PersonId, Name) VALUES (2113, 'Sid Ahmed Ali Touati');
INSERT INTO RelationPersonInProceeding (PersonId, InProceedingId) VALUES (2113, 1217);
INSERT INTO InProceeding (InProceedingId, Title, Pages, Url, ProceedingId) VALUES (1218, 'Using Partial Evaluation in Support of Portability, Reusability, and Maintainability.', '208-222', NULL, 39);
INSERT INTO Person (PersonId, Name) VALUES (2114, 'Daniel J. Salomon');
INSERT INTO RelationPersonInProceeding (PersonId, InProceedingId) VALUES (2114, 1218);
INSERT INTO InProceeding (InProceedingId, Title, Pages, Url, ProceedingId) VALUES (1219, 'Generating LR(1) Parsers of Small Size.', '16-29', NULL, 37);
INSERT INTO Person (PersonId, Name) VALUES (2115, 'Jos Fortes Glvez');
INSERT INTO RelationPersonInProceeding (PersonId, InProceedingId) VALUES (2115, 1219);
INSERT INTO InProceeding (InProceedingId, Title, Pages, Url, ProceedingId) VALUES (1220, 'Generalised Recursive Descent parsing and Fellow-Determinism.', '16-30', NULL, 40);
INSERT INTO Person (PersonId, Name) VALUES (2116, 'Adrian Johnstone');
INSERT INTO RelationPersonInProceeding (PersonId, InProceedingId) VALUES (2116, 1220);
INSERT INTO Person (PersonId, Name) VALUES (2117, 'Elizabeth Scott');
INSERT INTO RelationPersonInProceeding (PersonId, InProceedingId) VALUES (2117, 1220);
INSERT INTO InProceeding (InProceedingId, Title, Pages, Url, ProceedingId) VALUES (1221, 'Integrated Graphics Environment to Develop Applications Based on Attribute Grammars.', '51-58', NULL, 37);
INSERT INTO RelationPersonInProceeding (PersonId, InProceedingId) VALUES (2110, 1221);
INSERT INTO RelationPersonInProceeding (PersonId, InProceedingId) VALUES (1873, 1221);
INSERT INTO Person (PersonId, Name) VALUES (2118, 'Rbert Szcs');
INSERT INTO RelationPersonInProceeding (PersonId, InProceedingId) VALUES (2118, 1221);
INSERT INTO InProceeding (InProceedingId, Title, Pages, Url, ProceedingId) VALUES (1222, 'Improving the Performance of Parallel LISP by Compile Time Analysis.', '271-277', NULL, 37);
INSERT INTO Person (PersonId, Name) VALUES (2119, 'Jrgen Knopp');
INSERT INTO RelationPersonInProceeding (PersonId, InProceedingId) VALUES (2119, 1222);
INSERT INTO InProceeding (InProceedingId, Title, Pages, Url, ProceedingId) VALUES (1223, 'Code Optimization by Integer Linear Programming.', '122-136', NULL, 41);
INSERT INTO Person (PersonId, Name) VALUES (2120, 'Marc Langenbach');
INSERT INTO RelationPersonInProceeding (PersonId, InProceedingId) VALUES (2120, 1223);
INSERT INTO Person (PersonId, Name) VALUES (2121, 'Daniel Kstner');
INSERT INTO RelationPersonInProceeding (PersonId, InProceedingId) VALUES (2121, 1223);
INSERT INTO InProceeding (InProceedingId, Title, Pages, Url, ProceedingId) VALUES (1224, 'Speculative Prefetching of Induction Pointers.', '289-303', NULL, 43);
INSERT INTO Person (PersonId, Name) VALUES (2122, 'Alban Douillet');
INSERT INTO RelationPersonInProceeding (PersonId, InProceedingId) VALUES (2122, 1224);
INSERT INTO Person (PersonId, Name) VALUES (2123, 'Jos N. Amaral');
INSERT INTO RelationPersonInProceeding (PersonId, InProceedingId) VALUES (2123, 1224);
INSERT INTO Person (PersonId, Name) VALUES (2124, 'Artour Stoutchinin');
INSERT INTO RelationPersonInProceeding (PersonId, InProceedingId) VALUES (2124, 1224);
INSERT INTO RelationPersonInProceeding (PersonId, InProceedingId) VALUES (1948, 1224);
INSERT INTO Person (PersonId, Name) VALUES (2125, 'Suneel Jain');
INSERT INTO RelationPersonInProceeding (PersonId, InProceedingId) VALUES (2125, 1224);
INSERT INTO Person (PersonId, Name) VALUES (2126, 'James C. Dehnert');
INSERT INTO RelationPersonInProceeding (PersonId, InProceedingId) VALUES (2126, 1224);
INSERT INTO InProceeding (InProceedingId, Title, Pages, Url, ProceedingId) VALUES (1225, 'Rie and Jun: Towards the Generation of all Compiler Phases.', '56-70', NULL, 36);
INSERT INTO Person (PersonId, Name) VALUES (2127, 'Masataka Sassa');
INSERT INTO RelationPersonInProceeding (PersonId, InProceedingId) VALUES (2127, 1225);
INSERT INTO InProceeding (InProceedingId, Title, Pages, Url, ProceedingId) VALUES (1226, 'Mixed Dialogue Control Defined by an Attribute Grammar (Abstract).', '219-221', NULL, 36);
INSERT INTO Person (PersonId, Name) VALUES (2128, 'Uwe Lmmel');
INSERT INTO RelationPersonInProceeding (PersonId, InProceedingId) VALUES (2128, 1226);
INSERT INTO Person (PersonId, Name) VALUES (2129, 'Peter Forbrig');
INSERT INTO RelationPersonInProceeding (PersonId, InProceedingId) VALUES (2129, 1226);
INSERT INTO InProceeding (InProceedingId, Title, Pages, Url, ProceedingId) VALUES (1227, 'Provable Correctness of Prototype Interpreters in LDL.', '218-232', NULL, 38);
INSERT INTO RelationPersonInProceeding (PersonId, InProceedingId) VALUES (1920, 1227);
INSERT INTO Person (PersonId, Name) VALUES (2130, 'Ralf Lmmel');
INSERT INTO RelationPersonInProceeding (PersonId, InProceedingId) VALUES (2130, 1227);
INSERT INTO InProceeding (InProceedingId, Title, Pages, Url, ProceedingId) VALUES (1228, 'Actress: An Action Semantics Directed Compiler Generator.', '95-109', NULL, 37);
INSERT INTO Person (PersonId, Name) VALUES (2131, 'Deryck F. Brown');
INSERT INTO RelationPersonInProceeding (PersonId, InProceedingId) VALUES (2131, 1228);
INSERT INTO RelationPersonInProceeding (PersonId, InProceedingId) VALUES (1876, 1228);
INSERT INTO RelationPersonInProceeding (PersonId, InProceedingId) VALUES (2013, 1228);
INSERT INTO InProceeding (InProceedingId, Title, Pages, Url, ProceedingId) VALUES (1229, 'Points-to Analysis by Type Inference of Programs with Structures and Unions.', '136-150', NULL, 39);
INSERT INTO RelationPersonInProceeding (PersonId, InProceedingId) VALUES (1918, 1229);
INSERT INTO InProceeding (InProceedingId, Title, Pages, Url, ProceedingId) VALUES (1230, 'Compiling Adaptive Programs by Partial Evaluation.', '264-278', NULL, 42);
INSERT INTO Person (PersonId, Name) VALUES (2132, 'Peter Thiemann');
INSERT INTO RelationPersonInProceeding (PersonId, InProceedingId) VALUES (2132, 1230);
INSERT INTO InProceeding (InProceedingId, Title, Pages, Url, ProceedingId) VALUES (1231, 'A Static Study of Java Exceptions Using JESP.', '67-81', NULL, 42);
INSERT INTO Person (PersonId, Name) VALUES (2133, 'Barbara G. Ryder');
INSERT INTO RelationPersonInProceeding (PersonId, InProceedingId) VALUES (2133, 1231);
INSERT INTO Person (PersonId, Name) VALUES (2134, 'Ulrich Kremer');
INSERT INTO RelationPersonInProceeding (PersonId, InProceedingId) VALUES (2134, 1231);
INSERT INTO Person (PersonId, Name) VALUES (2135, 'Donald Smith');
INSERT INTO RelationPersonInProceeding (PersonId, InProceedingId) VALUES (2135, 1231);
INSERT INTO Person (PersonId, Name) VALUES (2136, 'Nirav Shah');
INSERT INTO RelationPersonInProceeding (PersonId, InProceedingId) VALUES (2136, 1231);
INSERT INTO Person (PersonId, Name) VALUES (2137, 'Michael Gordon');
INSERT INTO RelationPersonInProceeding (PersonId, InProceedingId) VALUES (2137, 1231);
INSERT INTO InProceeding (InProceedingId, Title, Pages, Url, ProceedingId) VALUES (1232, 'Influence of Loop Optimizations on Energy Consumption of Multi-bank Memory Systems.', '276-292', NULL, 44);
INSERT INTO Person (PersonId, Name) VALUES (2138, 'Ismail Kadayif');
INSERT INTO RelationPersonInProceeding (PersonId, InProceedingId) VALUES (2138, 1232);
INSERT INTO RelationPersonInProceeding (PersonId, InProceedingId) VALUES (1902, 1232);
INSERT INTO Person (PersonId, Name) VALUES (2139, 'Ibrahim Kolcu');
INSERT INTO RelationPersonInProceeding (PersonId, InProceedingId) VALUES (2139, 1232);
INSERT INTO InProceeding (InProceedingId, Title, Pages, Url, ProceedingId) VALUES (1233, 'VLIW Compilation Techniques for Superscalar Architectures.', '234-248', NULL, 40);
INSERT INTO Person (PersonId, Name) VALUES (2140, 'Michael Thies');
INSERT INTO RelationPersonInProceeding (PersonId, InProceedingId) VALUES (2140, 1233);
INSERT INTO Person (PersonId, Name) VALUES (2141, 'Esther Stmpel');
INSERT INTO RelationPersonInProceeding (PersonId, InProceedingId) VALUES (2141, 1233);
INSERT INTO RelationPersonInProceeding (PersonId, InProceedingId) VALUES (2095, 1233);
INSERT INTO InProceeding (InProceedingId, Title, Pages, Url, ProceedingId) VALUES (1234, 'Compiler Construction by Object-Oriented System Nut.', '66-80', NULL, 35);
INSERT INTO Person (PersonId, Name) VALUES (2142, 'Jaan Penjam');
INSERT INTO RelationPersonInProceeding (PersonId, InProceedingId) VALUES (2142, 1234);
INSERT INTO InProceeding (InProceedingId, Title, Pages, Url, ProceedingId) VALUES (1235, 'Code Generation for a RISC Machine.', '204-214', NULL, 35);
INSERT INTO RelationPersonInProceeding (PersonId, InProceedingId) VALUES (2071, 1235);
INSERT INTO InProceeding (InProceedingId, Title, Pages, Url, ProceedingId) VALUES (1236, 'A Comprehensive Approach to Array Bounds Check Elimination for Java.', '325-342', NULL, 44);
INSERT INTO RelationPersonInProceeding (PersonId, InProceedingId) VALUES (2030, 1236);
INSERT INTO RelationPersonInProceeding (PersonId, InProceedingId) VALUES (2062, 1236);
INSERT INTO RelationPersonInProceeding (PersonId, InProceedingId) VALUES (2063, 1236);
INSERT INTO InProceeding (InProceedingId, Title, Pages, Url, ProceedingId) VALUES (1237, 'Forwarding in Attribute Grammars for Modular Language Design.', '128-142', NULL, 44);
INSERT INTO Person (PersonId, Name) VALUES (2143, 'Eric Van Wyk');
INSERT INTO RelationPersonInProceeding (PersonId, InProceedingId) VALUES (2143, 1237);
INSERT INTO Person (PersonId, Name) VALUES (2144, 'Kevin Backhouse');
INSERT INTO RelationPersonInProceeding (PersonId, InProceedingId) VALUES (2144, 1237);
INSERT INTO RelationPersonInProceeding (PersonId, InProceedingId) VALUES (2049, 1237);
INSERT INTO Person (PersonId, Name) VALUES (2145, 'Paul Kwiatkowski');
INSERT INTO RelationPersonInProceeding (PersonId, InProceedingId) VALUES (2145, 1237);
INSERT INTO InProceeding (InProceedingId, Title, Pages, Url, ProceedingId) VALUES (1238, 'Maptool - Supporting Modular Syntax Development.', '268-280', NULL, 39);
INSERT INTO Person (PersonId, Name) VALUES (2146, 'Basim M. Kadhim');
INSERT INTO RelationPersonInProceeding (PersonId, InProceedingId) VALUES (2146, 1238);
INSERT INTO RelationPersonInProceeding (PersonId, InProceedingId) VALUES (1942, 1238);
INSERT INTO InProceeding (InProceedingId, Title, Pages, Url, ProceedingId) VALUES (1239, 'OASIS: An Optimizing Action-Based Compiler Generator.', '1-15', NULL, 38);
INSERT INTO Person (PersonId, Name) VALUES (2147, 'Peter rbk');
INSERT INTO RelationPersonInProceeding (PersonId, InProceedingId) VALUES (2147, 1239);
INSERT INTO InProceeding (InProceedingId, Title, Pages, Url, ProceedingId) VALUES (1240, 'A Hybrid Top-Down Parsing Technique (Abstract).', '210-211', NULL, 36);
INSERT INTO Person (PersonId, Name) VALUES (2148, 'Heinz Dobler');
INSERT INTO RelationPersonInProceeding (PersonId, InProceedingId) VALUES (2148, 1240);
INSERT INTO InProceeding (InProceedingId, Title, Pages, Url, ProceedingId) VALUES (1241, 'Coupling Evaluators for Attribute Coupled Grammars.', '52-67', NULL, 38);
INSERT INTO Person (PersonId, Name) VALUES (2149, 'Gilles Roussel');
INSERT INTO RelationPersonInProceeding (PersonId, InProceedingId) VALUES (2149, 1241);
INSERT INTO RelationPersonInProceeding (PersonId, InProceedingId) VALUES (1866, 1241);
INSERT INTO RelationPersonInProceeding (PersonId, InProceedingId) VALUES (1867, 1241);
INSERT INTO InProceeding (InProceedingId, Title, Pages, Url, ProceedingId) VALUES (1242, 'Testing Completeness of Code Selector Specifications.', '163-175', NULL, 37);
INSERT INTO RelationPersonInProceeding (PersonId, InProceedingId) VALUES (2039, 1242);
INSERT INTO InProceeding (InProceedingId, Title, Pages, Url, ProceedingId) VALUES (1243, 'Using an LALR Compiler Compiler to Generate Incremental Parsers.', '147-164', NULL, 36);
INSERT INTO Person (PersonId, Name) VALUES (2150, 'Jean-Marie Larchevque');
INSERT INTO RelationPersonInProceeding (PersonId, InProceedingId) VALUES (2150, 1243);
INSERT INTO InProceeding (InProceedingId, Title, Pages, Url, ProceedingId) VALUES (1244, 'Challenges and Oppurtunities Visual Programming Languages Bring to Programming Language Research.', '188', NULL, 40);
INSERT INTO Person (PersonId, Name) VALUES (2151, 'Margaret M. Burnett');
INSERT INTO RelationPersonInProceeding (PersonId, InProceedingId) VALUES (2151, 1244);
INSERT INTO InProceeding (InProceedingId, Title, Pages, Url, ProceedingId) VALUES (1245, 'A First Step Towards Time Optimal Software Pipelining of Loops with Control Flows.', '182-199', NULL, 43);
INSERT INTO Person (PersonId, Name) VALUES (2152, 'Han-Saem Yun');
INSERT INTO RelationPersonInProceeding (PersonId, InProceedingId) VALUES (2152, 1245);
INSERT INTO Person (PersonId, Name) VALUES (2153, 'Soo-Mook Moon');
INSERT INTO RelationPersonInProceeding (PersonId, InProceedingId) VALUES (2153, 1245);
INSERT INTO Person (PersonId, Name) VALUES (2154, 'Jihong Kim');
INSERT INTO RelationPersonInProceeding (PersonId, InProceedingId) VALUES (2154, 1245);
INSERT INTO InProceeding (InProceedingId, Title, Pages, Url, ProceedingId) VALUES (1246, 'Compiler Transformation of Pointers to Explicit Array Accesses in DSP Applications.', '69-85', NULL, 43);
INSERT INTO Person (PersonId, Name) VALUES (2155, 'Bjrn Franke');
INSERT INTO RelationPersonInProceeding (PersonId, InProceedingId) VALUES (2155, 1246);
INSERT INTO Person (PersonId, Name) VALUES (2156, 'Michael F. P. O$1Boyle');
INSERT INTO RelationPersonInProceeding (PersonId, InProceedingId) VALUES (2156, 1246);
INSERT INTO InProceeding (InProceedingId, Title, Pages, Url, ProceedingId) VALUES (1247, 'The Eli System.', '294-297', NULL, 40);
INSERT INTO RelationPersonInProceeding (PersonId, InProceedingId) VALUES (1868, 1247);
INSERT INTO RelationPersonInProceeding (PersonId, InProceedingId) VALUES (2095, 1247);
INSERT INTO RelationPersonInProceeding (PersonId, InProceedingId) VALUES (2096, 1247);
INSERT INTO InProceeding (InProceedingId, Title, Pages, Url, ProceedingId) VALUES (1248, 'Compiler Implementation of ADTs Using Profile Data.', '72-87', NULL, 37);
INSERT INTO Person (PersonId, Name) VALUES (2157, 'A. Dain Samples');
INSERT INTO RelationPersonInProceeding (PersonId, InProceedingId) VALUES (2157, 1248);
INSERT INTO InProceeding (InProceedingId, Title, Pages, Url, ProceedingId) VALUES (1249, 'Online Subpath Profiling.', '78-94', NULL, 44);
INSERT INTO Person (PersonId, Name) VALUES (2158, 'David Oren');
INSERT INTO RelationPersonInProceeding (PersonId, InProceedingId) VALUES (2158, 1249);
INSERT INTO RelationPersonInProceeding (PersonId, InProceedingId) VALUES (1886, 1249);
INSERT INTO Person (PersonId, Name) VALUES (2159, 'Yossi Matias');
INSERT INTO RelationPersonInProceeding (PersonId, InProceedingId) VALUES (2159, 1249);
INSERT INTO InProceeding (InProceedingId, Title, Pages, Url, ProceedingId) VALUES (1250, 'The Design of the PROMIS Compiler.', '214-228', NULL, 41);
INSERT INTO Person (PersonId, Name) VALUES (2160, 'Constantine D. Polychronopoulos');
INSERT INTO RelationPersonInProceeding (PersonId, InProceedingId) VALUES (2160, 1250);
INSERT INTO Person (PersonId, Name) VALUES (2161, 'Steven Carroll');
INSERT INTO RelationPersonInProceeding (PersonId, InProceedingId) VALUES (2161, 1250);
INSERT INTO Person (PersonId, Name) VALUES (2162, 'Nicholas Stavrakos');
INSERT INTO RelationPersonInProceeding (PersonId, InProceedingId) VALUES (2162, 1250);
INSERT INTO Person (PersonId, Name) VALUES (2163, 'Alexandru Nicolau');
INSERT INTO RelationPersonInProceeding (PersonId, InProceedingId) VALUES (2163, 1250);
INSERT INTO Person (PersonId, Name) VALUES (2164, 'Hideki Saito');
INSERT INTO RelationPersonInProceeding (PersonId, InProceedingId) VALUES (2164, 1250);
INSERT INTO InProceeding (InProceedingId, Title, Pages, Url, ProceedingId) VALUES (1251, 'Issues in Translating Smalltalk into Java.', '249-263', NULL, 40);
INSERT INTO Person (PersonId, Name) VALUES (2165, 'Derrick G. Kourie');
INSERT INTO RelationPersonInProceeding (PersonId, InProceedingId) VALUES (2165, 1251);
INSERT INTO Person (PersonId, Name) VALUES (2166, 'R. L. Engelbrecht');
INSERT INTO RelationPersonInProceeding (PersonId, InProceedingId) VALUES (2166, 1251);
INSERT INTO InProceeding (InProceedingId, Title, Pages, Url, ProceedingId) VALUES (1252, 'StreamIt: A Language for Streaming Applications.', '179-196', NULL, 44);
INSERT INTO Person (PersonId, Name) VALUES (2167, 'Michal Karczmarek');
INSERT INTO RelationPersonInProceeding (PersonId, InProceedingId) VALUES (2167, 1252);
INSERT INTO Person (PersonId, Name) VALUES (2168, 'William Thies');
INSERT INTO RelationPersonInProceeding (PersonId, InProceedingId) VALUES (2168, 1252);
INSERT INTO Person (PersonId, Name) VALUES (2169, 'Saman P. Amarasinghe');
INSERT INTO RelationPersonInProceeding (PersonId, InProceedingId) VALUES (2169, 1252);
INSERT INTO InProceeding (InProceedingId, Title, Pages, Url, ProceedingId) VALUES (1253, 'Value-Profile Guided Stride Prefetching for Irregular Code.', '307-324', NULL, 44);
INSERT INTO Person (PersonId, Name) VALUES (2170, 'Jesse Fang');
INSERT INTO RelationPersonInProceeding (PersonId, InProceedingId) VALUES (2170, 1253);
INSERT INTO Person (PersonId, Name) VALUES (2171, 'Wei Li');
INSERT INTO RelationPersonInProceeding (PersonId, InProceedingId) VALUES (2171, 1253);
INSERT INTO Person (PersonId, Name) VALUES (2172, 'Rakesh Krishnaiyer');
INSERT INTO RelationPersonInProceeding (PersonId, InProceedingId) VALUES (2172, 1253);
INSERT INTO Person (PersonId, Name) VALUES (2173, 'Youfeng Wu');
INSERT INTO RelationPersonInProceeding (PersonId, InProceedingId) VALUES (2173, 1253);
INSERT INTO Person (PersonId, Name) VALUES (2174, 'Mauricio J. Serrano');
INSERT INTO RelationPersonInProceeding (PersonId, InProceedingId) VALUES (2174, 1253);
INSERT INTO InProceeding (InProceedingId, Title, Pages, Url, ProceedingId) VALUES (1254, 'Points-to and Side-Effect Analyses for Programs Built with Precompiled Libraries.', '20-36', NULL, 43);
INSERT INTO RelationPersonInProceeding (PersonId, InProceedingId) VALUES (2133, 1254);
INSERT INTO Person (PersonId, Name) VALUES (2175, 'Atanas Rountev');
INSERT INTO RelationPersonInProceeding (PersonId, InProceedingId) VALUES (2175, 1254);
INSERT INTO InProceeding (InProceedingId, Title, Pages, Url, ProceedingId) VALUES (1255, 'TRAPing Modelica with Python.', '288-291', NULL, 41);
INSERT INTO Person (PersonId, Name) VALUES (2176, 'Thilo Ernst');
INSERT INTO RelationPersonInProceeding (PersonId, InProceedingId) VALUES (2176, 1255);
INSERT INTO InProceeding (InProceedingId, Title, Pages, Url, ProceedingId) VALUES (1256, 'Algorithmic Debugging for Imperative Languages with Side-Effects (Abstract).', '226-227', NULL, 36);
INSERT INTO Person (PersonId, Name) VALUES (2177, 'Nahid Shahmehri');
INSERT INTO RelationPersonInProceeding (PersonId, InProceedingId) VALUES (2177, 1256);
INSERT INTO RelationPersonInProceeding (PersonId, InProceedingId) VALUES (1921, 1256);
INSERT INTO InProceeding (InProceedingId, Title, Pages, Url, ProceedingId) VALUES (1257, 'Building an Interpreter with Vmgen.', '5-8', NULL, 44);
INSERT INTO Person (PersonId, Name) VALUES (2178, 'David Gregg');
INSERT INTO RelationPersonInProceeding (PersonId, InProceedingId) VALUES (2178, 1257);
INSERT INTO RelationPersonInProceeding (PersonId, InProceedingId) VALUES (2082, 1257);
INSERT INTO InProceeding (InProceedingId, Title, Pages, Url, ProceedingId) VALUES (1258, 'Instruction Scheduling for Complex Pipelines.', '207-218', NULL, 37);
INSERT INTO Person (PersonId, Name) VALUES (2179, 'Andreas Krall');
INSERT INTO RelationPersonInProceeding (PersonId, InProceedingId) VALUES (2179, 1258);
INSERT INTO RelationPersonInProceeding (PersonId, InProceedingId) VALUES (2082, 1258);
INSERT INTO InProceeding (InProceedingId, Title, Pages, Url, ProceedingId) VALUES (1259, 'Delayed Exceptions - Speculative Execution of Trapping Instructions.', '158-171', NULL, 38);
INSERT INTO RelationPersonInProceeding (PersonId, InProceedingId) VALUES (2179, 1259);
INSERT INTO RelationPersonInProceeding (PersonId, InProceedingId) VALUES (2082, 1259);
INSERT INTO InProceeding (InProceedingId, Title, Pages, Url, ProceedingId) VALUES (1260, 'Removing Anti Dependences by Repairing.', '33-43', NULL, 39);
INSERT INTO RelationPersonInProceeding (PersonId, InProceedingId) VALUES (2179, 1260);
INSERT INTO RelationPersonInProceeding (PersonId, InProceedingId) VALUES (2082, 1260);
INSERT INTO InProceeding (InProceedingId, Title, Pages, Url, ProceedingId) VALUES (1261, 'Code Generation = A* + BURS.', '160-176', NULL, 39);
INSERT INTO Person (PersonId, Name) VALUES (2180, 'Ymte Westra');
INSERT INTO RelationPersonInProceeding (PersonId, InProceedingId) VALUES (2180, 1261);
INSERT INTO Person (PersonId, Name) VALUES (2181, 'Albert Nymeyer');
INSERT INTO RelationPersonInProceeding (PersonId, InProceedingId) VALUES (2181, 1261);
INSERT INTO RelationPersonInProceeding (PersonId, InProceedingId) VALUES (2015, 1261);
INSERT INTO Person (PersonId, Name) VALUES (2182, 'Joost-Pieter Katoen');
INSERT INTO RelationPersonInProceeding (PersonId, InProceedingId) VALUES (2182, 1261);
INSERT INTO InProceeding (InProceedingId, Title, Pages, Url, ProceedingId) VALUES (1262, 'Compiling Nested Loops for Limited Connectivity VLIWs.', '143-157', NULL, 38);
INSERT INTO Person (PersonId, Name) VALUES (2183, 'Adrian Slowik');
INSERT INTO RelationPersonInProceeding (PersonId, InProceedingId) VALUES (2183, 1262);
INSERT INTO RelationPersonInProceeding (PersonId, InProceedingId) VALUES (1868, 1262);
INSERT INTO RelationPersonInProceeding (PersonId, InProceedingId) VALUES (1917, 1262);
INSERT INTO InProceeding (InProceedingId, Title, Pages, Url, ProceedingId) VALUES (1263, 'A Programmable ANSI C Transformation Engine.', '292-295', NULL, 41);
INSERT INTO RelationPersonInProceeding (PersonId, InProceedingId) VALUES (2027, 1263);
INSERT INTO RelationPersonInProceeding (PersonId, InProceedingId) VALUES (1951, 1263);
INSERT INTO Person (PersonId, Name) VALUES (2184, 'Ireneusz Karkowski');
INSERT INTO RelationPersonInProceeding (PersonId, InProceedingId) VALUES (2184, 1263);
INSERT INTO Person (PersonId, Name) VALUES (2185, 'Maarten Boekhold');
INSERT INTO RelationPersonInProceeding (PersonId, InProceedingId) VALUES (2185, 1263);
INSERT INTO InProceeding (InProceedingId, Title, Pages, Url, ProceedingId) VALUES (1264, 'Decompiling Java Bytecode: Problems, Traps and Pitfalls.', '111-127', NULL, 44);
INSERT INTO RelationPersonInProceeding (PersonId, InProceedingId) VALUES (2030, 1264);
INSERT INTO Person (PersonId, Name) VALUES (2186, 'Jerome Miecznikowski');
INSERT INTO RelationPersonInProceeding (PersonId, InProceedingId) VALUES (2186, 1264);
INSERT INTO InProceeding (InProceedingId, Title, Pages, Url, ProceedingId) VALUES (1265, 'User-Extensible Simplification?Type-Based Optimizer Generators.', '86-101', NULL, 43);
INSERT INTO Person (PersonId, Name) VALUES (2187, 'David R. Musser');
INSERT INTO RelationPersonInProceeding (PersonId, InProceedingId) VALUES (2187, 1265);
INSERT INTO Person (PersonId, Name) VALUES (2188, 'Douglas Gregor');
INSERT INTO RelationPersonInProceeding (PersonId, InProceedingId) VALUES (2188, 1265);
INSERT INTO Person (PersonId, Name) VALUES (2189, 'Sibylle Schupp');
INSERT INTO RelationPersonInProceeding (PersonId, InProceedingId) VALUES (2189, 1265);
INSERT INTO RelationPersonInProceeding (PersonId, InProceedingId) VALUES (2105, 1265);
INSERT INTO InProceeding (InProceedingId, Title, Pages, Url, ProceedingId) VALUES (1266, 'A New Approach to Control Flow Analysis.', '95-108', NULL, 40);
INSERT INTO Person (PersonId, Name) VALUES (2190, 'Pasquale Malacaria');
INSERT INTO RelationPersonInProceeding (PersonId, InProceedingId) VALUES (2190, 1266);
INSERT INTO Person (PersonId, Name) VALUES (2191, 'Chris Hankin');
INSERT INTO RelationPersonInProceeding (PersonId, InProceedingId) VALUES (2191, 1266);
INSERT INTO InProceeding (InProceedingId, Title, Pages, Url, ProceedingId) VALUES (1267, 'SYS/3 - A Software Development Tool.', '193-207', NULL, 36);
INSERT INTO Person (PersonId, Name) VALUES (2192, 'Gabriella Kkai');
INSERT INTO RelationPersonInProceeding (PersonId, InProceedingId) VALUES (2192, 1267);
INSERT INTO RelationPersonInProceeding (PersonId, InProceedingId) VALUES (1873, 1267);
INSERT INTO Person (PersonId, Name) VALUES (2193, 'F. Kocsis');
INSERT INTO RelationPersonInProceeding (PersonId, InProceedingId) VALUES (2193, 1267);
INSERT INTO Person (PersonId, Name) VALUES (2194, 'G. Dnyi');
INSERT INTO RelationPersonInProceeding (PersonId, InProceedingId) VALUES (2194, 1267);
INSERT INTO Person (PersonId, Name) VALUES (2195, 'J. Toczki');
INSERT INTO RelationPersonInProceeding (PersonId, InProceedingId) VALUES (2195, 1267);
INSERT INTO InProceeding (InProceedingId, Title, Pages, Url, ProceedingId) VALUES (1268, 'A Practical, Robust Method for Generating Variable Range Tables.', '102-117', NULL, 43);
INSERT INTO Person (PersonId, Name) VALUES (2196, 'Caroline Tice');
INSERT INTO RelationPersonInProceeding (PersonId, InProceedingId) VALUES (2196, 1268);
INSERT INTO Person (PersonId, Name) VALUES (2197, 'Susan L. Graham');
INSERT INTO RelationPersonInProceeding (PersonId, InProceedingId) VALUES (2197, 1268);
INSERT INTO InProceeding (InProceedingId, Title, Pages, Url, ProceedingId) VALUES (1269, 'Interprocedural Constant Propagation using Dependence Graphs and a Data-Flow Model.', '374-388', NULL, 38);
INSERT INTO Person (PersonId, Name) VALUES (2198, 'David Binkley');
INSERT INTO RelationPersonInProceeding (PersonId, InProceedingId) VALUES (2198, 1269);
INSERT INTO InProceeding (InProceedingId, Title, Pages, Url, ProceedingId) VALUES (1270, 'Incremental Algorithms in Prof-LP.', '93-102', NULL, 35);
INSERT INTO RelationPersonInProceeding (PersonId, InProceedingId) VALUES (2193, 1270);
INSERT INTO RelationPersonInProceeding (PersonId, InProceedingId) VALUES (1873, 1270);
INSERT INTO RelationPersonInProceeding (PersonId, InProceedingId) VALUES (2111, 1270);
INSERT INTO RelationPersonInProceeding (PersonId, InProceedingId) VALUES (2195, 1270);
INSERT INTO InProceeding (InProceedingId, Title, Pages, Url, ProceedingId) VALUES (1271, 'Provably Correct Compiler Development and Implementation.', '141-155', NULL, 37);
INSERT INTO Person (PersonId, Name) VALUES (2199, 'Hans Langmaack');
INSERT INTO RelationPersonInProceeding (PersonId, InProceedingId) VALUES (2199, 1271);
INSERT INTO Person (PersonId, Name) VALUES (2200, 'Karl-Heinz Buth');
INSERT INTO RelationPersonInProceeding (PersonId, InProceedingId) VALUES (2200, 1271);
INSERT INTO Person (PersonId, Name) VALUES (2201, 'Burghard von Karger');
INSERT INTO RelationPersonInProceeding (PersonId, InProceedingId) VALUES (2201, 1271);
INSERT INTO Person (PersonId, Name) VALUES (2202, 'Yassine Lakhnech');
INSERT INTO RelationPersonInProceeding (PersonId, InProceedingId) VALUES (2202, 1271);
INSERT INTO Person (PersonId, Name) VALUES (2203, 'Bettina Buth');
INSERT INTO RelationPersonInProceeding (PersonId, InProceedingId) VALUES (2203, 1271);
INSERT INTO RelationPersonInProceeding (PersonId, InProceedingId) VALUES (2099, 1271);
INSERT INTO RelationPersonInProceeding (PersonId, InProceedingId) VALUES (2100, 1271);
INSERT INTO InProceeding (InProceedingId, Title, Pages, Url, ProceedingId) VALUES (1272, 'Extended SSA Numbering: Introducing SSA Properties to Language with Multi-level Pointers.', '128-143', NULL, 40);
INSERT INTO RelationPersonInProceeding (PersonId, InProceedingId) VALUES (2030, 1272);
INSERT INTO Person (PersonId, Name) VALUES (2204, 'Christopher Lapkowski');
INSERT INTO RelationPersonInProceeding (PersonId, InProceedingId) VALUES (2204, 1272);
INSERT INTO InProceeding (InProceedingId, Title, Pages, Url, ProceedingId) VALUES (1273, 'A Novel Probabilistic Data Flow Framework.', '37-51', NULL, 43);
INSERT INTO Person (PersonId, Name) VALUES (2205, 'Bernhard Scholz');
INSERT INTO RelationPersonInProceeding (PersonId, InProceedingId) VALUES (2205, 1273);
INSERT INTO RelationPersonInProceeding (PersonId, InProceedingId) VALUES (2025, 1273);
INSERT INTO InProceeding (InProceedingId, Title, Pages, Url, ProceedingId) VALUES (1274, 'Optimizing Object-Oriented Languages Through Architechtural Transformations.', '244-258', NULL, 41);
INSERT INTO Person (PersonId, Name) VALUES (2206, 'Tom Tourw');
INSERT INTO RelationPersonInProceeding (PersonId, InProceedingId) VALUES (2206, 1274);
INSERT INTO Person (PersonId, Name) VALUES (2207, 'Wolfgang De Meuter');
INSERT INTO RelationPersonInProceeding (PersonId, InProceedingId) VALUES (2207, 1274);
INSERT INTO InProceeding (InProceedingId, Title, Pages, Url, ProceedingId) VALUES (1275, 'Automatic Removal of Array Memory Leaks in Java.', '50-66', NULL, 42);
INSERT INTO RelationPersonInProceeding (PersonId, InProceedingId) VALUES (1886, 1275);
INSERT INTO Person (PersonId, Name) VALUES (2208, 'Ran Shaham');
INSERT INTO RelationPersonInProceeding (PersonId, InProceedingId) VALUES (2208, 1275);
INSERT INTO Person (PersonId, Name) VALUES (2209, 'Elliot K. Kolodner');
INSERT INTO RelationPersonInProceeding (PersonId, InProceedingId) VALUES (2209, 1275);
INSERT INTO InProceeding (InProceedingId, Title, Pages, Url, ProceedingId) VALUES (1276, 'OPTRAN - A Language/System for the Specification of Program Transformations: System Overview and Experiences.', '52-65', NULL, 35);
INSERT INTO RelationPersonInProceeding (PersonId, InProceedingId) VALUES (1877, 1276);
INSERT INTO Person (PersonId, Name) VALUES (2210, 'Peter Lipps');
INSERT INTO RelationPersonInProceeding (PersonId, InProceedingId) VALUES (2210, 1276);
INSERT INTO Person (PersonId, Name) VALUES (2211, 'Ulrich Mncke');
INSERT INTO RelationPersonInProceeding (PersonId, InProceedingId) VALUES (2211, 1276);
INSERT INTO InProceeding (InProceedingId, Title, Pages, Url, ProceedingId) VALUES (1277, 'Compact Dispatch Tables for Dynamically Typed Object Oriented Languages.', '309-325', NULL, 39);
INSERT INTO RelationPersonInProceeding (PersonId, InProceedingId) VALUES (1884, 1277);
INSERT INTO RelationPersonInProceeding (PersonId, InProceedingId) VALUES (1878, 1277);
INSERT INTO InProceeding (InProceedingId, Title, Pages, Url, ProceedingId) VALUES (1278, 'Data Compression Transformations for Dynamically Allocated Data Structures.', '14-28', NULL, 44);
INSERT INTO RelationPersonInProceeding (PersonId, InProceedingId) VALUES (1881, 1278);
INSERT INTO RelationPersonInProceeding (PersonId, InProceedingId) VALUES (2024, 1278);
INSERT INTO InProceeding (InProceedingId, Title, Pages, Url, ProceedingId) VALUES (1279, 'Constant Propagation on the Value Graph: Simple Constants and Beyond.', '94-109', NULL, 42);
INSERT INTO RelationPersonInProceeding (PersonId, InProceedingId) VALUES (1895, 1279);
INSERT INTO RelationPersonInProceeding (PersonId, InProceedingId) VALUES (1896, 1279);
INSERT INTO InProceeding (InProceedingId, Title, Pages, Url, ProceedingId) VALUES (1280, 'The Interprocedural Coincidence Theorem.', '125-140', NULL, 37);
INSERT INTO RelationPersonInProceeding (PersonId, InProceedingId) VALUES (1894, 1280);
INSERT INTO RelationPersonInProceeding (PersonId, InProceedingId) VALUES (1896, 1280);
INSERT INTO InProceeding (InProceedingId, Title, Pages, Url, ProceedingId) VALUES (1281, 'A Practical Implementation of DCGs (Abstract).', '224-225', NULL, 36);
INSERT INTO Person (PersonId, Name) VALUES (2212, 'Jukka Paakki');
INSERT INTO RelationPersonInProceeding (PersonId, InProceedingId) VALUES (2212, 1281);
INSERT INTO InProceeding (InProceedingId, Title, Pages, Url, ProceedingId) VALUES (1282, 'The ASF+SDF Meta-environment: A Component-Based Language Development Environment.', '365-370', NULL, 43);
INSERT INTO Person (PersonId, Name) VALUES (2213, 'Jan Heering');
INSERT INTO RelationPersonInProceeding (PersonId, InProceedingId) VALUES (2213, 1282);
INSERT INTO RelationPersonInProceeding (PersonId, InProceedingId) VALUES (1974, 1282);
INSERT INTO Person (PersonId, Name) VALUES (2214, 'Joost Visser');
INSERT INTO RelationPersonInProceeding (PersonId, InProceedingId) VALUES (2214, 1282);
INSERT INTO Person (PersonId, Name) VALUES (2215, 'Leon Moonen');
INSERT INTO RelationPersonInProceeding (PersonId, InProceedingId) VALUES (2215, 1282);
INSERT INTO RelationPersonInProceeding (PersonId, InProceedingId) VALUES (1977, 1282);
INSERT INTO RelationPersonInProceeding (PersonId, InProceedingId) VALUES (1976, 1282);
INSERT INTO Person (PersonId, Name) VALUES (2216, 'Arie van Deursen');
INSERT INTO RelationPersonInProceeding (PersonId, InProceedingId) VALUES (2216, 1282);
INSERT INTO Person (PersonId, Name) VALUES (2217, 'H. A. de Jong');
INSERT INTO RelationPersonInProceeding (PersonId, InProceedingId) VALUES (2217, 1282);
INSERT INTO RelationPersonInProceeding (PersonId, InProceedingId) VALUES (2059, 1282);
INSERT INTO RelationPersonInProceeding (PersonId, InProceedingId) VALUES (1495, 1282);
INSERT INTO RelationPersonInProceeding (PersonId, InProceedingId) VALUES (1975, 1282);
INSERT INTO Person (PersonId, Name) VALUES (2218, 'Tobias Kuipers');
INSERT INTO RelationPersonInProceeding (PersonId, InProceedingId) VALUES (2218, 1282);
INSERT INTO Person (PersonId, Name) VALUES (2219, 'Merijn de Jonge');
INSERT INTO RelationPersonInProceeding (PersonId, InProceedingId) VALUES (2219, 1282);
INSERT INTO InProceeding (InProceedingId, Title, Pages, Url, ProceedingId) VALUES (1283, 'Intermodular Slicing of Object-oriented Programs.', '264-279', NULL, 40);
INSERT INTO Person (PersonId, Name) VALUES (2220, 'Christoph Steindl');
INSERT INTO RelationPersonInProceeding (PersonId, InProceedingId) VALUES (2220, 1283);
INSERT INTO InProceeding (InProceedingId, Title, Pages, Url, ProceedingId) VALUES (1284, 'Effective Representation of Aliases and Indirect Memory Operations in SSA Form.', '253-267', NULL, 39);
INSERT INTO RelationPersonInProceeding (PersonId, InProceedingId) VALUES (2103, 1284);
INSERT INTO RelationPersonInProceeding (PersonId, InProceedingId) VALUES (2104, 1284);
INSERT INTO Person (PersonId, Name) VALUES (2221, 'Sun Chan');
INSERT INTO RelationPersonInProceeding (PersonId, InProceedingId) VALUES (2221, 1284);
INSERT INTO RelationPersonInProceeding (PersonId, InProceedingId) VALUES (2105, 1284);
INSERT INTO RelationPersonInProceeding (PersonId, InProceedingId) VALUES (2108, 1284);
INSERT INTO InProceeding (InProceedingId, Title, Pages, Url, ProceedingId) VALUES (1285, 'Compile Time Instruction Cache Optimizations.', '404-418', NULL, 38);
INSERT INTO Person (PersonId, Name) VALUES (2222, 'Abraham Mendlson');
INSERT INTO RelationPersonInProceeding (PersonId, InProceedingId) VALUES (2222, 1285);
INSERT INTO Person (PersonId, Name) VALUES (2223, 'Ruth Shtokhamer');
INSERT INTO RelationPersonInProceeding (PersonId, InProceedingId) VALUES (2223, 1285);
INSERT INTO Person (PersonId, Name) VALUES (2224, 'Shlomit S. Pinter');
INSERT INTO RelationPersonInProceeding (PersonId, InProceedingId) VALUES (2224, 1285);
INSERT INTO InProceeding (InProceedingId, Title, Pages, Url, ProceedingId) VALUES (1286, 'Structuring Decompiled Graphs.', '91-105', NULL, 39);
INSERT INTO Person (PersonId, Name) VALUES (2225, 'Cristina Cifuentes');
INSERT INTO RelationPersonInProceeding (PersonId, InProceedingId) VALUES (2225, 1286);
INSERT INTO InProceeding (InProceedingId, Title, Pages, Url, ProceedingId) VALUES (1287, 'A Register Allocation Framework Based on Hierarchical Cyclic Interval Graphs.', '176-191', NULL, 37);
INSERT INTO RelationPersonInProceeding (PersonId, InProceedingId) VALUES (2030, 1287);
INSERT INTO RelationPersonInProceeding (PersonId, InProceedingId) VALUES (2054, 1287);
INSERT INTO RelationPersonInProceeding (PersonId, InProceedingId) VALUES (1948, 1287);
INSERT INTO Person (PersonId, Name) VALUES (2226, 'Chandrika Mukerji');
INSERT INTO RelationPersonInProceeding (PersonId, InProceedingId) VALUES (2226, 1287);
INSERT INTO InProceeding (InProceedingId, Title, Pages, Url, ProceedingId) VALUES (1288, 'Abstract Compilation: A New Implementation Paradigm for Static Analysis.', '192-207', NULL, 39);
INSERT INTO Person (PersonId, Name) VALUES (2227, 'Dominique Boucher');
INSERT INTO RelationPersonInProceeding (PersonId, InProceedingId) VALUES (2227, 1288);
INSERT INTO Person (PersonId, Name) VALUES (2228, 'Marc Feeley');
INSERT INTO RelationPersonInProceeding (PersonId, InProceedingId) VALUES (2228, 1288);
INSERT INTO InProceeding (InProceedingId, Title, Pages, Url, ProceedingId) VALUES (1289, 'MATOU: An Implementation of Mode-Automata.', '249-263', NULL, 42);
INSERT INTO Person (PersonId, Name) VALUES (2229, 'Yannick Raoul');
INSERT INTO RelationPersonInProceeding (PersonId, InProceedingId) VALUES (2229, 1289);
INSERT INTO Person (PersonId, Name) VALUES (2230, 'Florence Maraninchi');
INSERT INTO RelationPersonInProceeding (PersonId, InProceedingId) VALUES (2230, 1289);
INSERT INTO Person (PersonId, Name) VALUES (2231, 'Yanni Rmond');
INSERT INTO RelationPersonInProceeding (PersonId, InProceedingId) VALUES (2231, 1289);
INSERT INTO InProceeding (InProceedingId, Title, Pages, Url, ProceedingId) VALUES (1290, 'Evaluation of Algorithms for Local Register Allocation.', '137-152', NULL, 41);
INSERT INTO Person (PersonId, Name) VALUES (2232, 'Vincenzo Liberatore');
INSERT INTO RelationPersonInProceeding (PersonId, InProceedingId) VALUES (2232, 1290);
INSERT INTO RelationPersonInProceeding (PersonId, InProceedingId) VALUES (2134, 1290);
INSERT INTO Person (PersonId, Name) VALUES (2233, 'Martin Farach-Colton');
INSERT INTO RelationPersonInProceeding (PersonId, InProceedingId) VALUES (2233, 1290);
INSERT INTO InProceeding (InProceedingId, Title, Pages, Url, ProceedingId) VALUES (1291, 'Extending Modulo Scheduling with Memory Reference Merging.', '274-287', NULL, 41);
INSERT INTO Person (PersonId, Name) VALUES (2234, 'Benot Dupont de Dinechin');
INSERT INTO RelationPersonInProceeding (PersonId, InProceedingId) VALUES (2234, 1291);
INSERT INTO InProceeding (InProceedingId, Title, Pages, Url, ProceedingId) VALUES (1292, 'Towards the Global Optimization of Functional Logic Programs.', '68-82', NULL, 38);
INSERT INTO Person (PersonId, Name) VALUES (2235, 'Michael Hanus');
INSERT INTO RelationPersonInProceeding (PersonId, InProceedingId) VALUES (2235, 1292);
INSERT INTO InProceeding (InProceedingId, Title, Pages, Url, ProceedingId) VALUES (1293, 'Generation of Incremental Indirect Threaded Code for Language-Based Programming Environments.', '230-242', NULL, 35);
INSERT INTO Person (PersonId, Name) VALUES (2236, 'Khalid Azim Mughal');
INSERT INTO RelationPersonInProceeding (PersonId, InProceedingId) VALUES (2236, 1293);
INSERT INTO InProceeding (InProceedingId, Title, Pages, Url, ProceedingId) VALUES (1294, 'A Portable and Optimizing Back End for the SML/NJ Compiler.', '83-97', NULL, 38);
INSERT INTO Person (PersonId, Name) VALUES (2237, 'Florent Guillame');
INSERT INTO RelationPersonInProceeding (PersonId, InProceedingId) VALUES (2237, 1294);
INSERT INTO Person (PersonId, Name) VALUES (2238, 'John H. Reppy');
INSERT INTO RelationPersonInProceeding (PersonId, InProceedingId) VALUES (2238, 1294);
INSERT INTO Person (PersonId, Name) VALUES (2239, 'Lal George');
INSERT INTO RelationPersonInProceeding (PersonId, InProceedingId) VALUES (2239, 1294);
INSERT INTO InProceeding (InProceedingId, Title, Pages, Url, ProceedingId) VALUES (1295, 'Abstract Interfaces for Compiler Generating Tools.', '103-114', NULL, 35);
INSERT INTO RelationPersonInProceeding (PersonId, InProceedingId) VALUES (2095, 1295);
INSERT INTO InProceeding (InProceedingId, Title, Pages, Url, ProceedingId) VALUES (1296, 'Compilation for Instruction Parallel Processors.', '26-41', NULL, 36);
INSERT INTO RelationPersonInProceeding (PersonId, InProceedingId) VALUES (2095, 1296);
INSERT INTO InProceeding (InProceedingId, Title, Pages, Url, ProceedingId) VALUES (1297, 'A New Fast Algorithm for Optimal Register Allocation in Modulo Scheduled Loops.', '204-218', NULL, 40);
INSERT INTO Person (PersonId, Name) VALUES (2240, 'Christine Eisenbeis');
INSERT INTO RelationPersonInProceeding (PersonId, InProceedingId) VALUES (2240, 1297);
INSERT INTO Person (PersonId, Name) VALUES (2241, 'Sylvain Lelait');
INSERT INTO RelationPersonInProceeding (PersonId, InProceedingId) VALUES (2241, 1297);
INSERT INTO RelationPersonInProceeding (PersonId, InProceedingId) VALUES (1948, 1297);
INSERT INTO InProceeding (InProceedingId, Title, Pages, Url, ProceedingId) VALUES (1298, 'Analyzing Direct Non-local Dependencies in Attribute Grammars.', '31-49', NULL, 40);
INSERT INTO Person (PersonId, Name) VALUES (2242, 'John Boyland');
INSERT INTO RelationPersonInProceeding (PersonId, InProceedingId) VALUES (2242, 1298);
INSERT INTO InProceeding (InProceedingId, Title, Pages, Url, ProceedingId) VALUES (1299, 'Incremental Attribute Evaluation with Side-effects.', '175-189', NULL, 35);
INSERT INTO Person (PersonId, Name) VALUES (2243, 'Grel Hedin');
INSERT INTO RelationPersonInProceeding (PersonId, InProceedingId) VALUES (2243, 1299);
INSERT INTO InProceeding (InProceedingId, Title, Pages, Url, ProceedingId) VALUES (1300, 'An Overview of Door Attribute Grammars.', '31-51', NULL, 38);
INSERT INTO RelationPersonInProceeding (PersonId, InProceedingId) VALUES (2243, 1300);
INSERT INTO InProceeding (InProceedingId, Title, Pages, Url, ProceedingId) VALUES (1301, 'Instruction Schedulimg over Regions: A Framework for Scheduling Across Basic Blocks.', '419-434', NULL, 38);
INSERT INTO Person (PersonId, Name) VALUES (2244, 'Sridhar Ramakrishnan');
INSERT INTO RelationPersonInProceeding (PersonId, InProceedingId) VALUES (2244, 1301);
INSERT INTO Person (PersonId, Name) VALUES (2245, 'Uma Mahadevan');
INSERT INTO RelationPersonInProceeding (PersonId, InProceedingId) VALUES (2245, 1301);
INSERT INTO InProceeding (InProceedingId, Title, Pages, Url, ProceedingId) VALUES (1302, 'Global Software Pipelining with Iteration Preselection.', '189-201', NULL, 42);
INSERT INTO RelationPersonInProceeding (PersonId, InProceedingId) VALUES (2178, 1302);
INSERT INTO InProceeding (InProceedingId, Title, Pages, Url, ProceedingId) VALUES (1303, 'Comparing Tail Duplication with Compensation Code in Single Path Global Instruction Scheduling.', '200-212', NULL, 43);
INSERT INTO RelationPersonInProceeding (PersonId, InProceedingId) VALUES (2178, 1303);
INSERT INTO InProceeding (InProceedingId, Title, Pages, Url, ProceedingId) VALUES (1304, 'Virtual Classes and Their Implementation.', '1-2', NULL, 43);
INSERT INTO Person (PersonId, Name) VALUES (2246, 'Ole Lehrmann Madsen');
INSERT INTO RelationPersonInProceeding (PersonId, InProceedingId) VALUES (2246, 1304);
INSERT INTO InProceeding (InProceedingId, Title, Pages, Url, ProceedingId) VALUES (1305, 'Goal-Directed Value Profiling.', '319-333', NULL, 43);
INSERT INTO RelationPersonInProceeding (PersonId, InProceedingId) VALUES (2050, 1305);
INSERT INTO RelationPersonInProceeding (PersonId, InProceedingId) VALUES (2051, 1305);
INSERT INTO InProceeding (InProceedingId, Title, Pages, Url, ProceedingId) VALUES (1306, 'Shape Analysis.', '1-17', NULL, 42);
INSERT INTO RelationPersonInProceeding (PersonId, InProceedingId) VALUES (1886, 1306);
INSERT INTO RelationPersonInProceeding (PersonId, InProceedingId) VALUES (1877, 1306);
INSERT INTO RelationPersonInProceeding (PersonId, InProceedingId) VALUES (1998, 1306);
INSERT INTO InProceeding (InProceedingId, Title, Pages, Url, ProceedingId) VALUES (1307, 'A Bounded Graph-Connect Construction for LR-regular Parsers.', '244-258', NULL, 43);
INSERT INTO RelationPersonInProceeding (PersonId, InProceedingId) VALUES (2115, 1307);
INSERT INTO Person (PersonId, Name) VALUES (2247, 'Jacques Farr');
INSERT INTO RelationPersonInProceeding (PersonId, InProceedingId) VALUES (2247, 1307);
INSERT INTO InProceeding (InProceedingId, Title, Pages, Url, ProceedingId) VALUES (1308, 'Attribute-Directed Top-Down Parsing.', '37-43', NULL, 37);
INSERT INTO Person (PersonId, Name) VALUES (2248, 'Karel Mller');
INSERT INTO RelationPersonInProceeding (PersonId, InProceedingId) VALUES (2248, 1308);
INSERT INTO Person (PersonId, Name) VALUES (2249, 'Judy M. Bishop');
INSERT INTO Proceeding (ProceedingId, Title, EditorId, PublisherId, SeriesId, Year, ISBN, Url) VALUES (45, 'Component Deployment, IFIP/ACM Working Conference, CD 2002, Berlin, Germany, June 20-21, 2002, Proceedings', 2249, 1, 1, '2002', '3-540-43847-5', 'http://dblp.uni-trier.de/db/conf/cd/cd2002.html');
INSERT INTO InProceeding (InProceedingId, Title, Pages, Url, ProceedingId) VALUES (1309, 'Beyond Generic Component Parameters.', '141-154', NULL, 45);
INSERT INTO RelationPersonInProceeding (PersonId, InProceedingId) VALUES (1880, 1309);
INSERT INTO InProceeding (InProceedingId, Title, Pages, Url, ProceedingId) VALUES (1310, 'Packaging Predictable Assembly.', '108-124', NULL, 45);
INSERT INTO Person (PersonId, Name) VALUES (2250, 'Scott A. Hissam');
INSERT INTO RelationPersonInProceeding (PersonId, InProceedingId) VALUES (2250, 1310);
INSERT INTO Person (PersonId, Name) VALUES (2251, 'Gabriel A. Moreno');
INSERT INTO RelationPersonInProceeding (PersonId, InProceedingId) VALUES (2251, 1310);
INSERT INTO Person (PersonId, Name) VALUES (2252, 'Kurt C. Wallnau');
INSERT INTO RelationPersonInProceeding (PersonId, InProceedingId) VALUES (2252, 1310);
INSERT INTO Person (PersonId, Name) VALUES (2253, 'Judith A. Stafford');
INSERT INTO RelationPersonInProceeding (PersonId, InProceedingId) VALUES (2253, 1310);
INSERT INTO InProceeding (InProceedingId, Title, Pages, Url, ProceedingId) VALUES (1311, 'Architecture-Level Support for Software Component Deployment in Resource Constrained Environments.', '31-50', NULL, 45);
INSERT INTO Person (PersonId, Name) VALUES (2254, 'Nenad Medvidovic');
INSERT INTO RelationPersonInProceeding (PersonId, InProceedingId) VALUES (2254, 1311);
INSERT INTO Person (PersonId, Name) VALUES (2255, 'Marija Mikic-Rakic');
INSERT INTO RelationPersonInProceeding (PersonId, InProceedingId) VALUES (2255, 1311);
INSERT INTO InProceeding (InProceedingId, Title, Pages, Url, ProceedingId) VALUES (1312, 'A Component Framework for Dynamic Reconfiguration of Distributed Systems.', '82-96', NULL, 45);
INSERT INTO Person (PersonId, Name) VALUES (2256, 'Martin Simons');
INSERT INTO RelationPersonInProceeding (PersonId, InProceedingId) VALUES (2256, 1312);
INSERT INTO Person (PersonId, Name) VALUES (2257, 'Xuejun Chen');
INSERT INTO RelationPersonInProceeding (PersonId, InProceedingId) VALUES (2257, 1312);
INSERT INTO InProceeding (InProceedingId, Title, Pages, Url, ProceedingId) VALUES (1313, 'Software, Component, and Service Deployment in Computational Grids.', '244-256', NULL, 45);
INSERT INTO Person (PersonId, Name) VALUES (2258, 'Peter Lane');
INSERT INTO RelationPersonInProceeding (PersonId, InProceedingId) VALUES (2258, 1313);
INSERT INTO Person (PersonId, Name) VALUES (2259, 'Michael Russell');
INSERT INTO RelationPersonInProceeding (PersonId, InProceedingId) VALUES (2259, 1313);
INSERT INTO Person (PersonId, Name) VALUES (2260, 'Michael Bletzinger');
INSERT INTO RelationPersonInProceeding (PersonId, InProceedingId) VALUES (2260, 1313);
INSERT INTO Person (PersonId, Name) VALUES (2261, 'Eric Blau');
INSERT INTO RelationPersonInProceeding (PersonId, InProceedingId) VALUES (2261, 1313);
INSERT INTO Person (PersonId, Name) VALUES (2262, 'Gregor von Laszewski');
INSERT INTO RelationPersonInProceeding (PersonId, InProceedingId) VALUES (2262, 1313);
INSERT INTO Person (PersonId, Name) VALUES (2263, 'Stuart Martin');
INSERT INTO RelationPersonInProceeding (PersonId, InProceedingId) VALUES (2263, 1313);
INSERT INTO Person (PersonId, Name) VALUES (2264, 'Jarek Gawor');
INSERT INTO RelationPersonInProceeding (PersonId, InProceedingId) VALUES (2264, 1313);
INSERT INTO InProceeding (InProceedingId, Title, Pages, Url, ProceedingId) VALUES (1314, 'Dynamic Replacement of Active Objects in the Gilgul Programming Language.', '125-140', NULL, 45);
INSERT INTO Person (PersonId, Name) VALUES (2265, 'Pascal Costanza');
INSERT INTO RelationPersonInProceeding (PersonId, InProceedingId) VALUES (2265, 1314);
INSERT INTO InProceeding (InProceedingId, Title, Pages, Url, ProceedingId) VALUES (1315, 'Architectures of Enterprise Systems: Modelling Transactional Contexts.', '233-243', NULL, 45);
INSERT INTO Person (PersonId, Name) VALUES (2266, 'Heinz W. Schmidt');
INSERT INTO RelationPersonInProceeding (PersonId, InProceedingId) VALUES (2266, 1315);
INSERT INTO Person (PersonId, Name) VALUES (2267, 'Ralf Reussner');
INSERT INTO RelationPersonInProceeding (PersonId, InProceedingId) VALUES (2267, 1315);
INSERT INTO Person (PersonId, Name) VALUES (2268, 'Iman Poernomo');
INSERT INTO RelationPersonInProceeding (PersonId, InProceedingId) VALUES (2268, 1315);
INSERT INTO InProceeding (InProceedingId, Title, Pages, Url, ProceedingId) VALUES (1316, 'A Component Model for Field Devices.', '200-209', NULL, 45);
INSERT INTO Person (PersonId, Name) VALUES (2269, 'Gabriela Arvalo');
INSERT INTO RelationPersonInProceeding (PersonId, InProceedingId) VALUES (2269, 1316);
INSERT INTO Person (PersonId, Name) VALUES (2270, 'Reinier van den Born');
INSERT INTO RelationPersonInProceeding (PersonId, InProceedingId) VALUES (2270, 1316);
INSERT INTO Person (PersonId, Name) VALUES (2271, 'Thomas Genssler');
INSERT INTO RelationPersonInProceeding (PersonId, InProceedingId) VALUES (2271, 1316);
INSERT INTO Person (PersonId, Name) VALUES (2272, 'Andrew P. Black');
INSERT INTO RelationPersonInProceeding (PersonId, InProceedingId) VALUES (2272, 1316);
INSERT INTO Person (PersonId, Name) VALUES (2273, 'Roel Wuyts');
INSERT INTO RelationPersonInProceeding (PersonId, InProceedingId) VALUES (2273, 1316);
INSERT INTO Person (PersonId, Name) VALUES (2274, 'Stephane Ducasse');
INSERT INTO RelationPersonInProceeding (PersonId, InProceedingId) VALUES (2274, 1316);
INSERT INTO Person (PersonId, Name) VALUES (2275, 'Peter O. Mller');
INSERT INTO RelationPersonInProceeding (PersonId, InProceedingId) VALUES (2275, 1316);
INSERT INTO Person (PersonId, Name) VALUES (2276, 'Christian Zeidler');
INSERT INTO RelationPersonInProceeding (PersonId, InProceedingId) VALUES (2276, 1316);
INSERT INTO Person (PersonId, Name) VALUES (2277, 'Oscar Nierstrasz');
INSERT INTO RelationPersonInProceeding (PersonId, InProceedingId) VALUES (2277, 1316);
INSERT INTO InProceeding (InProceedingId, Title, Pages, Url, ProceedingId) VALUES (1317, 'Evolution of Distributed Java Programs.', '51-66', NULL, 45);
INSERT INTO Person (PersonId, Name) VALUES (2278, 'Chris Sadler');
INSERT INTO RelationPersonInProceeding (PersonId, InProceedingId) VALUES (2278, 1317);
INSERT INTO Person (PersonId, Name) VALUES (2279, 'Susan Eisenbach');
INSERT INTO RelationPersonInProceeding (PersonId, InProceedingId) VALUES (2279, 1317);
INSERT INTO Person (PersonId, Name) VALUES (2280, 'Shakil Shaikh');
INSERT INTO RelationPersonInProceeding (PersonId, InProceedingId) VALUES (2280, 1317);
INSERT INTO InProceeding (InProceedingId, Title, Pages, Url, ProceedingId) VALUES (1318, 'Reconfiguration in the Enterprise JavaBean Component Model.', '67-81', NULL, 45);
INSERT INTO Person (PersonId, Name) VALUES (2281, 'Alexander L. Wolf');
INSERT INTO RelationPersonInProceeding (PersonId, InProceedingId) VALUES (2281, 1318);
INSERT INTO Person (PersonId, Name) VALUES (2282, 'Dennis Heimbigner');
INSERT INTO RelationPersonInProceeding (PersonId, InProceedingId) VALUES (2282, 1318);
INSERT INTO Person (PersonId, Name) VALUES (2283, 'Matthew J. Rutherford');
INSERT INTO RelationPersonInProceeding (PersonId, InProceedingId) VALUES (2283, 1318);
INSERT INTO Person (PersonId, Name) VALUES (2284, 'Antonio Carzaniga');
INSERT INTO RelationPersonInProceeding (PersonId, InProceedingId) VALUES (2284, 1318);
INSERT INTO Person (PersonId, Name) VALUES (2285, 'Kenneth M. Anderson');
INSERT INTO RelationPersonInProceeding (PersonId, InProceedingId) VALUES (2285, 1318);
INSERT INTO InProceeding (InProceedingId, Title, Pages, Url, ProceedingId) VALUES (1319, 'Scenario-Based Connector Optimization.', '170-184', NULL, 45);
INSERT INTO Person (PersonId, Name) VALUES (2286, 'Markus L. Noga');
INSERT INTO RelationPersonInProceeding (PersonId, InProceedingId) VALUES (2286, 1319);
INSERT INTO Person (PersonId, Name) VALUES (2287, 'Welf Lwe');
INSERT INTO RelationPersonInProceeding (PersonId, InProceedingId) VALUES (2287, 1319);
INSERT INTO InProceeding (InProceedingId, Title, Pages, Url, ProceedingId) VALUES (1320, 'Adapting Components with Mismatching Behaviours.', '185-199', NULL, 45);
INSERT INTO Person (PersonId, Name) VALUES (2288, 'Antonio Brogi');
INSERT INTO RelationPersonInProceeding (PersonId, InProceedingId) VALUES (2288, 1320);
INSERT INTO Person (PersonId, Name) VALUES (2289, 'Andrea Bracciali');
INSERT INTO RelationPersonInProceeding (PersonId, InProceedingId) VALUES (2289, 1320);
INSERT INTO Person (PersonId, Name) VALUES (2290, 'Carlos Canal');
INSERT INTO RelationPersonInProceeding (PersonId, InProceedingId) VALUES (2290, 1320);
INSERT INTO InProceeding (InProceedingId, Title, Pages, Url, ProceedingId) VALUES (1321, 'CC4J - Code Coverage for Java.', '155-169', NULL, 45);
INSERT INTO Person (PersonId, Name) VALUES (2291, 'Michael Austermann');
INSERT INTO RelationPersonInProceeding (PersonId, InProceedingId) VALUES (2291, 1321);
INSERT INTO Person (PersonId, Name) VALUES (2292, 'Gnter Kniesel');
INSERT INTO RelationPersonInProceeding (PersonId, InProceedingId) VALUES (2292, 1321);
INSERT INTO InProceeding (InProceedingId, Title, Pages, Url, ProceedingId) VALUES (1322, 'Model, Notation, and Tools for Verification of Protocol-Based Components Assembly.', '257-268', NULL, 45);
INSERT INTO Person (PersonId, Name) VALUES (2293, 'Pascal Rapicault');
INSERT INTO RelationPersonInProceeding (PersonId, InProceedingId) VALUES (2293, 1322);
INSERT INTO Person (PersonId, Name) VALUES (2294, 'Jean-Paul Rigault');
INSERT INTO RelationPersonInProceeding (PersonId, InProceedingId) VALUES (2294, 1322);
INSERT INTO Person (PersonId, Name) VALUES (2295, 'Luc Bourlier');
INSERT INTO RelationPersonInProceeding (PersonId, InProceedingId) VALUES (2295, 1322);
INSERT INTO InProceeding (InProceedingId, Title, Pages, Url, ProceedingId) VALUES (1323, 'An Environment for Building Customizable Software Components.', '1-14', NULL, 45);
INSERT INTO Person (PersonId, Name) VALUES (2296, 'Charles Consel');
INSERT INTO RelationPersonInProceeding (PersonId, InProceedingId) VALUES (2296, 1323);
INSERT INTO Person (PersonId, Name) VALUES (2297, 'Anne-Franoise Le Meur');
INSERT INTO RelationPersonInProceeding (PersonId, InProceedingId) VALUES (2297, 1323);
INSERT INTO Person (PersonId, Name) VALUES (2298, 'Benot Escrig');
INSERT INTO RelationPersonInProceeding (PersonId, InProceedingId) VALUES (2298, 1323);
INSERT INTO InProceeding (InProceedingId, Title, Pages, Url, ProceedingId) VALUES (1324, 'An Infrastructure for CORBA Component Replication.', '222-232', NULL, 45);
INSERT INTO RelationPersonInProceeding (PersonId, InProceedingId) VALUES (115, 1324);
INSERT INTO Person (PersonId, Name) VALUES (2299, 'Vania Marangozova');
INSERT INTO RelationPersonInProceeding (PersonId, InProceedingId) VALUES (2299, 1324);
INSERT INTO InProceeding (InProceedingId, Title, Pages, Url, ProceedingId) VALUES (1325, 'Software Deployment Using Mobile Agents.', '97-107', NULL, 45);
INSERT INTO Person (PersonId, Name) VALUES (2300, 'Nils P. Sudmann');
INSERT INTO RelationPersonInProceeding (PersonId, InProceedingId) VALUES (2300, 1325);
INSERT INTO Person (PersonId, Name) VALUES (2301, 'Dag Johansen');
INSERT INTO RelationPersonInProceeding (PersonId, InProceedingId) VALUES (2301, 1325);
INSERT INTO InProceeding (InProceedingId, Title, Pages, Url, ProceedingId) VALUES (1326, 'A Translation System for Enabling Flexible and Efficient Deployment of QoS-Aware Applications in Ubiquitous Environments.', '210-221', NULL, 45);
INSERT INTO Person (PersonId, Name) VALUES (2302, 'Klara Nahrstedt');
INSERT INTO RelationPersonInProceeding (PersonId, InProceedingId) VALUES (2302, 1326);
INSERT INTO Person (PersonId, Name) VALUES (2303, 'Duangdao Wichadakul');
INSERT INTO RelationPersonInProceeding (PersonId, InProceedingId) VALUES (2303, 1326);
INSERT INTO InProceeding (InProceedingId, Title, Pages, Url, ProceedingId) VALUES (1327, 'A Contract-Based Approach of Resource-Constrained Software Deployment.', '15-30', NULL, 45);
INSERT INTO Person (PersonId, Name) VALUES (2304, 'Frdric Guidec');
INSERT INTO RelationPersonInProceeding (PersonId, InProceedingId) VALUES (2304, 1327);
INSERT INTO Person (PersonId, Name) VALUES (2305, 'Nicolas Le Sommer');
INSERT INTO RelationPersonInProceeding (PersonId, InProceedingId) VALUES (2305, 1327);
INSERT INTO Person (PersonId, Name) VALUES (2306, 'Hiroyuki Iida');
INSERT INTO Proceeding (ProceedingId, Title, EditorId, PublisherId, SeriesId, Year, ISBN, Url) VALUES (46, 'Computers and Games, First International Conference, CG$198, Tsukuba, Japan, November 11-12, 1998, Proceedings', 2306, 1, 1, '1999', '3-540-65766-5', 'http://dblp.uni-trier.de/db/conf/cg/cg1998.html');
INSERT INTO Person (PersonId, Name) VALUES (2307, 'Ian Frank');
INSERT INTO Proceeding (ProceedingId, Title, EditorId, PublisherId, SeriesId, Year, ISBN, Url) VALUES (47, 'Computers and Games, Second International Conference, CG 2000, Hamamatsu, Japan, October 26-28, 2000, Revised Papers', 2307, 1, 1, '2002', '3-540-43080-6', 'http://dblp.uni-trier.de/db/conf/cg/cg2000.html');
INSERT INTO InProceeding (InProceedingId, Title, Pages, Url, ProceedingId) VALUES (1328, 'Virus Versus Mankind.', '204-213', NULL, 47);
INSERT INTO Person (PersonId, Name) VALUES (2308, 'Aviezri S. Fraenkel');
INSERT INTO RelationPersonInProceeding (PersonId, InProceedingId) VALUES (2308, 1328);
INSERT INTO InProceeding (InProceedingId, Title, Pages, Url, ProceedingId) VALUES (1329, 'Simple Amazons Endgames and Their Connection to Hamilton Circuits in Cubic Subgrid Graphs.', '250-261', NULL, 47);
INSERT INTO Person (PersonId, Name) VALUES (2309, 'Michael Buro');
INSERT INTO RelationPersonInProceeding (PersonId, InProceedingId) VALUES (2309, 1329);
INSERT INTO InProceeding (InProceedingId, Title, Pages, Url, ProceedingId) VALUES (1330, 'From Simple Features to Sophisticated Evaluation Functions.', '126-145', NULL, 46);
INSERT INTO RelationPersonInProceeding (PersonId, InProceedingId) VALUES (2309, 1330);
INSERT INTO InProceeding (InProceedingId, Title, Pages, Url, ProceedingId) VALUES (1331, 'Reasoning by Agents in Computer Bridge Bidding.', '346-364', NULL, 47);
INSERT INTO Person (PersonId, Name) VALUES (2310, 'Takao Uehara');
INSERT INTO RelationPersonInProceeding (PersonId, InProceedingId) VALUES (2310, 1331);
INSERT INTO Person (PersonId, Name) VALUES (2311, 'Takahisa Ando');
INSERT INTO RelationPersonInProceeding (PersonId, InProceedingId) VALUES (2311, 1331);
INSERT INTO InProceeding (InProceedingId, Title, Pages, Url, ProceedingId) VALUES (1332, 'Learning a Go Heuristic with TILDE.', '151-169', NULL, 47);
INSERT INTO Person (PersonId, Name) VALUES (2312, 'Hendrik Blockeel');
INSERT INTO RelationPersonInProceeding (PersonId, InProceedingId) VALUES (2312, 1332);
INSERT INTO Person (PersonId, Name) VALUES (2313, 'Tom Francis');
INSERT INTO RelationPersonInProceeding (PersonId, InProceedingId) VALUES (2313, 1332);
INSERT INTO Person (PersonId, Name) VALUES (2314, 'Jan Ramon');
INSERT INTO RelationPersonInProceeding (PersonId, InProceedingId) VALUES (2314, 1332);
INSERT INTO InProceeding (InProceedingId, Title, Pages, Url, ProceedingId) VALUES (1333, 'First Results from Using Temporal Difference Learning in Shogi.', '113-125', NULL, 46);
INSERT INTO Person (PersonId, Name) VALUES (2315, 'Martin C. Smith');
INSERT INTO RelationPersonInProceeding (PersonId, InProceedingId) VALUES (2315, 1333);
INSERT INTO Person (PersonId, Name) VALUES (2316, 'Donald F. Beal');
INSERT INTO RelationPersonInProceeding (PersonId, InProceedingId) VALUES (2316, 1333);
INSERT INTO InProceeding (InProceedingId, Title, Pages, Url, ProceedingId) VALUES (1334, 'Awari Retrograde Analysis.', '87-95', NULL, 47);
INSERT INTO Person (PersonId, Name) VALUES (2317, 'Roel van der Goot');
INSERT INTO RelationPersonInProceeding (PersonId, InProceedingId) VALUES (2317, 1334);
INSERT INTO InProceeding (InProceedingId, Title, Pages, Url, ProceedingId) VALUES (1335, 'Game Tree Algorithms and Solution Trees.', '195-204', NULL, 46);
INSERT INTO Person (PersonId, Name) VALUES (2318, 'Wim Pijls');
INSERT INTO RelationPersonInProceeding (PersonId, InProceedingId) VALUES (2318, 1335);
INSERT INTO Person (PersonId, Name) VALUES (2319, 'Arie de Bruin');
INSERT INTO RelationPersonInProceeding (PersonId, InProceedingId) VALUES (2319, 1335);
INSERT INTO InProceeding (InProceedingId, Title, Pages, Url, ProceedingId) VALUES (1336, 'Retrograde Analysis of the KGK Endgame in Shogi: Its Implications for Ancient Heian Shogi.', '318-335', NULL, 46);
INSERT INTO Person (PersonId, Name) VALUES (2320, 'Jin Yoshimura');
INSERT INTO RelationPersonInProceeding (PersonId, InProceedingId) VALUES (2320, 1336);
INSERT INTO Person (PersonId, Name) VALUES (2321, 'Kazuro Morita');
INSERT INTO RelationPersonInProceeding (PersonId, InProceedingId) VALUES (2321, 1336);
INSERT INTO RelationPersonInProceeding (PersonId, InProceedingId) VALUES (2306, 1336);
INSERT INTO Person (PersonId, Name) VALUES (2322, 'Jos W. H. M. Uiterwijk');
INSERT INTO RelationPersonInProceeding (PersonId, InProceedingId) VALUES (2322, 1336);
INSERT INTO InProceeding (InProceedingId, Title, Pages, Url, ProceedingId) VALUES (1337, 'A Shogi Processor with a Field Programmable Gate Array.', '297-314', NULL, 47);
INSERT INTO Person (PersonId, Name) VALUES (2323, 'Youhei Hori');
INSERT INTO RelationPersonInProceeding (PersonId, InProceedingId) VALUES (2323, 1337);
INSERT INTO Person (PersonId, Name) VALUES (2324, 'Tsutomu Hoshino');
INSERT INTO RelationPersonInProceeding (PersonId, InProceedingId) VALUES (2324, 1337);
INSERT INTO Person (PersonId, Name) VALUES (2325, 'Tsutomu Maruyama');
INSERT INTO RelationPersonInProceeding (PersonId, InProceedingId) VALUES (2325, 1337);
INSERT INTO Person (PersonId, Name) VALUES (2326, 'Minenobu Seki');
INSERT INTO RelationPersonInProceeding (PersonId, InProceedingId) VALUES (2326, 1337);
INSERT INTO Person (PersonId, Name) VALUES (2327, 'Reijer Grimbergen');
INSERT INTO RelationPersonInProceeding (PersonId, InProceedingId) VALUES (2327, 1337);
INSERT INTO InProceeding (InProceedingId, Title, Pages, Url, ProceedingId) VALUES (1338, 'Ladders Are PSPACE-Complete.', '241-249', NULL, 47);
INSERT INTO Person (PersonId, Name) VALUES (2328, 'John Tromp');
INSERT INTO RelationPersonInProceeding (PersonId, InProceedingId) VALUES (2328, 1338);
INSERT INTO Person (PersonId, Name) VALUES (2329, 'Marcel Crsmaru');
INSERT INTO RelationPersonInProceeding (PersonId, InProceedingId) VALUES (2329, 1338);
INSERT INTO InProceeding (InProceedingId, Title, Pages, Url, ProceedingId) VALUES (1339, 'Infinite Cyclic Impartial Games.', '212-221', NULL, 46);
INSERT INTO Person (PersonId, Name) VALUES (2330, 'Ofer Rahat');
INSERT INTO RelationPersonInProceeding (PersonId, InProceedingId) VALUES (2330, 1339);
INSERT INTO RelationPersonInProceeding (PersonId, InProceedingId) VALUES (2308, 1339);
INSERT INTO InProceeding (InProceedingId, Title, Pages, Url, ProceedingId) VALUES (1340, 'A New Heap Game.', '205-211', NULL, 46);
INSERT INTO Person (PersonId, Name) VALUES (2331, 'Dmitri Zusman');
INSERT INTO RelationPersonInProceeding (PersonId, InProceedingId) VALUES (2331, 1340);
INSERT INTO RelationPersonInProceeding (PersonId, InProceedingId) VALUES (2308, 1340);
INSERT INTO InProceeding (InProceedingId, Title, Pages, Url, ProceedingId) VALUES (1341, 'Abstraction Methods for Game Theoretic Poker.', '333-345', NULL, 47);
INSERT INTO Person (PersonId, Name) VALUES (2332, 'Jiefu Shi');
INSERT INTO RelationPersonInProceeding (PersonId, InProceedingId) VALUES (2332, 1341);
INSERT INTO Person (PersonId, Name) VALUES (2333, 'Michael L. Littman');
INSERT INTO RelationPersonInProceeding (PersonId, InProceedingId) VALUES (2333, 1341);
INSERT INTO InProceeding (InProceedingId, Title, Pages, Url, ProceedingId) VALUES (1342, 'Optimal Play against Best Defence: Complexity and Heuristics.', '50-73', NULL, 46);
INSERT INTO RelationPersonInProceeding (PersonId, InProceedingId) VALUES (2307, 1342);
INSERT INTO Person (PersonId, Name) VALUES (2334, 'David A. Basin');
INSERT INTO RelationPersonInProceeding (PersonId, InProceedingId) VALUES (2334, 1342);
INSERT INTO InProceeding (InProceedingId, Title, Pages, Url, ProceedingId) VALUES (1343, 'On the Complexity of Tsume-Go.', '222-231', NULL, 46);
INSERT INTO RelationPersonInProceeding (PersonId, InProceedingId) VALUES (2329, 1343);
INSERT INTO InProceeding (InProceedingId, Title, Pages, Url, ProceedingId) VALUES (1344, 'Review: Intelligent Agents for Computer Games.', '414-422', NULL, 47);
INSERT INTO Person (PersonId, Name) VALUES (2335, 'Alexander Nareyek');
INSERT INTO RelationPersonInProceeding (PersonId, InProceedingId) VALUES (2335, 1344);
INSERT INTO InProceeding (InProceedingId, Title, Pages, Url, ProceedingId) VALUES (1345, 'A Least-Certainty Heuristic for Selective Search.', '1-18', NULL, 47);
INSERT INTO Person (PersonId, Name) VALUES (2336, 'Richard P. Cochran');
INSERT INTO RelationPersonInProceeding (PersonId, InProceedingId) VALUES (2336, 1345);
INSERT INTO Person (PersonId, Name) VALUES (2337, 'Paul E. Utgoff');
INSERT INTO RelationPersonInProceeding (PersonId, InProceedingId) VALUES (2337, 1345);
INSERT INTO InProceeding (InProceedingId, Title, Pages, Url, ProceedingId) VALUES (1346, 'Learning from Perfection. A Data Mining Approach to Evaluation Function Learning in Awari.', '115-132', NULL, 47);
INSERT INTO RelationPersonInProceeding (PersonId, InProceedingId) VALUES (1320, 1346);
INSERT INTO InProceeding (InProceedingId, Title, Pages, Url, ProceedingId) VALUES (1347, 'Review: Computer Language Games.', '396-404', NULL, 47);
INSERT INTO RelationPersonInProceeding (PersonId, InProceedingId) VALUES (2333, 1347);
INSERT INTO InProceeding (InProceedingId, Title, Pages, Url, ProceedingId) VALUES (1348, 'Solving Kriegspiel-Like Problems: Examining Efficient Search Methods.', '55-73', NULL, 47);
INSERT INTO Person (PersonId, Name) VALUES (2338, 'Makoto Sakuta');
INSERT INTO RelationPersonInProceeding (PersonId, InProceedingId) VALUES (2338, 1348);
INSERT INTO RelationPersonInProceeding (PersonId, InProceedingId) VALUES (2306, 1348);
INSERT INTO InProceeding (InProceedingId, Title, Pages, Url, ProceedingId) VALUES (1349, 'Linguistic Geometry for Solving War Games.', '365-383', NULL, 47);
INSERT INTO Person (PersonId, Name) VALUES (2339, 'Boris Stilman');
INSERT INTO RelationPersonInProceeding (PersonId, InProceedingId) VALUES (2339, 1349);
INSERT INTO InProceeding (InProceedingId, Title, Pages, Url, ProceedingId) VALUES (1350, 'A Speculative Strategy.', '74-92', NULL, 46);
INSERT INTO Person (PersonId, Name) VALUES (2340, 'H. Jaap van den Herik');
INSERT INTO RelationPersonInProceeding (PersonId, InProceedingId) VALUES (2340, 1350);
INSERT INTO RelationPersonInProceeding (PersonId, InProceedingId) VALUES (2306, 1350);
INSERT INTO RelationPersonInProceeding (PersonId, InProceedingId) VALUES (2322, 1350);
INSERT INTO Person (PersonId, Name) VALUES (2341, 'Xinbo Gao');
INSERT INTO RelationPersonInProceeding (PersonId, InProceedingId) VALUES (2341, 1350);
INSERT INTO InProceeding (InProceedingId, Title, Pages, Url, ProceedingId) VALUES (1351, 'Plausible Move Generation Using Move Merit Analysis with Cut-Off Thresholds in Shogi.', '315-332', NULL, 47);
INSERT INTO RelationPersonInProceeding (PersonId, InProceedingId) VALUES (2327, 1351);
INSERT INTO InProceeding (InProceedingId, Title, Pages, Url, ProceedingId) VALUES (1352, 'A Survey of Tsume-Shogi Programs Using Variable-Depth Search.', '300-317', NULL, 46);
INSERT INTO RelationPersonInProceeding (PersonId, InProceedingId) VALUES (2327, 1352);
INSERT INTO InProceeding (InProceedingId, Title, Pages, Url, ProceedingId) VALUES (1353, 'Abstract Proof Search.', '39-54', NULL, 47);
INSERT INTO Person (PersonId, Name) VALUES (2342, 'Tristan Cazenave');
INSERT INTO RelationPersonInProceeding (PersonId, InProceedingId) VALUES (2342, 1353);
INSERT INTO InProceeding (InProceedingId, Title, Pages, Url, ProceedingId) VALUES (1354, 'Integer Programming Based Algorithms for Peg Solitaire Problems.', '229-240', NULL, 47);
INSERT INTO Person (PersonId, Name) VALUES (2343, 'Tomomi Matsui');
INSERT INTO RelationPersonInProceeding (PersonId, InProceedingId) VALUES (2343, 1354);
INSERT INTO Person (PersonId, Name) VALUES (2344, 'Masashi Kiyomi');
INSERT INTO RelationPersonInProceeding (PersonId, InProceedingId) VALUES (2344, 1354);
INSERT INTO InProceeding (InProceedingId, Title, Pages, Url, ProceedingId) VALUES (1355, 'Creating Difficult Instances of the Post Correspondence Problem.', '214-228', NULL, 47);
INSERT INTO Person (PersonId, Name) VALUES (2345, 'Richard J. Lorentz');
INSERT INTO RelationPersonInProceeding (PersonId, InProceedingId) VALUES (2345, 1355);
INSERT INTO InProceeding (InProceedingId, Title, Pages, Url, ProceedingId) VALUES (1356, 'Distributed Decision Making in Checkers.', '183-194', NULL, 46);
INSERT INTO Person (PersonId, Name) VALUES (2346, 'J. Ignacio Girldez');
INSERT INTO RelationPersonInProceeding (PersonId, InProceedingId) VALUES (2346, 1356);
INSERT INTO Person (PersonId, Name) VALUES (2347, 'Daniel Borrajo');
INSERT INTO RelationPersonInProceeding (PersonId, InProceedingId) VALUES (2347, 1356);
INSERT INTO InProceeding (InProceedingId, Title, Pages, Url, ProceedingId) VALUES (1357, 'Physics and Ecology of Rock-Paper-Scissors Game.', '384-395', NULL, 47);
INSERT INTO Person (PersonId, Name) VALUES (2348, 'Kei-ichi Tainaka');
INSERT INTO RelationPersonInProceeding (PersonId, InProceedingId) VALUES (2348, 1357);
INSERT INTO InProceeding (InProceedingId, Title, Pages, Url, ProceedingId) VALUES (1358, 'Learning Time Allocation Using Neural Networks.', '170-185', NULL, 47);
INSERT INTO RelationPersonInProceeding (PersonId, InProceedingId) VALUES (2340, 1358);
INSERT INTO RelationPersonInProceeding (PersonId, InProceedingId) VALUES (2322, 1358);
INSERT INTO Person (PersonId, Name) VALUES (2349, 'Levente Kocsis');
INSERT INTO RelationPersonInProceeding (PersonId, InProceedingId) VALUES (2349, 1358);
INSERT INTO InProceeding (InProceedingId, Title, Pages, Url, ProceedingId) VALUES (1359, 'The Complexity of Graph Ramsey Games.', '186-203', NULL, 47);
INSERT INTO Person (PersonId, Name) VALUES (2350, 'Wolfgang Slany');
INSERT INTO RelationPersonInProceeding (PersonId, InProceedingId) VALUES (2350, 1359);
INSERT INTO InProceeding (InProceedingId, Title, Pages, Url, ProceedingId) VALUES (1360, 'Relations between Skill and the Use of Terms - An Analysis of Protocols of the Game of Go.', '282-299', NULL, 46);
INSERT INTO Person (PersonId, Name) VALUES (2351, 'Yasuki Saito');
INSERT INTO RelationPersonInProceeding (PersonId, InProceedingId) VALUES (2351, 1360);
INSERT INTO Person (PersonId, Name) VALUES (2352, 'Atsushi Yoshikawa');
INSERT INTO RelationPersonInProceeding (PersonId, InProceedingId) VALUES (2352, 1360);
INSERT INTO Person (PersonId, Name) VALUES (2353, 'Takuya Kojima');
INSERT INTO RelationPersonInProceeding (PersonId, InProceedingId) VALUES (2353, 1360);
INSERT INTO InProceeding (InProceedingId, Title, Pages, Url, ProceedingId) VALUES (1361, 'Strategies for the Automatic Construction of Opening Books.', '74-86', NULL, 47);
INSERT INTO Person (PersonId, Name) VALUES (2354, 'Thomas R. Lincke');
INSERT INTO RelationPersonInProceeding (PersonId, InProceedingId) VALUES (2354, 1361);
INSERT INTO InProceeding (InProceedingId, Title, Pages, Url, ProceedingId) VALUES (1362, 'Lambda-Search in Game Trees - with Application to Go.', '19-38', NULL, 47);
INSERT INTO Person (PersonId, Name) VALUES (2355, 'Thomas Thomsen');
INSERT INTO RelationPersonInProceeding (PersonId, InProceedingId) VALUES (2355, 1362);
INSERT INTO InProceeding (InProceedingId, Title, Pages, Url, ProceedingId) VALUES (1363, 'SUPER-SOMA - Solving Tactical Exchanges in Shogi without Tree Searching.', '277-296', NULL, 47);
INSERT INTO Person (PersonId, Name) VALUES (2356, 'Jeff Rollason');
INSERT INTO RelationPersonInProceeding (PersonId, InProceedingId) VALUES (2356, 1363);
INSERT INTO InProceeding (InProceedingId, Title, Pages, Url, ProceedingId) VALUES (1364, 'Estimating the Possible Omission Number for Groups in Go by the Number of n-th Dame.', '265-281', NULL, 46);
INSERT INTO Person (PersonId, Name) VALUES (2357, 'Noriaki Sanechika');
INSERT INTO RelationPersonInProceeding (PersonId, InProceedingId) VALUES (2357, 1364);
INSERT INTO Person (PersonId, Name) VALUES (2358, 'Morihiko Tajima');
INSERT INTO RelationPersonInProceeding (PersonId, InProceedingId) VALUES (2358, 1364);
INSERT INTO InProceeding (InProceedingId, Title, Pages, Url, ProceedingId) VALUES (1365, 'Review: Computer Shogi through 2000.', '433-442', NULL, 47);
INSERT INTO Person (PersonId, Name) VALUES (2359, 'Takenobu Takizawa');
INSERT INTO RelationPersonInProceeding (PersonId, InProceedingId) VALUES (2359, 1365);
INSERT INTO RelationPersonInProceeding (PersonId, InProceedingId) VALUES (2327, 1365);
INSERT INTO InProceeding (InProceedingId, Title, Pages, Url, ProceedingId) VALUES (1366, 'A Neural Network Program of Tsume-Go.', '167-182', NULL, 46);
INSERT INTO RelationPersonInProceeding (PersonId, InProceedingId) VALUES (2320, 1366);
INSERT INTO Person (PersonId, Name) VALUES (2360, 'Yasuji Sawada');
INSERT INTO RelationPersonInProceeding (PersonId, InProceedingId) VALUES (2360, 1366);
INSERT INTO Person (PersonId, Name) VALUES (2361, 'Nobusuke Sasaki');
INSERT INTO RelationPersonInProceeding (PersonId, InProceedingId) VALUES (2361, 1366);
INSERT INTO InProceeding (InProceedingId, Title, Pages, Url, ProceedingId) VALUES (1367, 'Chess Neighborhoods, Function Combination, and Reinforcement Learning.', '133-150', NULL, 47);
INSERT INTO Person (PersonId, Name) VALUES (2362, 'Ryan Weber');
INSERT INTO RelationPersonInProceeding (PersonId, InProceedingId) VALUES (2362, 1367);
INSERT INTO Person (PersonId, Name) VALUES (2363, 'Robert Levinson');
INSERT INTO RelationPersonInProceeding (PersonId, InProceedingId) VALUES (2363, 1367);
INSERT INTO InProceeding (InProceedingId, Title, Pages, Url, ProceedingId) VALUES (1368, 'An Adversarial Planning Approach to Go.', '93-112', NULL, 46);
INSERT INTO Person (PersonId, Name) VALUES (2364, 'Alan Bundy');
INSERT INTO RelationPersonInProceeding (PersonId, InProceedingId) VALUES (2364, 1368);
INSERT INTO Person (PersonId, Name) VALUES (2365, 'Steven Willmott');
INSERT INTO RelationPersonInProceeding (PersonId, InProceedingId) VALUES (2365, 1368);
INSERT INTO Person (PersonId, Name) VALUES (2366, 'John Levine');
INSERT INTO RelationPersonInProceeding (PersonId, InProceedingId) VALUES (2366, 1368);
INSERT INTO Person (PersonId, Name) VALUES (2367, 'Julian Richardson');
INSERT INTO RelationPersonInProceeding (PersonId, InProceedingId) VALUES (2367, 1368);
INSERT INTO InProceeding (InProceedingId, Title, Pages, Url, ProceedingId) VALUES (1369, 'A Two-Step Model of Pattern Acquisition: Application to Tsume-Go.', '146-166', NULL, 46);
INSERT INTO RelationPersonInProceeding (PersonId, InProceedingId) VALUES (2352, 1369);
INSERT INTO RelationPersonInProceeding (PersonId, InProceedingId) VALUES (2353, 1369);
INSERT INTO InProceeding (InProceedingId, Title, Pages, Url, ProceedingId) VALUES (1370, 'Multi-cut Pruning in Alpha-Beta Search.', '15-24', NULL, 46);
INSERT INTO Person (PersonId, Name) VALUES (2368, 'T. Anthony Marsland');
INSERT INTO RelationPersonInProceeding (PersonId, InProceedingId) VALUES (2368, 1370);
INSERT INTO Person (PersonId, Name) VALUES (2369, 'Yngvi Bjrnsson');
INSERT INTO RelationPersonInProceeding (PersonId, InProceedingId) VALUES (2369, 1370);
INSERT INTO InProceeding (InProceedingId, Title, Pages, Url, ProceedingId) VALUES (1371, 'Relevance Cuts: Localizing the Search.', '1-14', NULL, 46);
INSERT INTO RelationPersonInProceeding (PersonId, InProceedingId) VALUES (1233, 1371);
INSERT INTO RelationPersonInProceeding (PersonId, InProceedingId) VALUES (1451, 1371);
INSERT INTO InProceeding (InProceedingId, Title, Pages, Url, ProceedingId) VALUES (1372, 'Extended Thermography for Multiple Kos in Go.', '232-251', NULL, 46);
INSERT INTO Person (PersonId, Name) VALUES (2370, 'William L. Spight');
INSERT INTO RelationPersonInProceeding (PersonId, InProceedingId) VALUES (2370, 1372);
INSERT INTO InProceeding (InProceedingId, Title, Pages, Url, ProceedingId) VALUES (1373, 'Construction of Chinese Chess Endgame Databases by Retrograde Analysis.', '96-114', NULL, 47);
INSERT INTO Person (PersonId, Name) VALUES (2371, 'Tsan-sheng Hsu');
INSERT INTO RelationPersonInProceeding (PersonId, InProceedingId) VALUES (2371, 1373);
INSERT INTO Person (PersonId, Name) VALUES (2372, 'Haw-ren Fang');
INSERT INTO RelationPersonInProceeding (PersonId, InProceedingId) VALUES (2372, 1373);
INSERT INTO Person (PersonId, Name) VALUES (2373, 'Shun-chin Hsu');
INSERT INTO RelationPersonInProceeding (PersonId, InProceedingId) VALUES (2373, 1373);
INSERT INTO InProceeding (InProceedingId, Title, Pages, Url, ProceedingId) VALUES (1374, 'A Solution to the GHI Problem for Best-First Search.', '25-49', NULL, 46);
INSERT INTO Person (PersonId, Name) VALUES (2374, 'L. Victor Allis');
INSERT INTO RelationPersonInProceeding (PersonId, InProceedingId) VALUES (2374, 1374);
INSERT INTO RelationPersonInProceeding (PersonId, InProceedingId) VALUES (2340, 1374);
INSERT INTO RelationPersonInProceeding (PersonId, InProceedingId) VALUES (2322, 1374);
INSERT INTO Person (PersonId, Name) VALUES (2375, 'Dennis M. Breuker');
INSERT INTO RelationPersonInProceeding (PersonId, InProceedingId) VALUES (2375, 1374);
INSERT INTO InProceeding (InProceedingId, Title, Pages, Url, ProceedingId) VALUES (1375, 'Review: RoboCup through 2000.', '423-432', NULL, 47);
INSERT INTO RelationPersonInProceeding (PersonId, InProceedingId) VALUES (2307, 1375);
INSERT INTO Person (PersonId, Name) VALUES (2376, 'Itsuki Noda');
INSERT INTO RelationPersonInProceeding (PersonId, InProceedingId) VALUES (2376, 1375);
INSERT INTO InProceeding (InProceedingId, Title, Pages, Url, ProceedingId) VALUES (1376, 'New Self-Play Results in Computer Chess.', '262-276', NULL, 47);
INSERT INTO Person (PersonId, Name) VALUES (2377, 'Ernst A. Heinz');
INSERT INTO RelationPersonInProceeding (PersonId, InProceedingId) VALUES (2377, 1376);
INSERT INTO InProceeding (InProceedingId, Title, Pages, Url, ProceedingId) VALUES (1377, 'Review: Computer Go 1984-2000.', '405-413', NULL, 47);
INSERT INTO Person (PersonId, Name) VALUES (2378, 'Martin Mller III');
INSERT INTO RelationPersonInProceeding (PersonId, InProceedingId) VALUES (2378, 1377);
INSERT INTO InProceeding (InProceedingId, Title, Pages, Url, ProceedingId) VALUES (1378, 'Computer Go: A Research Agenda.', '252-264', NULL, 46);
INSERT INTO RelationPersonInProceeding (PersonId, InProceedingId) VALUES (2378, 1378);
INSERT INTO InProceeding (InProceedingId, Title, Pages, Url, ProceedingId) VALUES (1379, 'A Plan Fusion Algorithm for Multi-Agent Systems.', '56-65', NULL, NULL);
INSERT INTO Person (PersonId, Name) VALUES (2379, 'Cees Witteveen');
INSERT INTO RelationPersonInProceeding (PersonId, InProceedingId) VALUES (2379, 1379);
INSERT INTO Person (PersonId, Name) VALUES (2380, 'A. Bos');
INSERT INTO RelationPersonInProceeding (PersonId, InProceedingId) VALUES (2380, 1379);
INSERT INTO Person (PersonId, Name) VALUES (2381, 'Hans Tonino');
INSERT INTO RelationPersonInProceeding (PersonId, InProceedingId) VALUES (2381, 1379);
INSERT INTO Person (PersonId, Name) VALUES (2382, 'M. de Weerdt');
INSERT INTO RelationPersonInProceeding (PersonId, InProceedingId) VALUES (2382, 1379);
INSERT INTO Person (PersonId, Name) VALUES (2383, 'Peter J. Stuckey');
INSERT INTO Proceeding (ProceedingId, Title, EditorId, PublisherId, SeriesId, Year, ISBN, Url) VALUES (48, 'Computational Logic - CL 2000, First International Conference, London, UK, 24-28 July, 2000, Proceedings', 2383, 1, 1, '2000', '3-540-67797-6', 'http://dblp.uni-trier.de/db/conf/cl/cl2000.html');
INSERT INTO InProceeding (InProceedingId, Title, Pages, Url, ProceedingId) VALUES (1380, 'Logic Program Synthesis in a Higher-Order Setting.', '87-100', NULL, 48);
INSERT INTO Person (PersonId, Name) VALUES (2384, 'Alan Smaill');
INSERT INTO RelationPersonInProceeding (PersonId, InProceedingId) VALUES (2384, 1380);
INSERT INTO RelationPersonInProceeding (PersonId, InProceedingId) VALUES (2048, 1380);
INSERT INTO RelationPersonInProceeding (PersonId, InProceedingId) VALUES (2367, 1380);
INSERT INTO InProceeding (InProceedingId, Title, Pages, Url, ProceedingId) VALUES (1381, 'Databases and Higher Types.', '41-52', NULL, 48);
INSERT INTO Person (PersonId, Name) VALUES (2385, 'Melvin Fitting');
INSERT INTO RelationPersonInProceeding (PersonId, InProceedingId) VALUES (2385, 1381);
INSERT INTO InProceeding (InProceedingId, Title, Pages, Url, ProceedingId) VALUES (1382, 'A System for Tabled Constraint Logic Programming.', '478-492', NULL, 48);
INSERT INTO Person (PersonId, Name) VALUES (2386, 'Baoqiu Cui');
INSERT INTO RelationPersonInProceeding (PersonId, InProceedingId) VALUES (2386, 1382);
INSERT INTO Person (PersonId, Name) VALUES (2387, 'David Scott Warren');
INSERT INTO RelationPersonInProceeding (PersonId, InProceedingId) VALUES (2387, 1382);
INSERT INTO InProceeding (InProceedingId, Title, Pages, Url, ProceedingId) VALUES (1383, 'Invariance, Maintenance, and Other Declarative Objectives of Triggers - A Formal Characterization of Active Databases.', '1210-1224', NULL, 48);
INSERT INTO Person (PersonId, Name) VALUES (2388, 'Chitta Baral');
INSERT INTO RelationPersonInProceeding (PersonId, InProceedingId) VALUES (2388, 1383);
INSERT INTO Person (PersonId, Name) VALUES (2389, 'Mutsumi Nakamura');
INSERT INTO RelationPersonInProceeding (PersonId, InProceedingId) VALUES (2389, 1383);
INSERT INTO InProceeding (InProceedingId, Title, Pages, Url, ProceedingId) VALUES (1384, 'Modelling Digital Circuits Problems with Set Constraints.', '414-428', NULL, 48);
INSERT INTO Person (PersonId, Name) VALUES (2390, 'Pedro Barahona');
INSERT INTO RelationPersonInProceeding (PersonId, InProceedingId) VALUES (2390, 1384);
INSERT INTO Person (PersonId, Name) VALUES (2391, 'Francisco Azevedo');
INSERT INTO RelationPersonInProceeding (PersonId, InProceedingId) VALUES (2391, 1384);
INSERT INTO InProceeding (InProceedingId, Title, Pages, Url, ProceedingId) VALUES (1385, 'Planning under Incomplete Knowledge.', '807-821', NULL, 48);
INSERT INTO Person (PersonId, Name) VALUES (2392, 'Nicola Leone');
INSERT INTO RelationPersonInProceeding (PersonId, InProceedingId) VALUES (2392, 1385);
INSERT INTO Person (PersonId, Name) VALUES (2393, 'Wolfgang Faber');
INSERT INTO RelationPersonInProceeding (PersonId, InProceedingId) VALUES (2393, 1385);
INSERT INTO Person (PersonId, Name) VALUES (2394, 'Gerald Pfeifer');
INSERT INTO RelationPersonInProceeding (PersonId, InProceedingId) VALUES (2394, 1385);
INSERT INTO Person (PersonId, Name) VALUES (2395, 'Axel Polleres');
INSERT INTO RelationPersonInProceeding (PersonId, InProceedingId) VALUES (2395, 1385);
INSERT INTO Person (PersonId, Name) VALUES (2396, 'Thomas Eiter');
INSERT INTO RelationPersonInProceeding (PersonId, InProceedingId) VALUES (2396, 1385);
INSERT INTO InProceeding (InProceedingId, Title, Pages, Url, ProceedingId) VALUES (1386, 'Solving the Entailment Problem in the Fluent Calculus Using Binary Decision Diagrams.', '747-761', NULL, 48);
INSERT INTO Person (PersonId, Name) VALUES (2397, 'Steffen Hlldobler');
INSERT INTO RelationPersonInProceeding (PersonId, InProceedingId) VALUES (2397, 1386);
INSERT INTO Person (PersonId, Name) VALUES (2398, 'Hans-Peter Strr');
INSERT INTO RelationPersonInProceeding (PersonId, InProceedingId) VALUES (2398, 1386);
INSERT INTO InProceeding (InProceedingId, Title, Pages, Url, ProceedingId) VALUES (1387, 'Concurrent Constraint Programming with Process Mobility.', '463-477', NULL, 48);
INSERT INTO RelationPersonInProceeding (PersonId, InProceedingId) VALUES (322, 1387);
INSERT INTO Person (PersonId, Name) VALUES (2399, 'Catuscia Palamidessi');
INSERT INTO RelationPersonInProceeding (PersonId, InProceedingId) VALUES (2399, 1387);
INSERT INTO InProceeding (InProceedingId, Title, Pages, Url, ProceedingId) VALUES (1388, 'A Denotational Semantics for First-Order Logic.', '53-69', NULL, 48);
INSERT INTO RelationPersonInProceeding (PersonId, InProceedingId) VALUES (1496, 1388);
INSERT INTO InProceeding (InProceedingId, Title, Pages, Url, ProceedingId) VALUES (1389, 'Certification of Compiler Optimizations Using Kleene Algebra with Tests.', '568-582', NULL, 48);
INSERT INTO Person (PersonId, Name) VALUES (2400, 'Maria-Christina Patron');
INSERT INTO RelationPersonInProceeding (PersonId, InProceedingId) VALUES (2400, 1389);
INSERT INTO Person (PersonId, Name) VALUES (2401, 'Dexter Kozen');
INSERT INTO RelationPersonInProceeding (PersonId, InProceedingId) VALUES (2401, 1389);
INSERT INTO InProceeding (InProceedingId, Title, Pages, Url, ProceedingId) VALUES (1390, 'Querying XML Specified WWW Sites: Links and Recursion in XML-GL.', '1167-1181', NULL, 48);
INSERT INTO Person (PersonId, Name) VALUES (2402, 'Barbara Oliboni');
INSERT INTO RelationPersonInProceeding (PersonId, InProceedingId) VALUES (2402, 1390);
INSERT INTO Person (PersonId, Name) VALUES (2403, 'Letizia Tanca');
INSERT INTO RelationPersonInProceeding (PersonId, InProceedingId) VALUES (2403, 1390);
INSERT INTO InProceeding (InProceedingId, Title, Pages, Url, ProceedingId) VALUES (1391, 'Developing Finite Domain Constraints - A Data Model Approach.', '448-462', NULL, 48);
INSERT INTO Person (PersonId, Name) VALUES (2404, 'Peter M. D. Gray');
INSERT INTO RelationPersonInProceeding (PersonId, InProceedingId) VALUES (2404, 1391);
INSERT INTO Person (PersonId, Name) VALUES (2405, 'Kit-ying Hui');
INSERT INTO RelationPersonInProceeding (PersonId, InProceedingId) VALUES (2405, 1391);
INSERT INTO InProceeding (InProceedingId, Title, Pages, Url, ProceedingId) VALUES (1392, 'A Formal Model for an Expressive Fragment of XSLT.', '1137-1151', NULL, 48);
INSERT INTO Person (PersonId, Name) VALUES (2406, 'Sebastian Maneth');
INSERT INTO RelationPersonInProceeding (PersonId, InProceedingId) VALUES (2406, 1392);
INSERT INTO Person (PersonId, Name) VALUES (2407, 'Geert Jan Bex');
INSERT INTO RelationPersonInProceeding (PersonId, InProceedingId) VALUES (2407, 1392);
INSERT INTO Person (PersonId, Name) VALUES (2408, 'Frank Neven');
INSERT INTO RelationPersonInProceeding (PersonId, InProceedingId) VALUES (2408, 1392);
INSERT INTO InProceeding (InProceedingId, Title, Pages, Url, ProceedingId) VALUES (1393, 'Including Diagnostic Information in Configuration Models.', '837-851', NULL, 48);
INSERT INTO Person (PersonId, Name) VALUES (2409, 'Tommi Syrjnen');
INSERT INTO RelationPersonInProceeding (PersonId, InProceedingId) VALUES (2409, 1393);
INSERT INTO InProceeding (InProceedingId, Title, Pages, Url, ProceedingId) VALUES (1394, 'The Impact of Cache Coherence Protocols on Parallel Logic Programming Systems.', '1285-1299', NULL, 48);
INSERT INTO Person (PersonId, Name) VALUES (2410, 'Vtor Santos Costa');
INSERT INTO RelationPersonInProceeding (PersonId, InProceedingId) VALUES (2410, 1394);
INSERT INTO Person (PersonId, Name) VALUES (2411, 'Ricardo Bianchini');
INSERT INTO RelationPersonInProceeding (PersonId, InProceedingId) VALUES (2411, 1394);
INSERT INTO Person (PersonId, Name) VALUES (2412, 'Ins de Castro Dutra');
INSERT INTO RelationPersonInProceeding (PersonId, InProceedingId) VALUES (2412, 1394);
INSERT INTO InProceeding (InProceedingId, Title, Pages, Url, ProceedingId) VALUES (1395, 'Representing Object Code.', '538-552', NULL, 48);
INSERT INTO Person (PersonId, Name) VALUES (2413, 'Marco Benini');
INSERT INTO RelationPersonInProceeding (PersonId, InProceedingId) VALUES (2413, 1395);
INSERT INTO InProceeding (InProceedingId, Title, Pages, Url, ProceedingId) VALUES (1396, 'A Module Based Analysis for Memory Reuse in Mercury.', '1255-1269', NULL, 48);
INSERT INTO Person (PersonId, Name) VALUES (2414, 'Maurice Bruynooghe');
INSERT INTO RelationPersonInProceeding (PersonId, InProceedingId) VALUES (2414, 1396);
INSERT INTO RelationPersonInProceeding (PersonId, InProceedingId) VALUES (2038, 1396);
INSERT INTO Person (PersonId, Name) VALUES (2415, 'Nancy Mazur');
INSERT INTO RelationPersonInProceeding (PersonId, InProceedingId) VALUES (2415, 1396);
INSERT INTO InProceeding (InProceedingId, Title, Pages, Url, ProceedingId) VALUES (1397, 'Isoinitial Semantics for Logic Programs.', '223-238', NULL, 48);
INSERT INTO Person (PersonId, Name) VALUES (2416, 'Mario Ornaghi');
INSERT INTO RelationPersonInProceeding (PersonId, InProceedingId) VALUES (2416, 1397);
INSERT INTO Person (PersonId, Name) VALUES (2417, 'Kung-Kiu Lau');
INSERT INTO RelationPersonInProceeding (PersonId, InProceedingId) VALUES (2417, 1397);
INSERT INTO InProceeding (InProceedingId, Title, Pages, Url, ProceedingId) VALUES (1398, 'A Heuristic Approach for Converting HTML Documents to XML Documents.', '1182-1196', NULL, 48);
INSERT INTO Person (PersonId, Name) VALUES (2418, 'Seung Jin Lim');
INSERT INTO RelationPersonInProceeding (PersonId, InProceedingId) VALUES (2418, 1398);
INSERT INTO Person (PersonId, Name) VALUES (2419, 'Yiu-Kai Ng');
INSERT INTO RelationPersonInProceeding (PersonId, InProceedingId) VALUES (2419, 1398);
INSERT INTO InProceeding (InProceedingId, Title, Pages, Url, ProceedingId) VALUES (1399, 'Towards an Efficient Tableau Method for Boolean Circuit Satisfiability Checking.', '553-567', NULL, 48);
INSERT INTO Person (PersonId, Name) VALUES (2420, 'Ilkka Niemel');
INSERT INTO RelationPersonInProceeding (PersonId, InProceedingId) VALUES (2420, 1399);
INSERT INTO Person (PersonId, Name) VALUES (2421, 'Tommi A. Junttila');
INSERT INTO RelationPersonInProceeding (PersonId, InProceedingId) VALUES (2421, 1399);
INSERT INTO InProceeding (InProceedingId, Title, Pages, Url, ProceedingId) VALUES (1400, 'On an omega-Decidable Deductive Procedure for Non-Horn Sequents of a Restricted FTL.', '523-537', NULL, 48);
INSERT INTO Person (PersonId, Name) VALUES (2422, 'Regimantas Pliuskevicius');
INSERT INTO RelationPersonInProceeding (PersonId, InProceedingId) VALUES (2422, 1400);
INSERT INTO InProceeding (InProceedingId, Title, Pages, Url, ProceedingId) VALUES (1401, 'Alternating Fixpoint Theory for Logic Programs with Priority.', '164-178', NULL, 48);
INSERT INTO Person (PersonId, Name) VALUES (2423, 'Fangzhen Lin');
INSERT INTO RelationPersonInProceeding (PersonId, InProceedingId) VALUES (2423, 1401);
INSERT INTO Person (PersonId, Name) VALUES (2424, 'Lizhu Zhou');
INSERT INTO RelationPersonInProceeding (PersonId, InProceedingId) VALUES (2424, 1401);
INSERT INTO Person (PersonId, Name) VALUES (2425, 'Kewen Wang');
INSERT INTO RelationPersonInProceeding (PersonId, InProceedingId) VALUES (2425, 1401);
INSERT INTO InProceeding (InProceedingId, Title, Pages, Url, ProceedingId) VALUES (1402, 'A Logic Programming Application for the Analysis of Spanish Verse.', '1330-1344', NULL, 48);
INSERT INTO Person (PersonId, Name) VALUES (2426, 'Pablo Gervs');
INSERT INTO RelationPersonInProceeding (PersonId, InProceedingId) VALUES (2426, 1402);
INSERT INTO InProceeding (InProceedingId, Title, Pages, Url, ProceedingId) VALUES (1403, 'Semantics of Input-Consuming Logic Programs.', '194-208', NULL, 48);
INSERT INTO Person (PersonId, Name) VALUES (2427, 'Sandro Etalle');
INSERT INTO RelationPersonInProceeding (PersonId, InProceedingId) VALUES (2427, 1403);
INSERT INTO Person (PersonId, Name) VALUES (2428, 'Sabina Rossi');
INSERT INTO RelationPersonInProceeding (PersonId, InProceedingId) VALUES (2428, 1403);
INSERT INTO Person (PersonId, Name) VALUES (2429, 'Annalisa Bossi');
INSERT INTO RelationPersonInProceeding (PersonId, InProceedingId) VALUES (2429, 1403);
INSERT INTO InProceeding (InProceedingId, Title, Pages, Url, ProceedingId) VALUES (1404, 'ILP: Just Do It.', '25-40', NULL, 48);
INSERT INTO Person (PersonId, Name) VALUES (2430, 'David Page');
INSERT INTO RelationPersonInProceeding (PersonId, InProceedingId) VALUES (2430, 1404);
INSERT INTO InProceeding (InProceedingId, Title, Pages, Url, ProceedingId) VALUES (1405, 'Decidability Results for the Propositional Fluent Calculus.', '762-776', NULL, 48);
INSERT INTO Person (PersonId, Name) VALUES (2431, 'Helko Lehmann');
INSERT INTO RelationPersonInProceeding (PersonId, InProceedingId) VALUES (2431, 1405);
INSERT INTO Person (PersonId, Name) VALUES (2432, 'Michael Leuschel');
INSERT INTO RelationPersonInProceeding (PersonId, InProceedingId) VALUES (2432, 1405);
INSERT INTO InProceeding (InProceedingId, Title, Pages, Url, ProceedingId) VALUES (1406, 'Moder Generation Theorem Proving with Finite Interval Constraints.', '285-299', NULL, 48);
INSERT INTO Person (PersonId, Name) VALUES (2433, 'Reiner Hhnle');
INSERT INTO RelationPersonInProceeding (PersonId, InProceedingId) VALUES (2433, 1406);
INSERT INTO Person (PersonId, Name) VALUES (2434, 'Yasuyuki Shirai');
INSERT INTO RelationPersonInProceeding (PersonId, InProceedingId) VALUES (2434, 1406);
INSERT INTO Person (PersonId, Name) VALUES (2435, 'Ryuzo Hasegawa');
INSERT INTO RelationPersonInProceeding (PersonId, InProceedingId) VALUES (2435, 1406);
INSERT INTO InProceeding (InProceedingId, Title, Pages, Url, ProceedingId) VALUES (1407, 'A Simple Characterization of Extended Abduction.', '718-732', NULL, 48);
INSERT INTO Person (PersonId, Name) VALUES (2436, 'Katsumi Inoue');
INSERT INTO RelationPersonInProceeding (PersonId, InProceedingId) VALUES (2436, 1407);
INSERT INTO InProceeding (InProceedingId, Title, Pages, Url, ProceedingId) VALUES (1408, 'Arc Consistency Algorithms via Iterations of Subsumed Functions.', '358-372', NULL, 48);
INSERT INTO Person (PersonId, Name) VALUES (2437, 'Rosella Gennari');
INSERT INTO RelationPersonInProceeding (PersonId, InProceedingId) VALUES (2437, 1408);
INSERT INTO InProceeding (InProceedingId, Title, Pages, Url, ProceedingId) VALUES (1409, 'A Dynamic Approach to Termination Analysis for Active Database Rules.', '1106-1120', NULL, 48);
INSERT INTO Person (PersonId, Name) VALUES (2438, 'James Bailey');
INSERT INTO RelationPersonInProceeding (PersonId, InProceedingId) VALUES (2438, 1409);
INSERT INTO Person (PersonId, Name) VALUES (2439, 'Alexandra Poulovassilis');
INSERT INTO RelationPersonInProceeding (PersonId, InProceedingId) VALUES (2439, 1409);
INSERT INTO Person (PersonId, Name) VALUES (2440, 'Peter Newson');
INSERT INTO RelationPersonInProceeding (PersonId, InProceedingId) VALUES (2440, 1409);
INSERT INTO InProceeding (InProceedingId, Title, Pages, Url, ProceedingId) VALUES (1410, 'Abstract Syntax for Variable Binders: An Overview.', '239-253', NULL, 48);
INSERT INTO Person (PersonId, Name) VALUES (2441, 'Dale Miller');
INSERT INTO RelationPersonInProceeding (PersonId, InProceedingId) VALUES (2441, 1410);
INSERT INTO InProceeding (InProceedingId, Title, Pages, Url, ProceedingId) VALUES (1411, 'AVAL: An Enumerative Method for SAT.', '373-383', NULL, 48);
INSERT INTO Person (PersonId, Name) VALUES (2442, 'Gilles Audemard');
INSERT INTO RelationPersonInProceeding (PersonId, InProceedingId) VALUES (2442, 1411);
INSERT INTO Person (PersonId, Name) VALUES (2443, 'Pierre Siegel');
INSERT INTO RelationPersonInProceeding (PersonId, InProceedingId) VALUES (2443, 1411);
INSERT INTO Person (PersonId, Name) VALUES (2444, 'Belaid Benhamou');
INSERT INTO RelationPersonInProceeding (PersonId, InProceedingId) VALUES (2444, 1411);
INSERT INTO InProceeding (InProceedingId, Title, Pages, Url, ProceedingId) VALUES (1412, 'SLDMagic - The Real Magic (With Applications to Web Queries).', '1063-1077', NULL, 48);
INSERT INTO Person (PersonId, Name) VALUES (2445, 'Stefan Brass');
INSERT INTO RelationPersonInProceeding (PersonId, InProceedingId) VALUES (2445, 1412);
INSERT INTO InProceeding (InProceedingId, Title, Pages, Url, ProceedingId) VALUES (1413, 'Psychiatric Diagnosis from the Viewpoint of Computational Logic.', '1362-1376', NULL, 48);
INSERT INTO Person (PersonId, Name) VALUES (2446, 'Lus Moniz Pereira');
INSERT INTO RelationPersonInProceeding (PersonId, InProceedingId) VALUES (2446, 1413);
INSERT INTO Person (PersonId, Name) VALUES (2447, 'Allen Tien');
INSERT INTO RelationPersonInProceeding (PersonId, InProceedingId) VALUES (2447, 1413);
INSERT INTO Person (PersonId, Name) VALUES (2448, 'Carlos Viegas Damsio');
INSERT INTO RelationPersonInProceeding (PersonId, InProceedingId) VALUES (2448, 1413);
INSERT INTO Person (PersonId, Name) VALUES (2449, 'Joseph Gartner');
INSERT INTO RelationPersonInProceeding (PersonId, InProceedingId) VALUES (2449, 1413);
INSERT INTO Person (PersonId, Name) VALUES (2450, 'Terrance Swift');
INSERT INTO RelationPersonInProceeding (PersonId, InProceedingId) VALUES (2450, 1413);
INSERT INTO InProceeding (InProceedingId, Title, Pages, Url, ProceedingId) VALUES (1414, 'Partial Models of Extended Generalized Logic Programs.', '149-163', NULL, 48);
INSERT INTO RelationPersonInProceeding (PersonId, InProceedingId) VALUES (2446, 1414);
INSERT INTO Person (PersonId, Name) VALUES (2451, 'Heinrich Herre');
INSERT INTO RelationPersonInProceeding (PersonId, InProceedingId) VALUES (2451, 1414);
INSERT INTO Person (PersonId, Name) VALUES (2452, 'Jos Jlio Alferes');
INSERT INTO RelationPersonInProceeding (PersonId, InProceedingId) VALUES (2452, 1414);
INSERT INTO InProceeding (InProceedingId, Title, Pages, Url, ProceedingId) VALUES (1415, 'A Defeasible Reasoning System in Multi-Agent Environment.', '1-6', NULL, NULL);
INSERT INTO Person (PersonId, Name) VALUES (2453, 'Koji Iwanuma');
INSERT INTO RelationPersonInProceeding (PersonId, InProceedingId) VALUES (2453, 1415);
INSERT INTO RelationPersonInProceeding (PersonId, InProceedingId) VALUES (2436, 1415);
INSERT INTO Person (PersonId, Name) VALUES (2454, 'K. Satoh');
INSERT INTO RelationPersonInProceeding (PersonId, InProceedingId) VALUES (2454, 1415);
INSERT INTO Person (PersonId, Name) VALUES (2455, 'Chiaki Sakama');
INSERT INTO RelationPersonInProceeding (PersonId, InProceedingId) VALUES (2455, 1415);
INSERT INTO InProceeding (InProceedingId, Title, Pages, Url, ProceedingId) VALUES (1416, 'Logic, Knowledge Representation, and Bayesian Decision Theory.', '70-86', NULL, 48);
INSERT INTO Person (PersonId, Name) VALUES (2456, 'David Poole');
INSERT INTO RelationPersonInProceeding (PersonId, InProceedingId) VALUES (2456, 1416);
INSERT INTO InProceeding (InProceedingId, Title, Pages, Url, ProceedingId) VALUES (1417, 'Minimal Belief and Negation as Failure in Multi-Agent System.', '7-16', NULL, NULL);
INSERT INTO Person (PersonId, Name) VALUES (2457, 'Riccardo Rosati');
INSERT INTO RelationPersonInProceeding (PersonId, InProceedingId) VALUES (2457, 1417);
INSERT INTO InProceeding (InProceedingId, Title, Pages, Url, ProceedingId) VALUES (1418, 'Representing Trees with Constraints.', '315-325', NULL, 48);
INSERT INTO Person (PersonId, Name) VALUES (2458, 'Ben Curry');
INSERT INTO RelationPersonInProceeding (PersonId, InProceedingId) VALUES (2458, 1418);
INSERT INTO Person (PersonId, Name) VALUES (2459, 'Gillian Hayes');
INSERT INTO RelationPersonInProceeding (PersonId, InProceedingId) VALUES (2459, 1418);
INSERT INTO Person (PersonId, Name) VALUES (2460, 'Geraint A. Wiggins');
INSERT INTO RelationPersonInProceeding (PersonId, InProceedingId) VALUES (2460, 1418);
INSERT INTO InProceeding (InProceedingId, Title, Pages, Url, ProceedingId) VALUES (1419, 'Applications of Annotated Predicate Calculus to Querying Inconsistent Databases.', '926-941', NULL, 48);
INSERT INTO Person (PersonId, Name) VALUES (2461, 'Leopoldo E. Bertossi');
INSERT INTO RelationPersonInProceeding (PersonId, InProceedingId) VALUES (2461, 1419);
INSERT INTO Person (PersonId, Name) VALUES (2462, 'Marcelo Arenas');
INSERT INTO RelationPersonInProceeding (PersonId, InProceedingId) VALUES (2462, 1419);
INSERT INTO Person (PersonId, Name) VALUES (2463, 'Michael Kifer');
INSERT INTO RelationPersonInProceeding (PersonId, InProceedingId) VALUES (2463, 1419);
INSERT INTO InProceeding (InProceedingId, Title, Pages, Url, ProceedingId) VALUES (1420, 'On the Equivalence of XML Patterns.', '1152-1166', NULL, 48);
INSERT INTO Person (PersonId, Name) VALUES (2464, 'Peter T. Wood');
INSERT INTO RelationPersonInProceeding (PersonId, InProceedingId) VALUES (2464, 1420);
INSERT INTO InProceeding (InProceedingId, Title, Pages, Url, ProceedingId) VALUES (1421, 'On the Interplay between Reactivity and Computation.', '66-', NULL, NULL);
INSERT INTO Person (PersonId, Name) VALUES (2465, 'Simone Contiero');
INSERT INTO RelationPersonInProceeding (PersonId, InProceedingId) VALUES (2465, 1421);
INSERT INTO RelationPersonInProceeding (PersonId, InProceedingId) VALUES (2288, 1421);
INSERT INTO Person (PersonId, Name) VALUES (2466, 'Franco Turini');
INSERT INTO RelationPersonInProceeding (PersonId, InProceedingId) VALUES (2466, 1421);
INSERT INTO InProceeding (InProceedingId, Title, Pages, Url, ProceedingId) VALUES (1422, 'A CLP Framework for Computing Structural Test Data.', '399-413', NULL, 48);
INSERT INTO Person (PersonId, Name) VALUES (2467, 'Michel Rueher');
INSERT INTO RelationPersonInProceeding (PersonId, InProceedingId) VALUES (2467, 1422);
INSERT INTO Person (PersonId, Name) VALUES (2468, 'Bernard Botella');
INSERT INTO RelationPersonInProceeding (PersonId, InProceedingId) VALUES (2468, 1422);
INSERT INTO Person (PersonId, Name) VALUES (2469, 'Arnaud Gotlieb');
INSERT INTO RelationPersonInProceeding (PersonId, InProceedingId) VALUES (2469, 1422);
INSERT INTO InProceeding (InProceedingId, Title, Pages, Url, ProceedingId) VALUES (1423, 'Automatic Derivation and Application of Induction Schemes for Mutually Recursive Functions.', '629-643', NULL, 48);
INSERT INTO Person (PersonId, Name) VALUES (2470, 'Richard J. Boulton');
INSERT INTO RelationPersonInProceeding (PersonId, InProceedingId) VALUES (2470, 1423);
INSERT INTO Person (PersonId, Name) VALUES (2471, 'Konrad Slind');
INSERT INTO RelationPersonInProceeding (PersonId, InProceedingId) VALUES (2471, 1423);
INSERT INTO InProceeding (InProceedingId, Title, Pages, Url, ProceedingId) VALUES (1424, 'Mining Minimal Non-redundant Association Rules Using Frequent Closed Itemsets.', '972-986', NULL, 48);
INSERT INTO Person (PersonId, Name) VALUES (2472, 'Gerd Stumme');
INSERT INTO RelationPersonInProceeding (PersonId, InProceedingId) VALUES (2472, 1424);
INSERT INTO Person (PersonId, Name) VALUES (2473, 'Yves Bastide');
INSERT INTO RelationPersonInProceeding (PersonId, InProceedingId) VALUES (2473, 1424);
INSERT INTO Person (PersonId, Name) VALUES (2474, 'Rafik Taouil');
INSERT INTO RelationPersonInProceeding (PersonId, InProceedingId) VALUES (2474, 1424);
INSERT INTO Person (PersonId, Name) VALUES (2475, 'Nicolas Pasquier');
INSERT INTO RelationPersonInProceeding (PersonId, InProceedingId) VALUES (2475, 1424);
INSERT INTO Person (PersonId, Name) VALUES (2476, 'Lotfi Lakhal');
INSERT INTO RelationPersonInProceeding (PersonId, InProceedingId) VALUES (2476, 1424);
INSERT INTO InProceeding (InProceedingId, Title, Pages, Url, ProceedingId) VALUES (1425, 'FLORA: Implementing an Efficient DOOD System Using a Tabling Logic Engine.', '1078-1093', NULL, 48);
INSERT INTO Person (PersonId, Name) VALUES (2477, 'Guizhen Yang');
INSERT INTO RelationPersonInProceeding (PersonId, InProceedingId) VALUES (2477, 1425);
INSERT INTO RelationPersonInProceeding (PersonId, InProceedingId) VALUES (2463, 1425);
INSERT INTO InProceeding (InProceedingId, Title, Pages, Url, ProceedingId) VALUES (1426, 'Goal-Directed Proof Search in Multiple-Conclusions Intuitionistic Logic.', '254-268', NULL, 48);
INSERT INTO Person (PersonId, Name) VALUES (2478, 'James Harland');
INSERT INTO RelationPersonInProceeding (PersonId, InProceedingId) VALUES (2478, 1426);
INSERT INTO Person (PersonId, Name) VALUES (2479, 'Tatjana Lutovac');
INSERT INTO RelationPersonInProceeding (PersonId, InProceedingId) VALUES (2479, 1426);
INSERT INTO Person (PersonId, Name) VALUES (2480, 'Michael Winikoff');
INSERT INTO RelationPersonInProceeding (PersonId, InProceedingId) VALUES (2480, 1426);
INSERT INTO InProceeding (InProceedingId, Title, Pages, Url, ProceedingId) VALUES (1427, 'Wire Routing and Satisfiability Planning.', '822-836', NULL, 48);
INSERT INTO Person (PersonId, Name) VALUES (2481, 'Martin D. F. Wang');
INSERT INTO RelationPersonInProceeding (PersonId, InProceedingId) VALUES (2481, 1427);
INSERT INTO Person (PersonId, Name) VALUES (2482, 'Vladimir Lifschitz');
INSERT INTO RelationPersonInProceeding (PersonId, InProceedingId) VALUES (2482, 1427);
INSERT INTO Person (PersonId, Name) VALUES (2483, 'Esra Erdem');
INSERT INTO RelationPersonInProceeding (PersonId, InProceedingId) VALUES (2483, 1427);
INSERT INTO InProceeding (InProceedingId, Title, Pages, Url, ProceedingId) VALUES (1428, 'So Many WAM Variations, So Little Time.', '1240-1254', NULL, 48);
INSERT INTO Person (PersonId, Name) VALUES (2484, 'Phuong-Lan Nguyen');
INSERT INTO RelationPersonInProceeding (PersonId, InProceedingId) VALUES (2484, 1428);
INSERT INTO Person (PersonId, Name) VALUES (2485, 'Bart Demoen');
INSERT INTO RelationPersonInProceeding (PersonId, InProceedingId) VALUES (2485, 1428);
INSERT INTO InProceeding (InProceedingId, Title, Pages, Url, ProceedingId) VALUES (1429, 'Linearly Bounded Reformulations of Conjunctive Databases.', '987-1001', NULL, 48);
INSERT INTO Person (PersonId, Name) VALUES (2486, 'Michael R. Genesereth');
INSERT INTO RelationPersonInProceeding (PersonId, InProceedingId) VALUES (2486, 1429);
INSERT INTO Person (PersonId, Name) VALUES (2487, 'Rada Chirkova');
INSERT INTO RelationPersonInProceeding (PersonId, InProceedingId) VALUES (2487, 1429);
INSERT INTO InProceeding (InProceedingId, Title, Pages, Url, ProceedingId) VALUES (1430, 'Expressing Collaborative and Competitive Coordination among Abductive.', '35-43', NULL, NULL);
INSERT INTO Person (PersonId, Name) VALUES (2488, 'Paola Mello');
INSERT INTO RelationPersonInProceeding (PersonId, InProceedingId) VALUES (2488, 1430);
INSERT INTO Person (PersonId, Name) VALUES (2489, 'Paolo Torroni');
INSERT INTO RelationPersonInProceeding (PersonId, InProceedingId) VALUES (2489, 1430);
INSERT INTO Person (PersonId, Name) VALUES (2490, 'Evelina Lamma');
INSERT INTO RelationPersonInProceeding (PersonId, InProceedingId) VALUES (2490, 1430);
INSERT INTO Person (PersonId, Name) VALUES (2491, 'Anna Ciampolini');
INSERT INTO RelationPersonInProceeding (PersonId, InProceedingId) VALUES (2491, 1430);
INSERT INTO InProceeding (InProceedingId, Title, Pages, Url, ProceedingId) VALUES (1431, 'A Meta-logical Semantics for Features and Fluents Based on Compositional Operators over Normal Logic Programs.', '777-791', NULL, 48);
INSERT INTO Person (PersonId, Name) VALUES (2492, 'Vincenzo Pallotta');
INSERT INTO RelationPersonInProceeding (PersonId, InProceedingId) VALUES (2492, 1431);
INSERT INTO InProceeding (InProceedingId, Title, Pages, Url, ProceedingId) VALUES (1432, 'A Semantics for Persistency in Propositional Dynamic Logic.', '912-925', NULL, 48);
INSERT INTO Person (PersonId, Name) VALUES (2493, 'Jan Broersen');
INSERT INTO RelationPersonInProceeding (PersonId, InProceedingId) VALUES (2493, 1432);
INSERT INTO Person (PersonId, Name) VALUES (2494, 'Roel Wieringa');
INSERT INTO RelationPersonInProceeding (PersonId, InProceedingId) VALUES (2494, 1432);
INSERT INTO Person (PersonId, Name) VALUES (2495, 'John-Jules Ch. Meyer');
INSERT INTO RelationPersonInProceeding (PersonId, InProceedingId) VALUES (2495, 1432);
INSERT INTO InProceeding (InProceedingId, Title, Pages, Url, ProceedingId) VALUES (1433, 'Multi-dimensional Dynamic Logic Programming.', '17-26', NULL, NULL);
INSERT INTO Person (PersonId, Name) VALUES (2496, 'Joo Alexandre Leite');
INSERT INTO RelationPersonInProceeding (PersonId, InProceedingId) VALUES (2496, 1433);
INSERT INTO RelationPersonInProceeding (PersonId, InProceedingId) VALUES (2446, 1433);
INSERT INTO RelationPersonInProceeding (PersonId, InProceedingId) VALUES (2452, 1433);
INSERT INTO InProceeding (InProceedingId, Title, Pages, Url, ProceedingId) VALUES (1434, 'Design and Implementation of the Physical Layer in WebBases: The XRover Experience.', '1094-1105', NULL, 48);
INSERT INTO Person (PersonId, Name) VALUES (2497, 'I. V. Ramakrishnan');
INSERT INTO RelationPersonInProceeding (PersonId, InProceedingId) VALUES (2497, 1434);
INSERT INTO RelationPersonInProceeding (PersonId, InProceedingId) VALUES (2477, 1434);
INSERT INTO RelationPersonInProceeding (PersonId, InProceedingId) VALUES (2463, 1434);
INSERT INTO Person (PersonId, Name) VALUES (2498, 'Hasan Davulcu');
INSERT INTO RelationPersonInProceeding (PersonId, InProceedingId) VALUES (2498, 1434);
INSERT INTO InProceeding (InProceedingId, Title, Pages, Url, ProceedingId) VALUES (1435, 'IMPACTing SHOP: Planning in a Multi-agent Environment.', '44-55', NULL, NULL);
INSERT INTO Person (PersonId, Name) VALUES (2499, 'Dana S. Nau');
INSERT INTO RelationPersonInProceeding (PersonId, InProceedingId) VALUES (2499, 1435);
INSERT INTO Person (PersonId, Name) VALUES (2500, 'Hector Muoz-Avila');
INSERT INTO RelationPersonInProceeding (PersonId, InProceedingId) VALUES (2500, 1435);
INSERT INTO Person (PersonId, Name) VALUES (2501, 'Jrgen Dix');
INSERT INTO RelationPersonInProceeding (PersonId, InProceedingId) VALUES (2501, 1435);
INSERT INTO InProceeding (InProceedingId, Title, Pages, Url, ProceedingId) VALUES (1436, 'Computational Logic: Memories of the Past and Challenges for the Future.', '1-24', NULL, 48);
INSERT INTO Person (PersonId, Name) VALUES (2502, 'John Alan Robinson');
INSERT INTO RelationPersonInProceeding (PersonId, InProceedingId) VALUES (2502, 1436);
INSERT INTO InProceeding (InProceedingId, Title, Pages, Url, ProceedingId) VALUES (1437, 'Constraint Logic Programming for Local and Symbolic Model-Checking.', '384-398', NULL, 48);
INSERT INTO Person (PersonId, Name) VALUES (2503, 'Ulf Nilsson');
INSERT INTO RelationPersonInProceeding (PersonId, InProceedingId) VALUES (2503, 1437);
INSERT INTO Person (PersonId, Name) VALUES (2504, 'Johan Lbcke');
INSERT INTO RelationPersonInProceeding (PersonId, InProceedingId) VALUES (2504, 1437);
INSERT INTO InProceeding (InProceedingId, Title, Pages, Url, ProceedingId) VALUES (1438, 'Dynamic Downloading of Communications Protocols Using a Logic Based Agent System.', '27-34', NULL, NULL);
INSERT INTO Person (PersonId, Name) VALUES (2505, 'K. Kogure');
INSERT INTO RelationPersonInProceeding (PersonId, InProceedingId) VALUES (2505, 1438);
INSERT INTO Person (PersonId, Name) VALUES (2506, 'Tadashi Araragi');
INSERT INTO RelationPersonInProceeding (PersonId, InProceedingId) VALUES (2506, 1438);
INSERT INTO InProceeding (InProceedingId, Title, Pages, Url, ProceedingId) VALUES (1439, 'Model Checking for Timed Logic Processes.', '598-612', NULL, 48);
INSERT INTO Person (PersonId, Name) VALUES (2507, 'Supratik Mukhopadhyay');
INSERT INTO RelationPersonInProceeding (PersonId, InProceedingId) VALUES (2507, 1439);
INSERT INTO Person (PersonId, Name) VALUES (2508, 'Andreas Podelski');
INSERT INTO RelationPersonInProceeding (PersonId, InProceedingId) VALUES (2508, 1439);
INSERT INTO InProceeding (InProceedingId, Title, Pages, Url, ProceedingId) VALUES (1440, 'MuTACLP: A Language for Declarative GIS Analysis.', '1002-1016', NULL, 48);
INSERT INTO Person (PersonId, Name) VALUES (2509, 'Gianluca Nerbini');
INSERT INTO RelationPersonInProceeding (PersonId, InProceedingId) VALUES (2509, 1440);
INSERT INTO RelationPersonInProceeding (PersonId, InProceedingId) VALUES (2466, 1440);
INSERT INTO Person (PersonId, Name) VALUES (2510, 'Alessandra Raffaet');
INSERT INTO RelationPersonInProceeding (PersonId, InProceedingId) VALUES (2510, 1440);
INSERT INTO Person (PersonId, Name) VALUES (2511, 'Paolo Mancarella');
INSERT INTO RelationPersonInProceeding (PersonId, InProceedingId) VALUES (2511, 1440);
INSERT INTO InProceeding (InProceedingId, Title, Pages, Url, ProceedingId) VALUES (1441, 'Comparing the Expressive Powers of Some Syntactically Restricted Classes of Logic Programs.', '852-866', NULL, 48);
INSERT INTO Person (PersonId, Name) VALUES (2512, 'Tomi Janhunen');
INSERT INTO RelationPersonInProceeding (PersonId, InProceedingId) VALUES (2512, 1441);
INSERT INTO InProceeding (InProceedingId, Title, Pages, Url, ProceedingId) VALUES (1442, 'Coverability of Reset Petri Nets and Other Well-Structured Transition Systems by Partial Deduction.', '101-115', NULL, 48);
INSERT INTO RelationPersonInProceeding (PersonId, InProceedingId) VALUES (2431, 1442);
INSERT INTO RelationPersonInProceeding (PersonId, InProceedingId) VALUES (2432, 1442);
INSERT INTO InProceeding (InProceedingId, Title, Pages, Url, ProceedingId) VALUES (1443, 'Proving Failure in Functional Logic Programs.', '179-193', NULL, 48);
INSERT INTO Person (PersonId, Name) VALUES (2513, 'Jaime Snchez Hernndez');
INSERT INTO RelationPersonInProceeding (PersonId, InProceedingId) VALUES (2513, 1443);
INSERT INTO Person (PersonId, Name) VALUES (2514, 'Francisco Javier Lpez-Fraguas');
INSERT INTO RelationPersonInProceeding (PersonId, InProceedingId) VALUES (2514, 1443);
INSERT INTO InProceeding (InProceedingId, Title, Pages, Url, ProceedingId) VALUES (1444, 'Specification of an Active Database System Application Using Dynamic Relation Nets.', '1197-1209', NULL, 48);
INSERT INTO Person (PersonId, Name) VALUES (2515, 'Laurent Allain');
INSERT INTO RelationPersonInProceeding (PersonId, InProceedingId) VALUES (2515, 1444);
INSERT INTO Person (PersonId, Name) VALUES (2516, 'Pascal Yim');
INSERT INTO RelationPersonInProceeding (PersonId, InProceedingId) VALUES (2516, 1444);
INSERT INTO InProceeding (InProceedingId, Title, Pages, Url, ProceedingId) VALUES (1445, 'A File System Based on Concept Analysis.', '1033-1047', NULL, 48);
INSERT INTO Person (PersonId, Name) VALUES (2517, 'Sbastien Ferr');
INSERT INTO RelationPersonInProceeding (PersonId, InProceedingId) VALUES (2517, 1445);
INSERT INTO Person (PersonId, Name) VALUES (2518, 'Olivier Ridoux');
INSERT INTO RelationPersonInProceeding (PersonId, InProceedingId) VALUES (2518, 1445);
INSERT INTO InProceeding (InProceedingId, Title, Pages, Url, ProceedingId) VALUES (1446, 'A New Equational Foundation for the Fluent Calculus.', '733-746', NULL, 48);
INSERT INTO Person (PersonId, Name) VALUES (2519, 'Michael Thielscher');
INSERT INTO RelationPersonInProceeding (PersonId, InProceedingId) VALUES (2519, 1446);
INSERT INTO RelationPersonInProceeding (PersonId, InProceedingId) VALUES (2398, 1446);
INSERT INTO InProceeding (InProceedingId, Title, Pages, Url, ProceedingId) VALUES (1447, 'A Deterministic Shift-Reduce Parser Generator for a Logic Programming Language.', '1315-1329', NULL, 48);
INSERT INTO Person (PersonId, Name) VALUES (2520, 'Chuck Liang');
INSERT INTO RelationPersonInProceeding (PersonId, InProceedingId) VALUES (2520, 1447);
INSERT INTO InProceeding (InProceedingId, Title, Pages, Url, ProceedingId) VALUES (1448, 'Data Protection by Logic Programming.', '1300-1314', NULL, 48);
INSERT INTO Person (PersonId, Name) VALUES (2521, 'Steve Barker');
INSERT INTO RelationPersonInProceeding (PersonId, InProceedingId) VALUES (2521, 1448);
INSERT INTO InProceeding (InProceedingId, Title, Pages, Url, ProceedingId) VALUES (1449, 'On Verification in Logic Database Languages.', '957-971', NULL, 48);
INSERT INTO Person (PersonId, Name) VALUES (2522, 'Fosca Giannotti');
INSERT INTO RelationPersonInProceeding (PersonId, InProceedingId) VALUES (2522, 1449);
INSERT INTO Person (PersonId, Name) VALUES (2523, 'Francesco Bonchi');
INSERT INTO RelationPersonInProceeding (PersonId, InProceedingId) VALUES (2523, 1449);
INSERT INTO Person (PersonId, Name) VALUES (2524, 'Dino Pedreschi');
INSERT INTO RelationPersonInProceeding (PersonId, InProceedingId) VALUES (2524, 1449);
INSERT INTO InProceeding (InProceedingId, Title, Pages, Url, ProceedingId) VALUES (1450, 'Default Reasoning with Specificity.', '792-806', NULL, 48);
INSERT INTO Person (PersonId, Name) VALUES (2525, 'Phan Minh Dung');
INSERT INTO RelationPersonInProceeding (PersonId, InProceedingId) VALUES (2525, 1450);
INSERT INTO Person (PersonId, Name) VALUES (2526, 'Tran Cao Son');
INSERT INTO RelationPersonInProceeding (PersonId, InProceedingId) VALUES (2526, 1450);
INSERT INTO InProceeding (InProceedingId, Title, Pages, Url, ProceedingId) VALUES (1451, 'A Denotational Semantics of Defeasible Logic.', '209-222', NULL, 48);
INSERT INTO Person (PersonId, Name) VALUES (2527, 'Michael J. Maher');
INSERT INTO RelationPersonInProceeding (PersonId, InProceedingId) VALUES (2527, 1451);
INSERT INTO InProceeding (InProceedingId, Title, Pages, Url, ProceedingId) VALUES (1452, 'Extending Classical Logic with Inductive Definitions.', '703-717', NULL, 48);
INSERT INTO Person (PersonId, Name) VALUES (2528, 'Marc Denecker');
INSERT INTO RelationPersonInProceeding (PersonId, InProceedingId) VALUES (2528, 1452);
INSERT INTO InProceeding (InProceedingId, Title, Pages, Url, ProceedingId) VALUES (1453, 'Combining Mobile Processes and Declarative Programming.', '300-314', NULL, 48);
INSERT INTO Person (PersonId, Name) VALUES (2529, 'Wendelin Serwe');
INSERT INTO RelationPersonInProceeding (PersonId, InProceedingId) VALUES (2529, 1453);
INSERT INTO Person (PersonId, Name) VALUES (2530, 'Rachid Echahed');
INSERT INTO RelationPersonInProceeding (PersonId, InProceedingId) VALUES (2530, 1453);
INSERT INTO InProceeding (InProceedingId, Title, Pages, Url, ProceedingId) VALUES (1454, 'Proof Planning with Multiple Strategies.', '644-659', NULL, 48);
INSERT INTO Person (PersonId, Name) VALUES (2531, 'Erica Melis');
INSERT INTO RelationPersonInProceeding (PersonId, InProceedingId) VALUES (2531, 1454);
INSERT INTO Person (PersonId, Name) VALUES (2532, 'Andreas Meier');
INSERT INTO RelationPersonInProceeding (PersonId, InProceedingId) VALUES (2532, 1454);
INSERT INTO InProceeding (InProceedingId, Title, Pages, Url, ProceedingId) VALUES (1455, 'The Taming of the (X)OR.', '508-522', NULL, 48);
INSERT INTO Person (PersonId, Name) VALUES (2533, 'Fabio Massacci');
INSERT INTO RelationPersonInProceeding (PersonId, InProceedingId) VALUES (2533, 1455);
INSERT INTO Person (PersonId, Name) VALUES (2534, 'Peter Baumgartner');
INSERT INTO RelationPersonInProceeding (PersonId, InProceedingId) VALUES (2534, 1455);
INSERT INTO InProceeding (InProceedingId, Title, Pages, Url, ProceedingId) VALUES (1456, 'Fluents: A Refactoring of Prolog for Uniform Reflection an Interoperation with External Objects.', '1225-1239', NULL, 48);
INSERT INTO Person (PersonId, Name) VALUES (2535, 'Paul Tarau');
INSERT INTO RelationPersonInProceeding (PersonId, InProceedingId) VALUES (2535, 1456);
INSERT INTO InProceeding (InProceedingId, Title, Pages, Url, ProceedingId) VALUES (1457, 'Model Checking in HAL.', '1270-1284', NULL, 48);
INSERT INTO Person (PersonId, Name) VALUES (2536, 'Maria J. Garca de la Banda');
INSERT INTO RelationPersonInProceeding (PersonId, InProceedingId) VALUES (2536, 1457);
INSERT INTO Person (PersonId, Name) VALUES (2537, 'Kim Marriott');
INSERT INTO RelationPersonInProceeding (PersonId, InProceedingId) VALUES (2537, 1457);
INSERT INTO RelationPersonInProceeding (PersonId, InProceedingId) VALUES (2383, 1457);
INSERT INTO Person (PersonId, Name) VALUES (2538, 'Warwick Harvey');
INSERT INTO RelationPersonInProceeding (PersonId, InProceedingId) VALUES (2538, 1457);
INSERT INTO InProceeding (InProceedingId, Title, Pages, Url, ProceedingId) VALUES (1458, 'On the Problem of Computing the Well-Founded Semantics.', '673-687', NULL, 48);
INSERT INTO Person (PersonId, Name) VALUES (2539, 'Miroslaw Truszczynski');
INSERT INTO RelationPersonInProceeding (PersonId, InProceedingId) VALUES (2539, 1458);
INSERT INTO Person (PersonId, Name) VALUES (2540, 'Zbigniew Lonc');
INSERT INTO RelationPersonInProceeding (PersonId, InProceedingId) VALUES (2540, 1458);
INSERT INTO InProceeding (InProceedingId, Title, Pages, Url, ProceedingId) VALUES (1459, 'An Application of Model Building in a Resolution Decision Procedure for Guarded Formulas.', '583-597', NULL, 48);
INSERT INTO Person (PersonId, Name) VALUES (2541, 'Michael Dierkes');
INSERT INTO RelationPersonInProceeding (PersonId, InProceedingId) VALUES (2541, 1459);
INSERT INTO InProceeding (InProceedingId, Title, Pages, Url, ProceedingId) VALUES (1460, 'Querying Inconsistent Databases: Algorithms and Implementation.', '942-956', NULL, 48);
INSERT INTO RelationPersonInProceeding (PersonId, InProceedingId) VALUES (2461, 1460);
INSERT INTO Person (PersonId, Name) VALUES (2542, 'Alexander Celle');
INSERT INTO RelationPersonInProceeding (PersonId, InProceedingId) VALUES (2542, 1460);
INSERT INTO InProceeding (InProceedingId, Title, Pages, Url, ProceedingId) VALUES (1461, 'The Theory of Total Unary RPO Is Decidable.', '660-672', NULL, 48);
INSERT INTO Person (PersonId, Name) VALUES (2543, 'Paliath Narendran');
INSERT INTO RelationPersonInProceeding (PersonId, InProceedingId) VALUES (2543, 1461);
INSERT INTO Person (PersonId, Name) VALUES (2544, 'Michal Rusinowitch');
INSERT INTO RelationPersonInProceeding (PersonId, InProceedingId) VALUES (2544, 1461);
INSERT INTO InProceeding (InProceedingId, Title, Pages, Url, ProceedingId) VALUES (1462, 'Binary Speed Up for Logic Programs.', '116-130', NULL, 48);
INSERT INTO RelationPersonInProceeding (PersonId, InProceedingId) VALUES (340, 1462);
INSERT INTO Person (PersonId, Name) VALUES (2545, 'Jan Hruza');
INSERT INTO RelationPersonInProceeding (PersonId, InProceedingId) VALUES (2545, 1462);
INSERT INTO InProceeding (InProceedingId, Title, Pages, Url, ProceedingId) VALUES (1463, 'Finding Tractable Formulas in NNF.', '493-507', NULL, 48);
INSERT INTO Person (PersonId, Name) VALUES (2546, 'Edgar Altamirano');
INSERT INTO RelationPersonInProceeding (PersonId, InProceedingId) VALUES (2546, 1463);
INSERT INTO Person (PersonId, Name) VALUES (2547, 'Gonzalo Escalada-Imaz');
INSERT INTO RelationPersonInProceeding (PersonId, InProceedingId) VALUES (2547, 1463);
INSERT INTO InProceeding (InProceedingId, Title, Pages, Url, ProceedingId) VALUES (1464, 'Perfect Model Checking via Unfold/Fold Transformations.', '613-628', NULL, 48);
INSERT INTO RelationPersonInProceeding (PersonId, InProceedingId) VALUES (157, 1464);
INSERT INTO Person (PersonId, Name) VALUES (2548, 'Maurizio Proietti');
INSERT INTO RelationPersonInProceeding (PersonId, InProceedingId) VALUES (2548, 1464);
INSERT INTO InProceeding (InProceedingId, Title, Pages, Url, ProceedingId) VALUES (1465, 'Dominance Constraints with Set Operators.', '326-341', NULL, 48);
INSERT INTO Person (PersonId, Name) VALUES (2549, 'Joachim Niehren');
INSERT INTO RelationPersonInProceeding (PersonId, InProceedingId) VALUES (2549, 1465);
INSERT INTO Person (PersonId, Name) VALUES (2550, 'Denys Duchier');
INSERT INTO RelationPersonInProceeding (PersonId, InProceedingId) VALUES (2550, 1465);
INSERT INTO InProceeding (InProceedingId, Title, Pages, Url, ProceedingId) VALUES (1466, 'Better Communication for Tighter Cooperation.', '342-358', NULL, 48);
INSERT INTO Person (PersonId, Name) VALUES (2551, 'Petra Hofstedt');
INSERT INTO RelationPersonInProceeding (PersonId, InProceedingId) VALUES (2551, 1466);
INSERT INTO InProceeding (InProceedingId, Title, Pages, Url, ProceedingId) VALUES (1467, 'Computing Equilibrium Models Using Signed Formulas.', '688-702', NULL, 48);
INSERT INTO Person (PersonId, Name) VALUES (2552, 'David Pearce');
INSERT INTO RelationPersonInProceeding (PersonId, InProceedingId) VALUES (2552, 1467);
INSERT INTO Person (PersonId, Name) VALUES (2553, 'Agustn Valverde');
INSERT INTO RelationPersonInProceeding (PersonId, InProceedingId) VALUES (2553, 1467);
INSERT INTO Person (PersonId, Name) VALUES (2554, 'Inman P. de Guzmn');
INSERT INTO RelationPersonInProceeding (PersonId, InProceedingId) VALUES (2554, 1467);
INSERT INTO InProceeding (InProceedingId, Title, Pages, Url, ProceedingId) VALUES (1468, 'A Documentation Generator for (C)LP Systems.', '1345-1361', NULL, 48);
INSERT INTO Person (PersonId, Name) VALUES (2555, 'Manuel V. Hermenegildo');
INSERT INTO RelationPersonInProceeding (PersonId, InProceedingId) VALUES (2555, 1468);
INSERT INTO InProceeding (InProceedingId, Title, Pages, Url, ProceedingId) VALUES (1469, 'Constraint-Based Termination Analysis for Cyclic Active Database Rules.', '1121-1136', NULL, 48);
INSERT INTO Person (PersonId, Name) VALUES (2556, 'Timothy J. Hickey');
INSERT INTO RelationPersonInProceeding (PersonId, InProceedingId) VALUES (2556, 1469);
INSERT INTO RelationPersonInProceeding (PersonId, InProceedingId) VALUES (2050, 1469);
INSERT INTO InProceeding (InProceedingId, Title, Pages, Url, ProceedingId) VALUES (1470, 'Smallest Equivalent Sets for Finite Propositional Formula Circumscription.', '897-911', NULL, 48);
INSERT INTO Person (PersonId, Name) VALUES (2557, 'Yves Moinard');
INSERT INTO RelationPersonInProceeding (PersonId, InProceedingId) VALUES (2557, 1470);
INSERT INTO Person (PersonId, Name) VALUES (2558, 'Raymond Rolland');
INSERT INTO RelationPersonInProceeding (PersonId, InProceedingId) VALUES (2558, 1470);
INSERT INTO InProceeding (InProceedingId, Title, Pages, Url, ProceedingId) VALUES (1471, 'Computational Complexity of Planning Based on Partial Information about the System$1s Present and Past States.', '882-896', NULL, 48);
INSERT INTO Person (PersonId, Name) VALUES (2559, 'Le-Chi Tuan');
INSERT INTO RelationPersonInProceeding (PersonId, InProceedingId) VALUES (2559, 1471);
INSERT INTO Person (PersonId, Name) VALUES (2560, 'Vladik Kreinovich');
INSERT INTO RelationPersonInProceeding (PersonId, InProceedingId) VALUES (2560, 1471);
INSERT INTO RelationPersonInProceeding (PersonId, InProceedingId) VALUES (2388, 1471);
INSERT INTO Person (PersonId, Name) VALUES (2561, 'Raul Trejo');
INSERT INTO RelationPersonInProceeding (PersonId, InProceedingId) VALUES (2561, 1471);
INSERT INTO InProceeding (InProceedingId, Title, Pages, Url, ProceedingId) VALUES (1472, 'Efficient EM Learning with Tabulation for Parameterized Logic Programs.', '269-284', NULL, 48);
INSERT INTO Person (PersonId, Name) VALUES (2562, 'Yoshitaka Kameya');
INSERT INTO RelationPersonInProceeding (PersonId, InProceedingId) VALUES (2562, 1472);
INSERT INTO Person (PersonId, Name) VALUES (2563, 'Taisuke Sato');
INSERT INTO RelationPersonInProceeding (PersonId, InProceedingId) VALUES (2563, 1472);
INSERT INTO InProceeding (InProceedingId, Title, Pages, Url, ProceedingId) VALUES (1473, 'On Complexity of Updates through Integrity Constraints.', '867-881', NULL, 48);
INSERT INTO Person (PersonId, Name) VALUES (2564, 'Alexander Ja. Dikovsky');
INSERT INTO RelationPersonInProceeding (PersonId, InProceedingId) VALUES (2564, 1473);
INSERT INTO Person (PersonId, Name) VALUES (2565, 'Michael I. Dekhtyar');
INSERT INTO RelationPersonInProceeding (PersonId, InProceedingId) VALUES (2565, 1473);
INSERT INTO Person (PersonId, Name) VALUES (2566, 'Sergey Dudakov');
INSERT INTO RelationPersonInProceeding (PersonId, InProceedingId) VALUES (2566, 1473);
INSERT INTO InProceeding (InProceedingId, Title, Pages, Url, ProceedingId) VALUES (1474, 'Reasoning about Duplicate Elimination with Description Logic.', '1017-1032', NULL, 48);
INSERT INTO Person (PersonId, Name) VALUES (2567, 'Grant E. Weddell');
INSERT INTO RelationPersonInProceeding (PersonId, InProceedingId) VALUES (2567, 1474);
INSERT INTO Person (PersonId, Name) VALUES (2568, 'Vitaliy L. Khizder');
INSERT INTO RelationPersonInProceeding (PersonId, InProceedingId) VALUES (2568, 1474);
INSERT INTO Person (PersonId, Name) VALUES (2569, 'David Toman');
INSERT INTO RelationPersonInProceeding (PersonId, InProceedingId) VALUES (2569, 1474);
INSERT INTO InProceeding (InProceedingId, Title, Pages, Url, ProceedingId) VALUES (1475, 'A Semantic Approach for Schema Evolution and Versioning in Object-Oriented Databases.', '1048-1062', NULL, 48);
INSERT INTO Person (PersonId, Name) VALUES (2570, 'Fabio Grandi');
INSERT INTO RelationPersonInProceeding (PersonId, InProceedingId) VALUES (2570, 1475);
INSERT INTO Person (PersonId, Name) VALUES (2571, 'Enrico Franconi');
INSERT INTO RelationPersonInProceeding (PersonId, InProceedingId) VALUES (2571, 1475);
INSERT INTO Person (PersonId, Name) VALUES (2572, 'Federica Mandreoli');
INSERT INTO RelationPersonInProceeding (PersonId, InProceedingId) VALUES (2572, 1475);
INSERT INTO InProceeding (InProceedingId, Title, Pages, Url, ProceedingId) VALUES (1476, 'A New Module System for Prolog.', '131-148', NULL, 48);
INSERT INTO RelationPersonInProceeding (PersonId, InProceedingId) VALUES (2555, 1476);
INSERT INTO Person (PersonId, Name) VALUES (2573, 'Daniel Cabeza Gras');
INSERT INTO RelationPersonInProceeding (PersonId, InProceedingId) VALUES (2573, 1476);
INSERT INTO InProceeding (InProceedingId, Title, Pages, Url, ProceedingId) VALUES (1477, 'Promoting Constraints to First-Class Status.', '429-447', NULL, 48);
INSERT INTO Person (PersonId, Name) VALUES (2574, 'Tobias Mller');
INSERT INTO RelationPersonInProceeding (PersonId, InProceedingId) VALUES (2574, 1477);
INSERT INTO Publisher (PublisherId, Name) VALUES (4, 'National Institute of Informatics, Tokyo, Japan');
INSERT INTO Proceeding (ProceedingId, Title, EditorId, PublisherId, SeriesId, Year, ISBN, Url) VALUES (49, 'DC-2001, Proceedings of the International Conference on Dublin Core and Metadata Applications 2001', 1812, 4, NULL, '2001', '4-924600-98-9', 'http://dblp.uni-trier.de/db/conf/dc/dc2001.html');
INSERT INTO InProceeding (InProceedingId, Title, Pages, Url, ProceedingId) VALUES (1478, 'Management of Environmental Information in the European Information and Observation Network (EIONET).', '109-114', NULL, 49);
INSERT INTO Person (PersonId, Name) VALUES (2575, 'Kirsti Lounamaa');
INSERT INTO RelationPersonInProceeding (PersonId, InProceedingId) VALUES (2575, 1478);
INSERT INTO Person (PersonId, Name) VALUES (2576, 'Hannu Saarenmaa');
INSERT INTO RelationPersonInProceeding (PersonId, InProceedingId) VALUES (2576, 1478);
INSERT INTO Person (PersonId, Name) VALUES (2577, 'Thomas Pick');
INSERT INTO RelationPersonInProceeding (PersonId, InProceedingId) VALUES (2577, 1478);
INSERT INTO InProceeding (InProceedingId, Title, Pages, Url, ProceedingId) VALUES (1479, 'Use of Dublin Core in a Portal Environment.', '281', NULL, 49);
INSERT INTO Person (PersonId, Name) VALUES (2578, 'Nancy Brodie');
INSERT INTO RelationPersonInProceeding (PersonId, InProceedingId) VALUES (2578, 1479);
INSERT INTO InProceeding (InProceedingId, Title, Pages, Url, ProceedingId) VALUES (1480, 'zetoc: a Dublin Core Based Current Awareness Service.', '227-234', NULL, 49);
INSERT INTO Person (PersonId, Name) VALUES (2579, 'Ann Apps');
INSERT INTO RelationPersonInProceeding (PersonId, InProceedingId) VALUES (2579, 1480);
INSERT INTO Person (PersonId, Name) VALUES (2580, 'Ross MacIntyre');
INSERT INTO RelationPersonInProceeding (PersonId, InProceedingId) VALUES (2580, 1480);
INSERT INTO InProceeding (InProceedingId, Title, Pages, Url, ProceedingId) VALUES (1481, 'Japan Metadata Profile (JMP) for Geographic Information Clearinghouses.', '289-293', NULL, 49);
INSERT INTO Person (PersonId, Name) VALUES (2581, 'Morishige Ota');
INSERT INTO RelationPersonInProceeding (PersonId, InProceedingId) VALUES (2581, 1481);
INSERT INTO InProceeding (InProceedingId, Title, Pages, Url, ProceedingId) VALUES (1482, 'Interoperable Summary Description Model Using Dublin Core.', '47-50', NULL, 49);
INSERT INTO Person (PersonId, Name) VALUES (2582, 'Young-Won Song');
INSERT INTO RelationPersonInProceeding (PersonId, InProceedingId) VALUES (2582, 1482);
INSERT INTO Person (PersonId, Name) VALUES (2583, 'Do-Nyun Kim');
INSERT INTO RelationPersonInProceeding (PersonId, InProceedingId) VALUES (2583, 1482);
INSERT INTO InProceeding (InProceedingId, Title, Pages, Url, ProceedingId) VALUES (1483, 'Evaluation and Design Issues of Nordic DC Metadata Creation Tool.', '221-225', NULL, 49);
INSERT INTO Person (PersonId, Name) VALUES (2584, 'Preben Hansen');
INSERT INTO RelationPersonInProceeding (PersonId, InProceedingId) VALUES (2584, 1483);
INSERT INTO InProceeding (InProceedingId, Title, Pages, Url, ProceedingId) VALUES (1484, 'Personalizing Information Spaces: A Metadata Based Approach.', '213-220', NULL, 49);
INSERT INTO Person (PersonId, Name) VALUES (2585, 'Klaus Tochtermann');
INSERT INTO RelationPersonInProceeding (PersonId, InProceedingId) VALUES (2585, 1484);
INSERT INTO Person (PersonId, Name) VALUES (2586, 'David L. Hicks');
INSERT INTO RelationPersonInProceeding (PersonId, InProceedingId) VALUES (2586, 1484);
INSERT INTO InProceeding (InProceedingId, Title, Pages, Url, ProceedingId) VALUES (1485, 'Necessities on a Descriptive Level for Reusing Metadata Descriptions.', '97-100', NULL, 49);
INSERT INTO Person (PersonId, Name) VALUES (2587, 'Kazushi Ohya');
INSERT INTO RelationPersonInProceeding (PersonId, InProceedingId) VALUES (2587, 1485);
INSERT INTO InProceeding (InProceedingId, Title, Pages, Url, ProceedingId) VALUES (1486, 'Geographic data clearinghouse activity in GSI.', '287-288', NULL, 49);
INSERT INTO Person (PersonId, Name) VALUES (2588, 'Noriyuki Takakuwa');
INSERT INTO RelationPersonInProceeding (PersonId, InProceedingId) VALUES (2588, 1486);
INSERT INTO InProceeding (InProceedingId, Title, Pages, Url, ProceedingId) VALUES (1487, 'A Metadata Application Profile for the German Virtual Library.', '68-74', NULL, 49);
INSERT INTO Person (PersonId, Name) VALUES (2589, 'Heike Neuroth');
INSERT INTO RelationPersonInProceeding (PersonId, InProceedingId) VALUES (2589, 1487);
INSERT INTO Person (PersonId, Name) VALUES (2590, 'Carola Wessel');
INSERT INTO RelationPersonInProceeding (PersonId, InProceedingId) VALUES (2590, 1487);
INSERT INTO InProceeding (InProceedingId, Title, Pages, Url, ProceedingId) VALUES (1488, 'CSIS Clearinghouse for Academic Research Communities in Japan.', '283-286', NULL, 49);
INSERT INTO Person (PersonId, Name) VALUES (2591, 'Takeshi Sagara');
INSERT INTO RelationPersonInProceeding (PersonId, InProceedingId) VALUES (2591, 1488);
INSERT INTO Person (PersonId, Name) VALUES (2592, 'Masatoshi Arikawa');
INSERT INTO RelationPersonInProceeding (PersonId, InProceedingId) VALUES (2592, 1488);
INSERT INTO InProceeding (InProceedingId, Title, Pages, Url, ProceedingId) VALUES (1489, 'Metadata Development for Digital Libraries and Museums - Taiwan$1s Experience.', '200-207', NULL, 49);
INSERT INTO Person (PersonId, Name) VALUES (2593, 'Chao-chen Chen');
INSERT INTO RelationPersonInProceeding (PersonId, InProceedingId) VALUES (2593, 1489);
INSERT INTO Person (PersonId, Name) VALUES (2594, 'Hsueh-hua Chen');
INSERT INTO RelationPersonInProceeding (PersonId, InProceedingId) VALUES (2594, 1489);
INSERT INTO InProceeding (InProceedingId, Title, Pages, Url, ProceedingId) VALUES (1490, 'A Metadata Approach to Digital Preservation.', '143-150', NULL, 49);
INSERT INTO Person (PersonId, Name) VALUES (2595, 'Koichi Tabata');
INSERT INTO RelationPersonInProceeding (PersonId, InProceedingId) VALUES (2595, 1490);
INSERT INTO Person (PersonId, Name) VALUES (2596, 'Shigeo Sugimoto');
INSERT INTO RelationPersonInProceeding (PersonId, InProceedingId) VALUES (2596, 1490);
INSERT INTO Person (PersonId, Name) VALUES (2597, 'Maria Luisa Calanag');
INSERT INTO RelationPersonInProceeding (PersonId, InProceedingId) VALUES (2597, 1490);
INSERT INTO InProceeding (InProceedingId, Title, Pages, Url, ProceedingId) VALUES (1491, 'Priority Control Mechanism managed by Metadata.', '101-104', NULL, 49);
INSERT INTO Person (PersonId, Name) VALUES (2598, 'Rei Atarashi');
INSERT INTO RelationPersonInProceeding (PersonId, InProceedingId) VALUES (2598, 1491);
INSERT INTO Person (PersonId, Name) VALUES (2599, 'Makoto Niimi');
INSERT INTO RelationPersonInProceeding (PersonId, InProceedingId) VALUES (2599, 1491);
INSERT INTO Person (PersonId, Name) VALUES (2600, 'Hiroyuki Ohno');
INSERT INTO RelationPersonInProceeding (PersonId, InProceedingId) VALUES (2600, 1491);
INSERT INTO Person (PersonId, Name) VALUES (2601, 'Kunihiro Chihara');
INSERT INTO RelationPersonInProceeding (PersonId, InProceedingId) VALUES (2601, 1491);
INSERT INTO InProceeding (InProceedingId, Title, Pages, Url, ProceedingId) VALUES (1492, 'Author-generated Dublin Core Metadata for Web Resources: A Baseline Study in an Organization.', '38-46', NULL, 49);
INSERT INTO Person (PersonId, Name) VALUES (2602, 'Jane Greenberg');
INSERT INTO RelationPersonInProceeding (PersonId, InProceedingId) VALUES (2602, 1492);
INSERT INTO Person (PersonId, Name) VALUES (2603, 'Maria Cristina Pattuelli');
INSERT INTO RelationPersonInProceeding (PersonId, InProceedingId) VALUES (2603, 1492);
INSERT INTO Person (PersonId, Name) VALUES (2604, 'Bijan Parsia');
INSERT INTO RelationPersonInProceeding (PersonId, InProceedingId) VALUES (2604, 1492);
INSERT INTO Person (PersonId, Name) VALUES (2605, 'W. Davenport Robertson');
INSERT INTO RelationPersonInProceeding (PersonId, InProceedingId) VALUES (2605, 1492);
INSERT INTO InProceeding (InProceedingId, Title, Pages, Url, ProceedingId) VALUES (1493, 'The Meaning of LOM and LOM Authoring Tool on HRD.', '259-262', NULL, 49);
INSERT INTO Person (PersonId, Name) VALUES (2606, 'Yoshiyuki Takaoka');
INSERT INTO RelationPersonInProceeding (PersonId, InProceedingId) VALUES (2606, 1493);
INSERT INTO Person (PersonId, Name) VALUES (2607, 'Mamoru Ohta');
INSERT INTO RelationPersonInProceeding (PersonId, InProceedingId) VALUES (2607, 1493);
INSERT INTO Person (PersonId, Name) VALUES (2608, 'Mitsuru Ikeda');
INSERT INTO RelationPersonInProceeding (PersonId, InProceedingId) VALUES (2608, 1493);
INSERT INTO Person (PersonId, Name) VALUES (2609, 'Kenji Hirata');
INSERT INTO RelationPersonInProceeding (PersonId, InProceedingId) VALUES (2609, 1493);
INSERT INTO InProceeding (InProceedingId, Title, Pages, Url, ProceedingId) VALUES (1494, 'The San Fernando Valley History Digital Project: a Collaborative Digital Project Between Local Historical Societies and a University Library.', '93-96', NULL, 49);
INSERT INTO Person (PersonId, Name) VALUES (2610, 'Mary S. Woodley');
INSERT INTO RelationPersonInProceeding (PersonId, InProceedingId) VALUES (2610, 1494);
INSERT INTO InProceeding (InProceedingId, Title, Pages, Url, ProceedingId) VALUES (1495, 'Adopting DC Metadata for Union Serial System of KERIS: It$1s Design and Implementation.', '60-67', NULL, 49);
INSERT INTO Person (PersonId, Name) VALUES (2611, 'Ji Won Lee');
INSERT INTO RelationPersonInProceeding (PersonId, InProceedingId) VALUES (2611, 1495);
INSERT INTO Person (PersonId, Name) VALUES (2612, 'Yong Soon Kim');
INSERT INTO RelationPersonInProceeding (PersonId, InProceedingId) VALUES (2612, 1495);
INSERT INTO Person (PersonId, Name) VALUES (2613, 'Hyeong Yong Park');
INSERT INTO RelationPersonInProceeding (PersonId, InProceedingId) VALUES (2613, 1495);
INSERT INTO InProceeding (InProceedingId, Title, Pages, Url, ProceedingId) VALUES (1496, 'Metadata in the UK.', '263-271', NULL, 49);
INSERT INTO Person (PersonId, Name) VALUES (2614, 'Maewyn Cumming');
INSERT INTO RelationPersonInProceeding (PersonId, InProceedingId) VALUES (2614, 1496);
INSERT INTO InProceeding (InProceedingId, Title, Pages, Url, ProceedingId) VALUES (1497, 'Metadata Mapping and Application Profiles. Approaches to providing the Cross-searching of Heterogeneous Resources in the EU Project Renardus.', '122-129', NULL, 49);
INSERT INTO Person (PersonId, Name) VALUES (2615, 'Traugott Koch');
INSERT INTO RelationPersonInProceeding (PersonId, InProceedingId) VALUES (2615, 1497);
INSERT INTO RelationPersonInProceeding (PersonId, InProceedingId) VALUES (2589, 1497);
INSERT INTO InProceeding (InProceedingId, Title, Pages, Url, ProceedingId) VALUES (1498, 'Metadata Interoperability and Meta-search on the Web.', '247-254', NULL, 49);
INSERT INTO Person (PersonId, Name) VALUES (2616, 'Jaime Delgado');
INSERT INTO RelationPersonInProceeding (PersonId, InProceedingId) VALUES (2616, 1498);
INSERT INTO Person (PersonId, Name) VALUES (2617, 'Enric Peig');
INSERT INTO RelationPersonInProceeding (PersonId, InProceedingId) VALUES (2617, 1498);
INSERT INTO Person (PersonId, Name) VALUES (2618, 'Ismael Prez');
INSERT INTO RelationPersonInProceeding (PersonId, InProceedingId) VALUES (2618, 1498);
INSERT INTO InProceeding (InProceedingId, Title, Pages, Url, ProceedingId) VALUES (1499, 'RDF Declarative Description (RDD): A Language for Metadata.', '1-8', NULL, 49);
INSERT INTO Person (PersonId, Name) VALUES (2619, 'Ekawit Nantajeewarawat');
INSERT INTO RelationPersonInProceeding (PersonId, InProceedingId) VALUES (2619, 1499);
INSERT INTO Person (PersonId, Name) VALUES (2620, 'Vilas Wuwongse');
INSERT INTO RelationPersonInProceeding (PersonId, InProceedingId) VALUES (2620, 1499);
INSERT INTO Person (PersonId, Name) VALUES (2621, 'Kiyoshi Akama');
INSERT INTO RelationPersonInProceeding (PersonId, InProceedingId) VALUES (2621, 1499);
INSERT INTO Person (PersonId, Name) VALUES (2622, 'Chutiporn Anutariya');
INSERT INTO RelationPersonInProceeding (PersonId, InProceedingId) VALUES (2622, 1499);
INSERT INTO InProceeding (InProceedingId, Title, Pages, Url, ProceedingId) VALUES (1500, 'Metadata for Evidence Based Medicine resources.', '81-85', NULL, 49);
INSERT INTO Person (PersonId, Name) VALUES (2623, 'Yukiko Sakai');
INSERT INTO RelationPersonInProceeding (PersonId, InProceedingId) VALUES (2623, 1500);
INSERT INTO InProceeding (InProceedingId, Title, Pages, Url, ProceedingId) VALUES (1501, 'A report on Dublin Core based research information service on mathematics.', '86-88', NULL, 49);
INSERT INTO Person (PersonId, Name) VALUES (2624, 'Takao Namiki');
INSERT INTO RelationPersonInProceeding (PersonId, InProceedingId) VALUES (2624, 1501);
INSERT INTO Person (PersonId, Name) VALUES (2625, 'Takako Nakahara');
INSERT INTO RelationPersonInProceeding (PersonId, InProceedingId) VALUES (2625, 1501);
INSERT INTO Person (PersonId, Name) VALUES (2626, 'Kazuhiko Asou');
INSERT INTO RelationPersonInProceeding (PersonId, InProceedingId) VALUES (2626, 1501);
INSERT INTO InProceeding (InProceedingId, Title, Pages, Url, ProceedingId) VALUES (1502, 'A Dublin Core Application Profile in the Agricultural Domain.', '185-192', NULL, 49);
INSERT INTO Person (PersonId, Name) VALUES (2627, 'Irene Onyancha');
INSERT INTO RelationPersonInProceeding (PersonId, InProceedingId) VALUES (2627, 1502);
INSERT INTO Person (PersonId, Name) VALUES (2628, 'Stephen Katz');
INSERT INTO RelationPersonInProceeding (PersonId, InProceedingId) VALUES (2628, 1502);
INSERT INTO Person (PersonId, Name) VALUES (2629, 'Johannes Keizer');
INSERT INTO RelationPersonInProceeding (PersonId, InProceedingId) VALUES (2629, 1502);
INSERT INTO InProceeding (InProceedingId, Title, Pages, Url, ProceedingId) VALUES (1503, 'What Terms Does Your Metadata Use? Application Profiles as Machine-Understandable Narratives.', '151-159', NULL, 49);
INSERT INTO Person (PersonId, Name) VALUES (2630, 'Rachel Heery');
INSERT INTO RelationPersonInProceeding (PersonId, InProceedingId) VALUES (2630, 1503);
INSERT INTO Person (PersonId, Name) VALUES (2631, 'Gauri Salokhe');
INSERT INTO RelationPersonInProceeding (PersonId, InProceedingId) VALUES (2631, 1503);
INSERT INTO Person (PersonId, Name) VALUES (2632, 'Manjula Patel');
INSERT INTO RelationPersonInProceeding (PersonId, InProceedingId) VALUES (2632, 1503);
INSERT INTO Person (PersonId, Name) VALUES (2633, 'Makx Dekkers');
INSERT INTO RelationPersonInProceeding (PersonId, InProceedingId) VALUES (2633, 1503);
INSERT INTO Person (PersonId, Name) VALUES (2634, 'Thomas Baker');
INSERT INTO RelationPersonInProceeding (PersonId, InProceedingId) VALUES (2634, 1503);
INSERT INTO InProceeding (InProceedingId, Title, Pages, Url, ProceedingId) VALUES (1504, 'A Metadata Kernel for Electronic Permanence.', '177-184', NULL, 49);
INSERT INTO Person (PersonId, Name) VALUES (2635, 'John A. Kunze');
INSERT INTO RelationPersonInProceeding (PersonId, InProceedingId) VALUES (2635, 1504);
INSERT INTO InProceeding (InProceedingId, Title, Pages, Url, ProceedingId) VALUES (1505, 'A metadata framework to support scholarly communication.', '131-137', NULL, 49);
INSERT INTO Person (PersonId, Name) VALUES (2636, 'Thomas Krichel');
INSERT INTO RelationPersonInProceeding (PersonId, InProceedingId) VALUES (2636, 1505);
INSERT INTO Person (PersonId, Name) VALUES (2637, 'Simeon Warner');
INSERT INTO RelationPersonInProceeding (PersonId, InProceedingId) VALUES (2637, 1505);
INSERT INTO InProceeding (InProceedingId, Title, Pages, Url, ProceedingId) VALUES (1506, 'Mixing and Mapping Metadata to Provide Integrated Access to Digital Library Collections: An Activity Report.', '138-142', NULL, 49);
INSERT INTO Person (PersonId, Name) VALUES (2638, 'Sarah Young');
INSERT INTO RelationPersonInProceeding (PersonId, InProceedingId) VALUES (2638, 1506);
INSERT INTO Person (PersonId, Name) VALUES (2639, 'Fred Muratori');
INSERT INTO RelationPersonInProceeding (PersonId, InProceedingId) VALUES (2639, 1506);
INSERT INTO Person (PersonId, Name) VALUES (2640, 'Tom Turner');
INSERT INTO RelationPersonInProceeding (PersonId, InProceedingId) VALUES (2640, 1506);
INSERT INTO Person (PersonId, Name) VALUES (2641, 'Marty Kurth');
INSERT INTO RelationPersonInProceeding (PersonId, InProceedingId) VALUES (2641, 1506);
INSERT INTO Person (PersonId, Name) VALUES (2642, 'Meryl Brodsky');
INSERT INTO RelationPersonInProceeding (PersonId, InProceedingId) VALUES (2642, 1506);
INSERT INTO Person (PersonId, Name) VALUES (2643, 'George Kozak');
INSERT INTO RelationPersonInProceeding (PersonId, InProceedingId) VALUES (2643, 1506);
INSERT INTO Person (PersonId, Name) VALUES (2644, 'David Ruddy');
INSERT INTO RelationPersonInProceeding (PersonId, InProceedingId) VALUES (2644, 1506);
INSERT INTO Person (PersonId, Name) VALUES (2645, 'Karen Calhoun');
INSERT INTO RelationPersonInProceeding (PersonId, InProceedingId) VALUES (2645, 1506);
INSERT INTO InProceeding (InProceedingId, Title, Pages, Url, ProceedingId) VALUES (1507, 'The ABC Ontology and Model.', '160-176', NULL, 49);
INSERT INTO Person (PersonId, Name) VALUES (2646, 'Jane Hunter');
INSERT INTO RelationPersonInProceeding (PersonId, InProceedingId) VALUES (2646, 1507);
INSERT INTO Person (PersonId, Name) VALUES (2647, 'Carl Lagoze');
INSERT INTO RelationPersonInProceeding (PersonId, InProceedingId) VALUES (2647, 1507);
INSERT INTO InProceeding (InProceedingId, Title, Pages, Url, ProceedingId) VALUES (1508, 'Between a Rock and a Hard Place: Dealing With NZGLS Development Issues.', '278-280', NULL, 49);
INSERT INTO Person (PersonId, Name) VALUES (2648, 'John Roberts II');
INSERT INTO RelationPersonInProceeding (PersonId, InProceedingId) VALUES (2648, 1508);
INSERT INTO InProceeding (InProceedingId, Title, Pages, Url, ProceedingId) VALUES (1509, 'Multilingual Access to Dublin Core Metadata of ULIS Library.', '9-16', NULL, 49);
INSERT INTO RelationPersonInProceeding (PersonId, InProceedingId) VALUES (2595, 1509);
INSERT INTO RelationPersonInProceeding (PersonId, InProceedingId) VALUES (2596, 1509);
INSERT INTO Person (PersonId, Name) VALUES (2649, 'Tetsuo Sakaguchi');
INSERT INTO RelationPersonInProceeding (PersonId, InProceedingId) VALUES (2649, 1509);
INSERT INTO Person (PersonId, Name) VALUES (2650, 'Danyang Wen');
INSERT INTO RelationPersonInProceeding (PersonId, InProceedingId) VALUES (2650, 1509);
INSERT INTO InProceeding (InProceedingId, Title, Pages, Url, ProceedingId) VALUES (1510, 'The Dublin Core and Metadata for Educational Resources.', '25-31', NULL, 49);
INSERT INTO Person (PersonId, Name) VALUES (2651, 'Jon Mason');
INSERT INTO RelationPersonInProceeding (PersonId, InProceedingId) VALUES (2651, 1510);
INSERT INTO Person (PersonId, Name) VALUES (2652, 'Stuart A. Sutton');
INSERT INTO RelationPersonInProceeding (PersonId, InProceedingId) VALUES (2652, 1510);
INSERT INTO InProceeding (InProceedingId, Title, Pages, Url, ProceedingId) VALUES (1511, 'A Framework for the Multi-modal Description of Learning Objects.', '32-37', NULL, 49);
INSERT INTO Person (PersonId, Name) VALUES (2653, 'Eva Heinrich');
INSERT INTO RelationPersonInProceeding (PersonId, InProceedingId) VALUES (2653, 1511);
INSERT INTO Person (PersonId, Name) VALUES (2654, 'Jisong Chen');
INSERT INTO RelationPersonInProceeding (PersonId, InProceedingId) VALUES (2654, 1511);
INSERT INTO InProceeding (InProceedingId, Title, Pages, Url, ProceedingId) VALUES (1512, 'Collaborative Cataloguing of Moving Images and New Media Art Works.', '115-121', NULL, 49);
INSERT INTO Person (PersonId, Name) VALUES (2655, 'Emily Cavanagh');
INSERT INTO RelationPersonInProceeding (PersonId, InProceedingId) VALUES (2655, 1512);
INSERT INTO Person (PersonId, Name) VALUES (2656, 'Simon Pockley');
INSERT INTO RelationPersonInProceeding (PersonId, InProceedingId) VALUES (2656, 1512);
INSERT INTO InProceeding (InProceedingId, Title, Pages, Url, ProceedingId) VALUES (1513, 'Design and Implementation of the National Institute of Environmental Health Sciences Dublin Core Metadata Schema.', '193-199', NULL, 49);
INSERT INTO RelationPersonInProceeding (PersonId, InProceedingId) VALUES (2602, 1513);
INSERT INTO Person (PersonId, Name) VALUES (2657, 'Jed Dube');
INSERT INTO RelationPersonInProceeding (PersonId, InProceedingId) VALUES (2657, 1513);
INSERT INTO Person (PersonId, Name) VALUES (2658, 'Ellen M. Leadem');
INSERT INTO RelationPersonInProceeding (PersonId, InProceedingId) VALUES (2658, 1513);
INSERT INTO RelationPersonInProceeding (PersonId, InProceedingId) VALUES (2605, 1513);
INSERT INTO InProceeding (InProceedingId, Title, Pages, Url, ProceedingId) VALUES (1514, 'A Metadata Case Study for the FRBR Model Based on Chinese Painting and Calligraphy at the National Palace Museum in Taipei.', '51-59', NULL, 49);
INSERT INTO Person (PersonId, Name) VALUES (2659, 'Simon C. Lin');
INSERT INTO RelationPersonInProceeding (PersonId, InProceedingId) VALUES (2659, 1514);
INSERT INTO Person (PersonId, Name) VALUES (2660, 'Shu-jiun Chen');
INSERT INTO RelationPersonInProceeding (PersonId, InProceedingId) VALUES (2660, 1514);
INSERT INTO Person (PersonId, Name) VALUES (2661, 'Shailan Hu');
INSERT INTO RelationPersonInProceeding (PersonId, InProceedingId) VALUES (2661, 1514);
INSERT INTO Person (PersonId, Name) VALUES (2662, 'Yi-ting Chang');
INSERT INTO RelationPersonInProceeding (PersonId, InProceedingId) VALUES (2662, 1514);
INSERT INTO Person (PersonId, Name) VALUES (2663, 'Ya-ning Chen');
INSERT INTO RelationPersonInProceeding (PersonId, InProceedingId) VALUES (2663, 1514);
INSERT INTO InProceeding (InProceedingId, Title, Pages, Url, ProceedingId) VALUES (1515, 'Educational Information in the Web: Discussing the Metadata Requirements for a Web Service Guiding Citizens$1 Education.', '89-92', NULL, 49);
INSERT INTO Person (PersonId, Name) VALUES (2664, 'Soile Hirvasniemi');
INSERT INTO RelationPersonInProceeding (PersonId, InProceedingId) VALUES (2664, 1515);
INSERT INTO Person (PersonId, Name) VALUES (2665, 'Kai rni');
INSERT INTO RelationPersonInProceeding (PersonId, InProceedingId) VALUES (2665, 1515);
INSERT INTO InProceeding (InProceedingId, Title, Pages, Url, ProceedingId) VALUES (1516, 'ISI$1s Implementation of Network Resources in Secondary Databases: Selection Criteria, Metadata, and Linking.', '105-108', NULL, 49);
INSERT INTO Person (PersonId, Name) VALUES (2666, 'Yasuki Kaneko');
INSERT INTO RelationPersonInProceeding (PersonId, InProceedingId) VALUES (2666, 1516);
INSERT INTO InProceeding (InProceedingId, Title, Pages, Url, ProceedingId) VALUES (1517, 'Metia - A Generalized Metadata Driven Framework for the Management and Distribution of Electronic Media.', '235-241', NULL, 49);
INSERT INTO Person (PersonId, Name) VALUES (2667, 'Patrick Stickler');
INSERT INTO RelationPersonInProceeding (PersonId, InProceedingId) VALUES (2667, 1517);
INSERT INTO InProceeding (InProceedingId, Title, Pages, Url, ProceedingId) VALUES (1518, 'Design and Implementation of Metadata for Indian Fungi (Heterobasidiomycetes): Lessons From Library and Information Science Field.', '75-80', NULL, 49);
INSERT INTO Person (PersonId, Name) VALUES (2668, 'Kanchanganga Gandhe');
INSERT INTO RelationPersonInProceeding (PersonId, InProceedingId) VALUES (2668, 1518);
INSERT INTO Person (PersonId, Name) VALUES (2669, 'Shubhada Nagarkar');
INSERT INTO RelationPersonInProceeding (PersonId, InProceedingId) VALUES (2669, 1518);
INSERT INTO Person (PersonId, Name) VALUES (2670, 'Geoffrey C. Bowker');
INSERT INTO RelationPersonInProceeding (PersonId, InProceedingId) VALUES (2670, 1518);
INSERT INTO InProceeding (InProceedingId, Title, Pages, Url, ProceedingId) VALUES (1519, 'A Multilingual Metadata Schema Registry Based on RDF Schema.', '209-212', NULL, 49);
INSERT INTO RelationPersonInProceeding (PersonId, InProceedingId) VALUES (2595, 1519);
INSERT INTO RelationPersonInProceeding (PersonId, InProceedingId) VALUES (2596, 1519);
INSERT INTO RelationPersonInProceeding (PersonId, InProceedingId) VALUES (2649, 1519);
INSERT INTO Person (PersonId, Name) VALUES (2671, 'Mitsuharu Nagamori');
INSERT INTO RelationPersonInProceeding (PersonId, InProceedingId) VALUES (2671, 1519);
INSERT INTO RelationPersonInProceeding (PersonId, InProceedingId) VALUES (2634, 1519);
INSERT INTO InProceeding (InProceedingId, Title, Pages, Url, ProceedingId) VALUES (1520, 'Qualified Dublin Core using RDF for Sci-Tech Journal Articles.', '242-246', NULL, 49);
INSERT INTO Person (PersonId, Name) VALUES (2672, 'Thomas G. Habing');
INSERT INTO RelationPersonInProceeding (PersonId, InProceedingId) VALUES (2672, 1520);
INSERT INTO Person (PersonId, Name) VALUES (2673, 'Timothy W. Cole');
INSERT INTO RelationPersonInProceeding (PersonId, InProceedingId) VALUES (2673, 1520);
INSERT INTO Person (PersonId, Name) VALUES (2674, 'William H. Mischo');
INSERT INTO RelationPersonInProceeding (PersonId, InProceedingId) VALUES (2674, 1520);
INSERT INTO InProceeding (InProceedingId, Title, Pages, Url, ProceedingId) VALUES (1521, 'MetaXPath.', '17-23', NULL, 49);
INSERT INTO Person (PersonId, Name) VALUES (2675, 'Michael H. Bhlen');
INSERT INTO RelationPersonInProceeding (PersonId, InProceedingId) VALUES (2675, 1521);
INSERT INTO Person (PersonId, Name) VALUES (2676, 'Christian S. Jensen');
INSERT INTO RelationPersonInProceeding (PersonId, InProceedingId) VALUES (2676, 1521);
INSERT INTO Person (PersonId, Name) VALUES (2677, 'Curtis E. Dyreson');
INSERT INTO RelationPersonInProceeding (PersonId, InProceedingId) VALUES (2677, 1521);
INSERT INTO InProceeding (InProceedingId, Title, Pages, Url, ProceedingId) VALUES (1522, 'The use of Metadata in Denmark.', '272-277', NULL, 49);
INSERT INTO Person (PersonId, Name) VALUES (2678, 'Leif Andresen');
INSERT INTO RelationPersonInProceeding (PersonId, InProceedingId) VALUES (2678, 1522);
INSERT INTO InProceeding (InProceedingId, Title, Pages, Url, ProceedingId) VALUES (1523, 'Effective Retrieval of Educational Resources by Using Learning Object Metadata for K-12 Schools in Japan.', '255-258', NULL, 49);
INSERT INTO Person (PersonId, Name) VALUES (2679, 'Takamitsu Tanaka');
INSERT INTO RelationPersonInProceeding (PersonId, InProceedingId) VALUES (2679, 1523);
INSERT INTO Person (PersonId, Name) VALUES (2680, 'Mayumi Okamoto');
INSERT INTO RelationPersonInProceeding (PersonId, InProceedingId) VALUES (2680, 1523);
INSERT INTO Person (PersonId, Name) VALUES (2681, 'Yasuhiro Okui');
INSERT INTO RelationPersonInProceeding (PersonId, InProceedingId) VALUES (2681, 1523);
INSERT INTO Person (PersonId, Name) VALUES (2682, 'Masanori Shinohara');
INSERT INTO RelationPersonInProceeding (PersonId, InProceedingId) VALUES (2682, 1523);
INSERT INTO Person (PersonId, Name) VALUES (2683, 'Francesca Rossi');
INSERT INTO Proceeding (ProceedingId, Title, EditorId, PublisherId, SeriesId, Year, ISBN, Url) VALUES (50, 'Principles and Practice of Constraint Programming - CP$195, First International Conference, CP$195, Cassis, France, September 19-22, 1995, Proceedings', 2683, 1, 1, '1995', '3-540-60299-2', 'http://dblp.uni-trier.de/db/conf/cp/cp95.html');
INSERT INTO InProceeding (InProceedingId, Title, Pages, Url, ProceedingId) VALUES (1524, 'On the Combination of Symbolic Constraints, Solution Domains, and Constraint Solvers.', '380-397', NULL, 50);
INSERT INTO Person (PersonId, Name) VALUES (2684, 'Klaus U. Schulz');
INSERT INTO RelationPersonInProceeding (PersonId, InProceedingId) VALUES (2684, 1524);
INSERT INTO Person (PersonId, Name) VALUES (2685, 'Franz Baader');
INSERT INTO RelationPersonInProceeding (PersonId, InProceedingId) VALUES (2685, 1524);
INSERT INTO Person (PersonId, Name) VALUES (2686, 'Gert Smolka');
INSERT INTO Proceeding (ProceedingId, Title, EditorId, PublisherId, SeriesId, Year, ISBN, Url) VALUES (51, 'Principles and Practice of Constraint Programming - CP97, Third International Conference, Linz, Austria, October 29 - November 1, 1997, Proceedings', 2686, 1, 1, '1997', NULL, 'http://dblp.uni-trier.de/db/conf/cp/cp97.html');
INSERT INTO Person (PersonId, Name) VALUES (2687, 'Jean-Francois Puget');
INSERT INTO Proceeding (ProceedingId, Title, EditorId, PublisherId, SeriesId, Year, ISBN, Url) VALUES (52, 'Principles and Practice of Constraint Programming - CP98, 4th International Conference, Pisa, Italy, October 26-30, 1998, Proceedings', 2687, 1, 1, '1998', '3-540-65224-8', 'http://dblp.uni-trier.de/db/conf/cp/cp98.html');
INSERT INTO Person (PersonId, Name) VALUES (2688, 'Joxan Jaffar');
INSERT INTO Proceeding (ProceedingId, Title, EditorId, PublisherId, SeriesId, Year, ISBN, Url) VALUES (53, 'Principles and Practice of Constraint Programming - CP$199, 5th International Conference, Alexandria, Virginia, USA, October  11-14, 1999, Proceedings', 2688, 1, 1, '1999', '3-540-66626-5', 'http://dblp.uni-trier.de/db/conf/cp/cp99.html');
INSERT INTO Person (PersonId, Name) VALUES (2689, 'Rina Dechter');
INSERT INTO Proceeding (ProceedingId, Title, EditorId, PublisherId, SeriesId, Year, ISBN, Url) VALUES (54, 'Principles and Practice of Constraint Programming - CP 2000, 6th International Conference, Singapore, September 18-21, 2000, Proceedings', 2689, 1, 1, '2000', '3-540-41053-8', 'http://dblp.uni-trier.de/db/conf/cp/cp2000.html');
INSERT INTO InProceeding (InProceedingId, Title, Pages, Url, ProceedingId) VALUES (1525, 'Arc Consistency for Soft Constraints.', '411-424', NULL, 54);
INSERT INTO RelationPersonInProceeding (PersonId, InProceedingId) VALUES (751, 1525);
INSERT INTO Proceeding (ProceedingId, Title, EditorId, PublisherId, SeriesId, Year, ISBN, Url) VALUES (55, 'Principles and Practice of Constraint Programming - CP 2001, 7th International Conference, CP 2001, Paphos, Cyprus, November 26 - December 1, 2001, Proceedings', 1424, 1, 1, '2001', '3-540-42863-1', 'http://dblp.uni-trier.de/db/conf/cp/cp2001.html');
INSERT INTO Person (PersonId, Name) VALUES (2690, 'Pascal Van Hentenryck');
INSERT INTO Proceeding (ProceedingId, Title, EditorId, PublisherId, SeriesId, Year, ISBN, Url) VALUES (56, 'Principles and Practice of Constraint Programming - CP 2002, 8th International Conference, CP 2002, Ithaca, NY, USA, September 9-13, 2002, Proceedings', 2690, 1, 1, '2002', '3-540-44120-4', 'http://dblp.uni-trier.de/db/conf/cp/cp2002.html');
INSERT INTO InProceeding (InProceedingId, Title, Pages, Url, ProceedingId) VALUES (1526, 'A Global Filtering Algorithm for Handling Systems of Quadratic Equations and Inequations.', '109-123', NULL, 56);
INSERT INTO Person (PersonId, Name) VALUES (2691, 'Claude Michel');
INSERT INTO RelationPersonInProceeding (PersonId, InProceedingId) VALUES (2691, 1526);
INSERT INTO RelationPersonInProceeding (PersonId, InProceedingId) VALUES (2467, 1526);
INSERT INTO Person (PersonId, Name) VALUES (2692, 'Yahia Lebbah');
INSERT INTO RelationPersonInProceeding (PersonId, InProceedingId) VALUES (2692, 1526);
INSERT INTO InProceeding (InProceedingId, Title, Pages, Url, ProceedingId) VALUES (1527, 'Automatic Generation of Constraint Propagation Algorithms for Small Finite Domains.', '58-72', NULL, 53);
INSERT INTO RelationPersonInProceeding (PersonId, InProceedingId) VALUES (1496, 1527);
INSERT INTO Person (PersonId, Name) VALUES (2693, 'Eric Monfroy');
INSERT INTO RelationPersonInProceeding (PersonId, InProceedingId) VALUES (2693, 1527);
INSERT INTO InProceeding (InProceedingId, Title, Pages, Url, ProceedingId) VALUES (1528, 'A Temporal Concurrent Constraint Programming Calculus.', '302-316', NULL, 55);
INSERT INTO Person (PersonId, Name) VALUES (2694, 'Frank D. Valencia');
INSERT INTO RelationPersonInProceeding (PersonId, InProceedingId) VALUES (2694, 1528);
INSERT INTO RelationPersonInProceeding (PersonId, InProceedingId) VALUES (2399, 1528);
INSERT INTO InProceeding (InProceedingId, Title, Pages, Url, ProceedingId) VALUES (1529, 'Design Tradeoffs for Autonomous Trading Agents.', '790-792', NULL, 56);
INSERT INTO Person (PersonId, Name) VALUES (2695, 'Ioannis A. Vetsikas');
INSERT INTO RelationPersonInProceeding (PersonId, InProceedingId) VALUES (2695, 1529);
INSERT INTO InProceeding (InProceedingId, Title, Pages, Url, ProceedingId) VALUES (1530, 'Verification of Infinite-State Systems by Specialization of CLP Programs.', '762', NULL, 55);
INSERT INTO Person (PersonId, Name) VALUES (2696, 'Fabio Fioravanti');
INSERT INTO RelationPersonInProceeding (PersonId, InProceedingId) VALUES (2696, 1530);
INSERT INTO InProceeding (InProceedingId, Title, Pages, Url, ProceedingId) VALUES (1531, 'The Expressive Power of Binary Linear Programming.', '570-574', NULL, 55);
INSERT INTO Person (PersonId, Name) VALUES (2697, 'Marco Cadoli');
INSERT INTO RelationPersonInProceeding (PersonId, InProceedingId) VALUES (2697, 1531);
INSERT INTO InProceeding (InProceedingId, Title, Pages, Url, ProceedingId) VALUES (1532, 'From Restricted Path Consistency to Max-Restricted Path Consistency.', '312-326', NULL, 51);
INSERT INTO Person (PersonId, Name) VALUES (2698, 'Romuald Debruyne');
INSERT INTO RelationPersonInProceeding (PersonId, InProceedingId) VALUES (2698, 1532);
INSERT INTO Person (PersonId, Name) VALUES (2699, 'Christian Bessire');
INSERT INTO RelationPersonInProceeding (PersonId, InProceedingId) VALUES (2699, 1532);
INSERT INTO InProceeding (InProceedingId, Title, Pages, Url, ProceedingId) VALUES (1533, 'iOpt: A Software Toolkit for Heuristic Search Methods.', '716-719', NULL, 55);
INSERT INTO Person (PersonId, Name) VALUES (2700, 'Anne Liret');
INSERT INTO RelationPersonInProceeding (PersonId, InProceedingId) VALUES (2700, 1533);
INSERT INTO Person (PersonId, Name) VALUES (2701, 'Christos Voudouris');
INSERT INTO RelationPersonInProceeding (PersonId, InProceedingId) VALUES (2701, 1533);
INSERT INTO RelationPersonInProceeding (PersonId, InProceedingId) VALUES (649, 1533);
INSERT INTO Person (PersonId, Name) VALUES (2702, 'David Lesaint');
INSERT INTO RelationPersonInProceeding (PersonId, InProceedingId) VALUES (2702, 1533);
INSERT INTO InProceeding (InProceedingId, Title, Pages, Url, ProceedingId) VALUES (1534, 'Operational Semantics and Confluence of Constraint Propagation Rules.', '252-266', NULL, 51);
INSERT INTO Person (PersonId, Name) VALUES (2703, 'Slim Abdennadher');
INSERT INTO RelationPersonInProceeding (PersonId, InProceedingId) VALUES (2703, 1534);
INSERT INTO InProceeding (InProceedingId, Title, Pages, Url, ProceedingId) VALUES (1535, 'A View of Local Search in Constraint Programming.', '353-366', NULL, NULL);
INSERT INTO Person (PersonId, Name) VALUES (2704, 'Gilles Pesant');
INSERT INTO RelationPersonInProceeding (PersonId, InProceedingId) VALUES (2704, 1535);
INSERT INTO Person (PersonId, Name) VALUES (2705, 'Michel Gendreau');
INSERT INTO RelationPersonInProceeding (PersonId, InProceedingId) VALUES (2705, 1535);
INSERT INTO InProceeding (InProceedingId, Title, Pages, Url, ProceedingId) VALUES (1536, 'Formal Models of Heavy-Tailed Behavior in Combinatorial Search.', '408-421', NULL, 55);
INSERT INTO Person (PersonId, Name) VALUES (2706, 'Carla P. Gomes');
INSERT INTO RelationPersonInProceeding (PersonId, InProceedingId) VALUES (2706, 1536);
INSERT INTO Person (PersonId, Name) VALUES (2707, 'Hubie Chen');
INSERT INTO RelationPersonInProceeding (PersonId, InProceedingId) VALUES (2707, 1536);
INSERT INTO Person (PersonId, Name) VALUES (2708, 'Bart Selman');
INSERT INTO RelationPersonInProceeding (PersonId, InProceedingId) VALUES (2708, 1536);
INSERT INTO InProceeding (InProceedingId, Title, Pages, Url, ProceedingId) VALUES (1537, 'Asynchronous Search for Numeric DisCSPs.', '785', NULL, 55);
INSERT INTO RelationPersonInProceeding (PersonId, InProceedingId) VALUES (1211, 1537);
INSERT INTO RelationPersonInProceeding (PersonId, InProceedingId) VALUES (1212, 1537);
INSERT INTO RelationPersonInProceeding (PersonId, InProceedingId) VALUES (1213, 1537);
INSERT INTO Person (PersonId, Name) VALUES (2709, 'Stefan Sabau');
INSERT INTO RelationPersonInProceeding (PersonId, InProceedingId) VALUES (2709, 1537);
INSERT INTO InProceeding (InProceedingId, Title, Pages, Url, ProceedingId) VALUES (1538, 'Solving Linear, Min and Max Constraint Systems Using CLP based on Relational Interval Arithmetic.', '186-203', NULL, 50);
INSERT INTO Person (PersonId, Name) VALUES (2710, 'William J. Older');
INSERT INTO RelationPersonInProceeding (PersonId, InProceedingId) VALUES (2710, 1538);
INSERT INTO Person (PersonId, Name) VALUES (2711, 'Eduard Cerny');
INSERT INTO RelationPersonInProceeding (PersonId, InProceedingId) VALUES (2711, 1538);
INSERT INTO Person (PersonId, Name) VALUES (2712, 'Pierre Girodias');
INSERT INTO RelationPersonInProceeding (PersonId, InProceedingId) VALUES (2712, 1538);
INSERT INTO InProceeding (InProceedingId, Title, Pages, Url, ProceedingId) VALUES (1539, 'Modelling CSP Solution Algorithms with Petri Decision Nets.', '471', NULL, 52);
INSERT INTO Person (PersonId, Name) VALUES (2713, 'Stephan Pontow');
INSERT INTO RelationPersonInProceeding (PersonId, InProceedingId) VALUES (2713, 1539);
INSERT INTO InProceeding (InProceedingId, Title, Pages, Url, ProceedingId) VALUES (1540, 'Interaction of Constraint Programming and Local Search for Optimisation Problems.', '554-559', NULL, 55);
INSERT INTO RelationPersonInProceeding (PersonId, InProceedingId) VALUES (2390, 1540);
INSERT INTO RelationPersonInProceeding (PersonId, InProceedingId) VALUES (2391, 1540);
INSERT INTO InProceeding (InProceedingId, Title, Pages, Url, ProceedingId) VALUES (1541, 'Generation of Test Patterns for Differential Diagnosis of Digital Circuits.', '462', NULL, 52);
INSERT INTO RelationPersonInProceeding (PersonId, InProceedingId) VALUES (2390, 1541);
INSERT INTO RelationPersonInProceeding (PersonId, InProceedingId) VALUES (2391, 1541);
INSERT INTO InProceeding (InProceedingId, Title, Pages, Url, ProceedingId) VALUES (1542, 'Solving Constraints over Floating-Point Numbers.', '524-538', NULL, 55);
INSERT INTO RelationPersonInProceeding (PersonId, InProceedingId) VALUES (2467, 1542);
INSERT INTO RelationPersonInProceeding (PersonId, InProceedingId) VALUES (2691, 1542);
INSERT INTO RelationPersonInProceeding (PersonId, InProceedingId) VALUES (2692, 1542);
INSERT INTO InProceeding (InProceedingId, Title, Pages, Url, ProceedingId) VALUES (1543, 'Scaling Properties of Pure Random Walk on Random 3-SAT.', '708-713', NULL, 56);
INSERT INTO Person (PersonId, Name) VALUES (2714, 'Andrew J. Parkes');
INSERT INTO RelationPersonInProceeding (PersonId, InProceedingId) VALUES (2714, 1543);
INSERT INTO InProceeding (InProceedingId, Title, Pages, Url, ProceedingId) VALUES (1544, 'Set Constraints: A Pearl in Research on Constraints.', '549-562', NULL, 51);
INSERT INTO Person (PersonId, Name) VALUES (2715, 'Leszek Pacholski');
INSERT INTO RelationPersonInProceeding (PersonId, InProceedingId) VALUES (2715, 1544);
INSERT INTO RelationPersonInProceeding (PersonId, InProceedingId) VALUES (2508, 1544);
INSERT INTO InProceeding (InProceedingId, Title, Pages, Url, ProceedingId) VALUES (1545, 'The Traveling Tournament Problem Description and Benchmarks.', '580-584', NULL, 55);
INSERT INTO Person (PersonId, Name) VALUES (2716, 'George L. Nemhauser');
INSERT INTO RelationPersonInProceeding (PersonId, InProceedingId) VALUES (2716, 1545);
INSERT INTO Person (PersonId, Name) VALUES (2717, 'Michael Trick');
INSERT INTO RelationPersonInProceeding (PersonId, InProceedingId) VALUES (2717, 1545);
INSERT INTO Person (PersonId, Name) VALUES (2718, 'Kelly Easton');
INSERT INTO RelationPersonInProceeding (PersonId, InProceedingId) VALUES (2718, 1545);
INSERT INTO InProceeding (InProceedingId, Title, Pages, Url, ProceedingId) VALUES (1546, 'Optimum Symmetry Breaking in CSPs Using Group Theory.', '771', NULL, 55);
INSERT INTO Person (PersonId, Name) VALUES (2719, 'Iain McDonald');
INSERT INTO RelationPersonInProceeding (PersonId, InProceedingId) VALUES (2719, 1546);
INSERT INTO InProceeding (InProceedingId, Title, Pages, Url, ProceedingId) VALUES (1547, 'Partial Symmetry Breaking.', '782', NULL, 56);
INSERT INTO RelationPersonInProceeding (PersonId, InProceedingId) VALUES (2719, 1547);
INSERT INTO InProceeding (InProceedingId, Title, Pages, Url, ProceedingId) VALUES (1548, 'On Confluence of Constraint Handling Rules.', '1-15', NULL, NULL);
INSERT INTO Person (PersonId, Name) VALUES (2720, 'Thom W. Frhwirth');
INSERT INTO RelationPersonInProceeding (PersonId, InProceedingId) VALUES (2720, 1548);
INSERT INTO RelationPersonInProceeding (PersonId, InProceedingId) VALUES (2703, 1548);
INSERT INTO Person (PersonId, Name) VALUES (2721, 'Holger Meuss');
INSERT INTO RelationPersonInProceeding (PersonId, InProceedingId) VALUES (2721, 1548);
INSERT INTO InProceeding (InProceedingId, Title, Pages, Url, ProceedingId) VALUES (1549, 'Batch Processing with Sequence Dependent Setup Times.', '764', NULL, 56);
INSERT INTO Person (PersonId, Name) VALUES (2722, 'Petr Vilm');
INSERT INTO RelationPersonInProceeding (PersonId, InProceedingId) VALUES (2722, 1549);
INSERT INTO Person (PersonId, Name) VALUES (2723, 'Manfred Meyer');
INSERT INTO Proceeding (ProceedingId, Title, EditorId, PublisherId, SeriesId, Year, ISBN, Url) VALUES (57, 'Constraint Processing, Selected Papers', 2723, 1, 1, '1995', '3-540-59479-5', 'http://dblp.uni-trier.de/db/conf/cp/cp1995s.html');
INSERT INTO InProceeding (InProceedingId, Title, Pages, Url, ProceedingId) VALUES (1550, 'Combining Hill Climbing and Forward Checking for Handling Disjunctive Constraints.', '247-265', NULL, 57);
INSERT INTO Person (PersonId, Name) VALUES (2724, 'Dan R. Vlasie');
INSERT INTO RelationPersonInProceeding (PersonId, InProceedingId) VALUES (2724, 1550);
INSERT INTO InProceeding (InProceedingId, Title, Pages, Url, ProceedingId) VALUES (1551, 'A Generalized Semantics for Concurrent Constraint Languages and their Abstract Interpretation.', '39-49', NULL, 57);
INSERT INTO Person (PersonId, Name) VALUES (2725, 'Philippe Codognet');
INSERT INTO RelationPersonInProceeding (PersonId, InProceedingId) VALUES (2725, 1551);
INSERT INTO Person (PersonId, Name) VALUES (2726, 'Christian Codognet');
INSERT INTO RelationPersonInProceeding (PersonId, InProceedingId) VALUES (2726, 1551);
INSERT INTO InProceeding (InProceedingId, Title, Pages, Url, ProceedingId) VALUES (1552, 'Semmantic Properties of CHIP (FD).', '225-245', NULL, 57);
INSERT INTO Person (PersonId, Name) VALUES (2727, 'Giuseppe Nardiello');
INSERT INTO RelationPersonInProceeding (PersonId, InProceedingId) VALUES (2727, 1552);
INSERT INTO Person (PersonId, Name) VALUES (2728, 'Adriano Tirabosco');
INSERT INTO RelationPersonInProceeding (PersonId, InProceedingId) VALUES (2728, 1552);
INSERT INTO Person (PersonId, Name) VALUES (2729, 'Gilberto Fil');
INSERT INTO RelationPersonInProceeding (PersonId, InProceedingId) VALUES (2729, 1552);
INSERT INTO InProceeding (InProceedingId, Title, Pages, Url, ProceedingId) VALUES (1553, 'A CLP Approach for Examination Planning.', '85-101', NULL, 57);
INSERT INTO Person (PersonId, Name) VALUES (2730, 'Laurent Pridy');
INSERT INTO RelationPersonInProceeding (PersonId, InProceedingId) VALUES (2730, 1553);
INSERT INTO Person (PersonId, Name) VALUES (2731, 'Patrice Boizumault');
INSERT INTO RelationPersonInProceeding (PersonId, InProceedingId) VALUES (2731, 1553);
INSERT INTO Person (PersonId, Name) VALUES (2732, 'Yan Delon');
INSERT INTO RelationPersonInProceeding (PersonId, InProceedingId) VALUES (2732, 1553);
INSERT INTO Proceeding (ProceedingId, Title, EditorId, PublisherId, SeriesId, Year, ISBN, Url) VALUES (58, 'Over-Constrained Systems', 2527, 1, 1, '1996', '3-540-61479-6', 'http://dblp.uni-trier.de/db/conf/cp/cp1995w.html');
INSERT INTO InProceeding (InProceedingId, Title, Pages, Url, ProceedingId) VALUES (1554, 'Specifying Over-Constrained Problems in Default Logic.', '253-264', NULL, 58);
INSERT INTO RelationPersonInProceeding (PersonId, InProceedingId) VALUES (1448, 1554);
INSERT INTO RelationPersonInProceeding (PersonId, InProceedingId) VALUES (1262, 1554);
INSERT INTO Person (PersonId, Name) VALUES (2733, 'Randy Goebel');
INSERT INTO RelationPersonInProceeding (PersonId, InProceedingId) VALUES (2733, 1554);
INSERT INTO InProceeding (InProceedingId, Title, Pages, Url, ProceedingId) VALUES (1555, 'NeMo+: Object-Oriented Constraint Programming Environment Based on Subdefinite Models.', '534-548', NULL, 51);
INSERT INTO Person (PersonId, Name) VALUES (2734, 'Igor Shvetsov');
INSERT INTO RelationPersonInProceeding (PersonId, InProceedingId) VALUES (2734, 1555);
INSERT INTO Person (PersonId, Name) VALUES (2735, 'Dmitry Ushakov');
INSERT INTO RelationPersonInProceeding (PersonId, InProceedingId) VALUES (2735, 1555);
INSERT INTO Person (PersonId, Name) VALUES (2736, 'Vitaly Telerman');
INSERT INTO RelationPersonInProceeding (PersonId, InProceedingId) VALUES (2736, 1555);
INSERT INTO InProceeding (InProceedingId, Title, Pages, Url, ProceedingId) VALUES (1556, 'Constraint Programming: an Efficient and Practical Approach to Solving the Job-Shop Problem.', '149-163', NULL, NULL);
INSERT INTO Person (PersonId, Name) VALUES (2737, 'Yves Colombani');
INSERT INTO RelationPersonInProceeding (PersonId, InProceedingId) VALUES (2737, 1556);
INSERT INTO InProceeding (InProceedingId, Title, Pages, Url, ProceedingId) VALUES (1557, 'Implementing Global Constraints with Index-Sets and Constraint Templates.', '466', NULL, 52);
INSERT INTO RelationPersonInProceeding (PersonId, InProceedingId) VALUES (2737, 1557);
INSERT INTO InProceeding (InProceedingId, Title, Pages, Url, ProceedingId) VALUES (1558, 'Determining the Number of Solutions to Binary CSP Instances.', '327-340', NULL, 56);
INSERT INTO Person (PersonId, Name) VALUES (2738, 'Ola Angelsmark');
INSERT INTO RelationPersonInProceeding (PersonId, InProceedingId) VALUES (2738, 1558);
INSERT INTO Person (PersonId, Name) VALUES (2739, 'Svante Linusson');
INSERT INTO RelationPersonInProceeding (PersonId, InProceedingId) VALUES (2739, 1558);
INSERT INTO Person (PersonId, Name) VALUES (2740, 'Johan Thapper');
INSERT INTO RelationPersonInProceeding (PersonId, InProceedingId) VALUES (2740, 1558);
INSERT INTO Person (PersonId, Name) VALUES (2741, 'Peter Jonsson');
INSERT INTO RelationPersonInProceeding (PersonId, InProceedingId) VALUES (2741, 1558);
INSERT INTO InProceeding (InProceedingId, Title, Pages, Url, ProceedingId) VALUES (1559, 'Empirical Studies of Heuristic Local Search for Constraint Solving.', '194-208', NULL, NULL);
INSERT INTO RelationPersonInProceeding (PersonId, InProceedingId) VALUES (648, 1559);
INSERT INTO RelationPersonInProceeding (PersonId, InProceedingId) VALUES (649, 1559);
INSERT INTO InProceeding (InProceedingId, Title, Pages, Url, ProceedingId) VALUES (1560, 'Dynamic Constraint Satisfaction with Conflict Management in Design.', '237-251', NULL, 58);
INSERT INTO Person (PersonId, Name) VALUES (2742, 'Ian Smith');
INSERT INTO RelationPersonInProceeding (PersonId, InProceedingId) VALUES (2742, 1560);
INSERT INTO Person (PersonId, Name) VALUES (2743, 'Esther Gelle');
INSERT INTO RelationPersonInProceeding (PersonId, InProceedingId) VALUES (2743, 1560);
INSERT INTO InProceeding (InProceedingId, Title, Pages, Url, ProceedingId) VALUES (1561, 'High-Level Modelling and Reformulation of Constraint Satisfaction Problems.', '766', NULL, 55);
INSERT INTO Person (PersonId, Name) VALUES (2744, 'Brahim Hnich');
INSERT INTO RelationPersonInProceeding (PersonId, InProceedingId) VALUES (2744, 1561);
INSERT INTO InProceeding (InProceedingId, Title, Pages, Url, ProceedingId) VALUES (1562, 'Towards Stochastic Constraint Programming: A Study of Online Multi-choice Knapsack with Deadlines.', '61-76', NULL, 55);
INSERT INTO Person (PersonId, Name) VALUES (2745, 'Eric Bourreau');
INSERT INTO RelationPersonInProceeding (PersonId, InProceedingId) VALUES (2745, 1562);
INSERT INTO Person (PersonId, Name) VALUES (2746, 'Yves Caseau');
INSERT INTO RelationPersonInProceeding (PersonId, InProceedingId) VALUES (2746, 1562);
INSERT INTO Person (PersonId, Name) VALUES (2747, 'Thierry Benoist');
INSERT INTO RelationPersonInProceeding (PersonId, InProceedingId) VALUES (2747, 1562);
INSERT INTO Person (PersonId, Name) VALUES (2748, 'Benot Rottembourg');
INSERT INTO RelationPersonInProceeding (PersonId, InProceedingId) VALUES (2748, 1562);
INSERT INTO InProceeding (InProceedingId, Title, Pages, Url, ProceedingId) VALUES (1563, 'Fast Optimal Instruction Scheduling for Single-Issue Processors with Arbitrary Latencies.', '625-639', NULL, 55);
INSERT INTO RelationPersonInProceeding (PersonId, InProceedingId) VALUES (1417, 1563);
INSERT INTO Person (PersonId, Name) VALUES (2749, 'Kent D. Wilken');
INSERT INTO RelationPersonInProceeding (PersonId, InProceedingId) VALUES (2749, 1563);
INSERT INTO InProceeding (InProceedingId, Title, Pages, Url, ProceedingId) VALUES (1564, 'An Efficient Approximate Algorithm for Winner Determination in Combinatorial Auctions.', '549-553', NULL, 54);
INSERT INTO Person (PersonId, Name) VALUES (2750, 'Yuko Sakurai');
INSERT INTO RelationPersonInProceeding (PersonId, InProceedingId) VALUES (2750, 1564);
INSERT INTO Person (PersonId, Name) VALUES (2751, 'Koji Kamei');
INSERT INTO RelationPersonInProceeding (PersonId, InProceedingId) VALUES (2751, 1564);
INSERT INTO Person (PersonId, Name) VALUES (2752, 'Makoto Yokoo');
INSERT INTO RelationPersonInProceeding (PersonId, InProceedingId) VALUES (2752, 1564);
INSERT INTO InProceeding (InProceedingId, Title, Pages, Url, ProceedingId) VALUES (1565, 'The Rough Guide to Constraint Propagation.', '1-23', NULL, 53);
INSERT INTO RelationPersonInProceeding (PersonId, InProceedingId) VALUES (1496, 1565);
INSERT INTO InProceeding (InProceedingId, Title, Pages, Url, ProceedingId) VALUES (1566, 'Consistency Maintenance for ABT.', '271-285', NULL, 55);
INSERT INTO RelationPersonInProceeding (PersonId, InProceedingId) VALUES (1211, 1566);
INSERT INTO RelationPersonInProceeding (PersonId, InProceedingId) VALUES (1212, 1566);
INSERT INTO RelationPersonInProceeding (PersonId, InProceedingId) VALUES (1213, 1566);
INSERT INTO InProceeding (InProceedingId, Title, Pages, Url, ProceedingId) VALUES (1567, 'Intelligent Domain Splitting for CSPs with Ordered Domains.', '488-489', NULL, 53);
INSERT INTO RelationPersonInProceeding (PersonId, InProceedingId) VALUES (1211, 1567);
INSERT INTO RelationPersonInProceeding (PersonId, InProceedingId) VALUES (1212, 1567);
INSERT INTO RelationPersonInProceeding (PersonId, InProceedingId) VALUES (1213, 1567);
INSERT INTO InProceeding (InProceedingId, Title, Pages, Url, ProceedingId) VALUES (1568, 'Solving Crew Scheduling Problems bu Constraint Programming.', '481-498', NULL, 50);
INSERT INTO Person (PersonId, Name) VALUES (2753, 'Nabil Guerinik');
INSERT INTO RelationPersonInProceeding (PersonId, InProceedingId) VALUES (2753, 1568);
INSERT INTO Person (PersonId, Name) VALUES (2754, 'Michel Van Caneghem');
INSERT INTO RelationPersonInProceeding (PersonId, InProceedingId) VALUES (2754, 1568);
INSERT INTO InProceeding (InProceedingId, Title, Pages, Url, ProceedingId) VALUES (1569, 'A Detailed Algorithm Testing Guards over Feature Trees.', '11-38', NULL, 57);
INSERT INTO Person (PersonId, Name) VALUES (2755, 'Peter Van Roy');
INSERT INTO RelationPersonInProceeding (PersonId, InProceedingId) VALUES (2755, 1569);
INSERT INTO RelationPersonInProceeding (PersonId, InProceedingId) VALUES (2508, 1569);
INSERT INTO InProceeding (InProceedingId, Title, Pages, Url, ProceedingId) VALUES (1570, 'Situated Simplification.', '328-344', NULL, 50);
INSERT INTO RelationPersonInProceeding (PersonId, InProceedingId) VALUES (2686, 1570);
INSERT INTO RelationPersonInProceeding (PersonId, InProceedingId) VALUES (2508, 1570);
INSERT INTO InProceeding (InProceedingId, Title, Pages, Url, ProceedingId) VALUES (1571, 'Solving Over-Constrained CSPs Using Weighted OBDDs.', '293-308', NULL, 58);
INSERT INTO Person (PersonId, Name) VALUES (2756, 'Fabrice Bouquet');
INSERT INTO RelationPersonInProceeding (PersonId, InProceedingId) VALUES (2756, 1571);
INSERT INTO Person (PersonId, Name) VALUES (2757, 'Philippe Jgou');
INSERT INTO RelationPersonInProceeding (PersonId, InProceedingId) VALUES (2757, 1571);
INSERT INTO InProceeding (InProceedingId, Title, Pages, Url, ProceedingId) VALUES (1572, 'Automated Theorem Proving with Disjunctive Constraints.', '484-485', NULL, 53);
INSERT INTO Person (PersonId, Name) VALUES (2758, 'Ortrun Ibes');
INSERT INTO RelationPersonInProceeding (PersonId, InProceedingId) VALUES (2758, 1572);
INSERT INTO InProceeding (InProceedingId, Title, Pages, Url, ProceedingId) VALUES (1573, 'Simulated Annealing with Asymptotic Convergence for Nonlinear Constrained Global Optimization.', '461-475', NULL, 53);
INSERT INTO Person (PersonId, Name) VALUES (2759, 'Tao Wang');
INSERT INTO RelationPersonInProceeding (PersonId, InProceedingId) VALUES (2759, 1573);
INSERT INTO Person (PersonId, Name) VALUES (2760, 'Benjamin W. Wah');
INSERT INTO RelationPersonInProceeding (PersonId, InProceedingId) VALUES (2760, 1573);
INSERT INTO InProceeding (InProceedingId, Title, Pages, Url, ProceedingId) VALUES (1574, 'Random 3-SAT: The Plot Thickens.', '143-159', NULL, 54);
INSERT INTO Person (PersonId, Name) VALUES (2761, 'Alfonso San Miguel Aguirre');
INSERT INTO RelationPersonInProceeding (PersonId, InProceedingId) VALUES (2761, 1574);
INSERT INTO Person (PersonId, Name) VALUES (2762, 'Demetrios D. Demopoulos');
INSERT INTO RelationPersonInProceeding (PersonId, InProceedingId) VALUES (2762, 1574);
INSERT INTO Person (PersonId, Name) VALUES (2763, 'Devika Subramanian');
INSERT INTO RelationPersonInProceeding (PersonId, InProceedingId) VALUES (2763, 1574);
INSERT INTO Person (PersonId, Name) VALUES (2764, 'Moshe Y. Vardi');
INSERT INTO RelationPersonInProceeding (PersonId, InProceedingId) VALUES (2764, 1574);
INSERT INTO Person (PersonId, Name) VALUES (2765, 'Cristian Coarfa');
INSERT INTO RelationPersonInProceeding (PersonId, InProceedingId) VALUES (2765, 1574);
INSERT INTO InProceeding (InProceedingId, Title, Pages, Url, ProceedingId) VALUES (1575, 'Optimal Distributed Arc-Consistency.', '219-233', NULL, 53);
INSERT INTO Person (PersonId, Name) VALUES (2766, 'Youssef Hamadi');
INSERT INTO RelationPersonInProceeding (PersonId, InProceedingId) VALUES (2766, 1575);
INSERT INTO InProceeding (InProceedingId, Title, Pages, Url, ProceedingId) VALUES (1576, 'On the Forward Checking Algorithm.', '292-308', NULL, 50);
INSERT INTO Person (PersonId, Name) VALUES (2767, 'Fahiem Bacchus');
INSERT INTO RelationPersonInProceeding (PersonId, InProceedingId) VALUES (2767, 1576);
INSERT INTO Person (PersonId, Name) VALUES (2768, 'Adam J. Grove');
INSERT INTO RelationPersonInProceeding (PersonId, InProceedingId) VALUES (2768, 1576);
INSERT INTO InProceeding (InProceedingId, Title, Pages, Url, ProceedingId) VALUES (1577, 'Dynamic Variable Ordering in CSPs.', '258-275', NULL, 50);
INSERT INTO RelationPersonInProceeding (PersonId, InProceedingId) VALUES (2767, 1577);
INSERT INTO Person (PersonId, Name) VALUES (2769, 'Paul van Run');
INSERT INTO RelationPersonInProceeding (PersonId, InProceedingId) VALUES (2769, 1577);
INSERT INTO InProceeding (InProceedingId, Title, Pages, Url, ProceedingId) VALUES (1578, 'Constraint Logic Programming over Unions of Constraint Theories.', '436-450', NULL, NULL);
INSERT INTO Person (PersonId, Name) VALUES (2770, 'Cesare Tinelli');
INSERT INTO RelationPersonInProceeding (PersonId, InProceedingId) VALUES (2770, 1578);
INSERT INTO Person (PersonId, Name) VALUES (2771, 'Mehdi T. Harandi');
INSERT INTO RelationPersonInProceeding (PersonId, InProceedingId) VALUES (2771, 1578);
INSERT INTO InProceeding (InProceedingId, Title, Pages, Url, ProceedingId) VALUES (1579, 'A New Approach for Weighted Constraint Satisfaction: Theoretical and Computational Results.', '323-337', NULL, NULL);
INSERT INTO Person (PersonId, Name) VALUES (2772, 'Hoong Chuin Lau');
INSERT INTO RelationPersonInProceeding (PersonId, InProceedingId) VALUES (2772, 1579);
INSERT INTO InProceeding (InProceedingId, Title, Pages, Url, ProceedingId) VALUES (1580, 'Look-Ahead Versus Look-Back for Satisfiability Problems.', '341-355', NULL, 51);
INSERT INTO Person (PersonId, Name) VALUES (2773, 'Anbulagan');
INSERT INTO RelationPersonInProceeding (PersonId, InProceedingId) VALUES (2773, 1580);
INSERT INTO Person (PersonId, Name) VALUES (2774, 'Chu Min Li');
INSERT INTO RelationPersonInProceeding (PersonId, InProceedingId) VALUES (2774, 1580);
INSERT INTO InProceeding (InProceedingId, Title, Pages, Url, ProceedingId) VALUES (1581, 'Introducing External Functions in Constraint Query Languages.', '132-146', NULL, 52);
INSERT INTO Person (PersonId, Name) VALUES (2775, 'Barbara Catania');
INSERT INTO RelationPersonInProceeding (PersonId, InProceedingId) VALUES (2775, 1581);
INSERT INTO Person (PersonId, Name) VALUES (2776, 'Elisa Bertino');
INSERT INTO RelationPersonInProceeding (PersonId, InProceedingId) VALUES (2776, 1581);
INSERT INTO Person (PersonId, Name) VALUES (2777, 'Alberto Belussi');
INSERT INTO RelationPersonInProceeding (PersonId, InProceedingId) VALUES (2777, 1581);
INSERT INTO InProceeding (InProceedingId, Title, Pages, Url, ProceedingId) VALUES (1582, 'Early Projection in CLP(R).', '177-191', NULL, 52);
INSERT INTO Person (PersonId, Name) VALUES (2778, 'Roland H. C. Yap');
INSERT INTO RelationPersonInProceeding (PersonId, InProceedingId) VALUES (2778, 1582);
INSERT INTO Person (PersonId, Name) VALUES (2779, 'Andreas Fordan');
INSERT INTO RelationPersonInProceeding (PersonId, InProceedingId) VALUES (2779, 1582);
INSERT INTO InProceeding (InProceedingId, Title, Pages, Url, ProceedingId) VALUES (1583, 'Hill-Climbing with Local Consistency for Solving Distributed CSPs.', '545-546', NULL, NULL);
INSERT INTO Person (PersonId, Name) VALUES (2780, 'Katsutoshi Hirayama');
INSERT INTO RelationPersonInProceeding (PersonId, InProceedingId) VALUES (2780, 1583);
INSERT INTO InProceeding (InProceedingId, Title, Pages, Url, ProceedingId) VALUES (1584, 'SAT v CSP.', '441-456', NULL, 54);
INSERT INTO RelationPersonInProceeding (PersonId, InProceedingId) VALUES (1424, 1584);
INSERT INTO InProceeding (InProceedingId, Title, Pages, Url, ProceedingId) VALUES (1585, 'Some Surprising Regularities in the Behaviour of Stochastic Local Search.', '470', NULL, 52);
INSERT INTO Person (PersonId, Name) VALUES (2781, 'Holger H. Hoos');
INSERT INTO RelationPersonInProceeding (PersonId, InProceedingId) VALUES (2781, 1585);
INSERT INTO Person (PersonId, Name) VALUES (2782, 'Thomas Sttzle');
INSERT INTO RelationPersonInProceeding (PersonId, InProceedingId) VALUES (2782, 1585);
INSERT INTO InProceeding (InProceedingId, Title, Pages, Url, ProceedingId) VALUES (1586, 'Random 3-SAT and BDDs: The Plot Thickens Further.', '121-136', NULL, 55);
INSERT INTO RelationPersonInProceeding (PersonId, InProceedingId) VALUES (2761, 1586);
INSERT INTO RelationPersonInProceeding (PersonId, InProceedingId) VALUES (2764, 1586);
INSERT INTO InProceeding (InProceedingId, Title, Pages, Url, ProceedingId) VALUES (1587, 'Reconfigurable Architectures: A New Vision for Optimization Problems.', '209-221', NULL, 51);
INSERT INTO RelationPersonInProceeding (PersonId, InProceedingId) VALUES (2766, 1587);
INSERT INTO Person (PersonId, Name) VALUES (2783, 'D. Merceron');
INSERT INTO RelationPersonInProceeding (PersonId, InProceedingId) VALUES (2783, 1587);
INSERT INTO InProceeding (InProceedingId, Title, Pages, Url, ProceedingId) VALUES (1588, 'A General Scheme for Multiple Lower Bound Computation in Constraint Optimization.', '346-360', NULL, 55);
INSERT INTO Person (PersonId, Name) VALUES (2784, 'Kalev Kask');
INSERT INTO RelationPersonInProceeding (PersonId, InProceedingId) VALUES (2784, 1588);
INSERT INTO RelationPersonInProceeding (PersonId, InProceedingId) VALUES (2689, 1588);
INSERT INTO Person (PersonId, Name) VALUES (2785, 'Javier Larrosa');
INSERT INTO RelationPersonInProceeding (PersonId, InProceedingId) VALUES (2785, 1588);
INSERT INTO InProceeding (InProceedingId, Title, Pages, Url, ProceedingId) VALUES (1589, 'Solving Disjunctive Constraints for Interactive Graphical Applications.', '361-376', NULL, 55);
INSERT INTO RelationPersonInProceeding (PersonId, InProceedingId) VALUES (2537, 1589);
INSERT INTO RelationPersonInProceeding (PersonId, InProceedingId) VALUES (2383, 1589);
INSERT INTO Person (PersonId, Name) VALUES (2786, 'Alan Borning');
INSERT INTO RelationPersonInProceeding (PersonId, InProceedingId) VALUES (2786, 1589);
INSERT INTO Person (PersonId, Name) VALUES (2787, 'Peter Moulder');
INSERT INTO RelationPersonInProceeding (PersonId, InProceedingId) VALUES (2787, 1589);
INSERT INTO InProceeding (InProceedingId, Title, Pages, Url, ProceedingId) VALUES (1590, 'A Labelling Arc Consistency Method for Functional Constraints.', '16-30', NULL, NULL);
INSERT INTO Person (PersonId, Name) VALUES (2788, 'Hachemi Bennaceur');
INSERT INTO RelationPersonInProceeding (PersonId, InProceedingId) VALUES (2788, 1590);
INSERT INTO Person (PersonId, Name) VALUES (2789, 'Mohamed-Salah Affane');
INSERT INTO RelationPersonInProceeding (PersonId, InProceedingId) VALUES (2789, 1590);
INSERT INTO InProceeding (InProceedingId, Title, Pages, Url, ProceedingId) VALUES (1591, 'Constraint-Based Agents: The ABC$1s of CBA$1s.', '1-10', NULL, 54);
INSERT INTO RelationPersonInProceeding (PersonId, InProceedingId) VALUES (1230, 1591);
INSERT INTO InProceeding (InProceedingId, Title, Pages, Url, ProceedingId) VALUES (1592, 'Groups and Constraints: Symmetry Breaking during Search.', '415-430', NULL, 56);
INSERT INTO RelationPersonInProceeding (PersonId, InProceedingId) VALUES (2538, 1592);
INSERT INTO Person (PersonId, Name) VALUES (2790, 'Ian P. Gent');
INSERT INTO RelationPersonInProceeding (PersonId, InProceedingId) VALUES (2790, 1592);
INSERT INTO Person (PersonId, Name) VALUES (2791, 'Tom Kelsey');
INSERT INTO RelationPersonInProceeding (PersonId, InProceedingId) VALUES (2791, 1592);
INSERT INTO InProceeding (InProceedingId, Title, Pages, Url, ProceedingId) VALUES (1593, 'Finding Minimal Unsatisfiable Subformulae in Satisfiability Instances.', '495-499', NULL, 54);
INSERT INTO Person (PersonId, Name) VALUES (2792, 'Renato Bruni');
INSERT INTO RelationPersonInProceeding (PersonId, InProceedingId) VALUES (2792, 1593);
INSERT INTO Person (PersonId, Name) VALUES (2793, 'Antonio Sassano');
INSERT INTO RelationPersonInProceeding (PersonId, InProceedingId) VALUES (2793, 1593);
INSERT INTO InProceeding (InProceedingId, Title, Pages, Url, ProceedingId) VALUES (1594, 'Integrating Constraints in an Object-Based Knowledge Representation System.', '67-83', NULL, 57);
INSERT INTO RelationPersonInProceeding (PersonId, InProceedingId) VALUES (856, 1594);
INSERT INTO InProceeding (InProceedingId, Title, Pages, Url, ProceedingId) VALUES (1595, 'Fuzzifying the Constraint Hierarchies Framework.', '280-294', NULL, 52);
INSERT INTO Person (PersonId, Name) VALUES (2794, 'R. W. L. Kam');
INSERT INTO RelationPersonInProceeding (PersonId, InProceedingId) VALUES (2794, 1595);
INSERT INTO Person (PersonId, Name) VALUES (2795, 'Jimmy Ho-Man Lee');
INSERT INTO RelationPersonInProceeding (PersonId, InProceedingId) VALUES (2795, 1595);
INSERT INTO InProceeding (InProceedingId, Title, Pages, Url, ProceedingId) VALUES (1596, 'Beyond NP: Arc-Consistency for Quantified Constraints.', '371-386', NULL, 56);
INSERT INTO RelationPersonInProceeding (PersonId, InProceedingId) VALUES (2693, 1596);
INSERT INTO Person (PersonId, Name) VALUES (2796, 'Lucas Bordeaux');
INSERT INTO RelationPersonInProceeding (PersonId, InProceedingId) VALUES (2796, 1596);
INSERT INTO InProceeding (InProceedingId, Title, Pages, Url, ProceedingId) VALUES (1597, 'New Search Heuristics for Max-CSP.', '262-277', NULL, 54);
INSERT INTO RelationPersonInProceeding (PersonId, InProceedingId) VALUES (2784, 1597);
INSERT INTO InProceeding (InProceedingId, Title, Pages, Url, ProceedingId) VALUES (1598, 'Constraint Representation for Propagation.', '235-249', NULL, 52);
INSERT INTO RelationPersonInProceeding (PersonId, InProceedingId) VALUES (2383, 1598);
INSERT INTO RelationPersonInProceeding (PersonId, InProceedingId) VALUES (2538, 1598);
INSERT INTO InProceeding (InProceedingId, Title, Pages, Url, ProceedingId) VALUES (1599, 'Secure Distributed Constraint Satisfaction: Reaching Agreement without Revealing Private Information.', '387-401', NULL, 56);
INSERT INTO RelationPersonInProceeding (PersonId, InProceedingId) VALUES (2780, 1599);
INSERT INTO Person (PersonId, Name) VALUES (2797, 'Koutarou Suzuki');
INSERT INTO RelationPersonInProceeding (PersonId, InProceedingId) VALUES (2797, 1599);
INSERT INTO RelationPersonInProceeding (PersonId, InProceedingId) VALUES (2752, 1599);
INSERT INTO InProceeding (InProceedingId, Title, Pages, Url, ProceedingId) VALUES (1600, 'Solving Satisfiability Problems Using Field Programmable Gate Arrays: First Results.', '497-509', NULL, NULL);
INSERT INTO Person (PersonId, Name) VALUES (2798, 'Takayuki Suyama');
INSERT INTO RelationPersonInProceeding (PersonId, InProceedingId) VALUES (2798, 1600);
INSERT INTO Person (PersonId, Name) VALUES (2799, 'Hiroshi Sawada');
INSERT INTO RelationPersonInProceeding (PersonId, InProceedingId) VALUES (2799, 1600);
INSERT INTO RelationPersonInProceeding (PersonId, InProceedingId) VALUES (2752, 1600);
INSERT INTO InProceeding (InProceedingId, Title, Pages, Url, ProceedingId) VALUES (1601, 'Distributed Constraint Satisfaction with Cooperating Asynchronous Solvers.', '777', NULL, 55);
INSERT INTO Person (PersonId, Name) VALUES (2800, 'Georg Ringwelski');
INSERT INTO RelationPersonInProceeding (PersonId, InProceedingId) VALUES (2800, 1601);
INSERT INTO InProceeding (InProceedingId, Title, Pages, Url, ProceedingId) VALUES (1602, 'Integrating Search Objects in Asynchronous Constraint Solving.', '761', NULL, 56);
INSERT INTO RelationPersonInProceeding (PersonId, InProceedingId) VALUES (2800, 1602);
INSERT INTO InProceeding (InProceedingId, Title, Pages, Url, ProceedingId) VALUES (1603, 'Distributed Constraint Satisfaction as a Computational Model of Negotiation via Argumentation.', '767', NULL, 55);
INSERT INTO Person (PersonId, Name) VALUES (2801, 'Hyuckchul Jung');
INSERT INTO RelationPersonInProceeding (PersonId, InProceedingId) VALUES (2801, 1603);
INSERT INTO InProceeding (InProceedingId, Title, Pages, Url, ProceedingId) VALUES (1604, 'Algebraic Properties of CSP Model Operators.', '750-754', NULL, 56);
INSERT INTO Person (PersonId, Name) VALUES (2802, 'Y. C. Law');
INSERT INTO RelationPersonInProceeding (PersonId, InProceedingId) VALUES (2802, 1604);
INSERT INTO RelationPersonInProceeding (PersonId, InProceedingId) VALUES (2795, 1604);
INSERT INTO InProceeding (InProceedingId, Title, Pages, Url, ProceedingId) VALUES (1605, 'Integrating Constraint and Integer Programming for the Orthogonal Latin Squares Problem.', '17-32', NULL, 56);
INSERT INTO Person (PersonId, Name) VALUES (2803, 'Gautam Appa');
INSERT INTO RelationPersonInProceeding (PersonId, InProceedingId) VALUES (2803, 1605);
INSERT INTO Person (PersonId, Name) VALUES (2804, 'Dimitris Magos');
INSERT INTO RelationPersonInProceeding (PersonId, InProceedingId) VALUES (2804, 1605);
INSERT INTO Person (PersonId, Name) VALUES (2805, 'Ioannis Mourtos');
INSERT INTO RelationPersonInProceeding (PersonId, InProceedingId) VALUES (2805, 1605);
INSERT INTO InProceeding (InProceedingId, Title, Pages, Url, ProceedingId) VALUES (1606, 'On Query Languages for Linear Queries Definable with Polynomial Constraints.', '468-481', NULL, NULL);
INSERT INTO Person (PersonId, Name) VALUES (2806, 'Dirk Van Gucht');
INSERT INTO RelationPersonInProceeding (PersonId, InProceedingId) VALUES (2806, 1606);
INSERT INTO Person (PersonId, Name) VALUES (2807, 'Marc Gyssens');
INSERT INTO RelationPersonInProceeding (PersonId, InProceedingId) VALUES (2807, 1606);
INSERT INTO Person (PersonId, Name) VALUES (2808, 'Luc Vandeurzen');
INSERT INTO RelationPersonInProceeding (PersonId, InProceedingId) VALUES (2808, 1606);
INSERT INTO InProceeding (InProceedingId, Title, Pages, Url, ProceedingId) VALUES (1607, 'A Fixpoint Definition of Dynamic Constraint Satisfaction.', '419-433', NULL, 53);
INSERT INTO RelationPersonInProceeding (PersonId, InProceedingId) VALUES (2420, 1607);
INSERT INTO Person (PersonId, Name) VALUES (2809, 'Timo Soininen');
INSERT INTO RelationPersonInProceeding (PersonId, InProceedingId) VALUES (2809, 1607);
INSERT INTO RelationPersonInProceeding (PersonId, InProceedingId) VALUES (2743, 1607);
INSERT INTO InProceeding (InProceedingId, Title, Pages, Url, ProceedingId) VALUES (1608, 'Partially Ordered Constraint Optimization Problems.', '763', NULL, 55);
INSERT INTO Person (PersonId, Name) VALUES (2810, 'Marco Gavanelli');
INSERT INTO RelationPersonInProceeding (PersonId, InProceedingId) VALUES (2810, 1608);
INSERT INTO InProceeding (InProceedingId, Title, Pages, Url, ProceedingId) VALUES (1609, 'Satisfiability of Quantitative Temporal Constraints with Multiple Granularities.', '435-449', NULL, 51);
INSERT INTO Person (PersonId, Name) VALUES (2811, 'Claudio Bettini');
INSERT INTO RelationPersonInProceeding (PersonId, InProceedingId) VALUES (2811, 1609);
INSERT INTO Person (PersonId, Name) VALUES (2812, 'Sushil Jajodia');
INSERT INTO RelationPersonInProceeding (PersonId, InProceedingId) VALUES (2812, 1609);
INSERT INTO Person (PersonId, Name) VALUES (2813, 'Xiaoyang Sean Wang');
INSERT INTO RelationPersonInProceeding (PersonId, InProceedingId) VALUES (2813, 1609);
INSERT INTO InProceeding (InProceedingId, Title, Pages, Url, ProceedingId) VALUES (1610, 'Using CSP Look-Back Techniques to Solve Exceptionally Hard SAT Instances.', '46-60', NULL, NULL);
INSERT INTO Person (PersonId, Name) VALUES (2814, 'Roberto J. Bayardo Jr.');
INSERT INTO RelationPersonInProceeding (PersonId, InProceedingId) VALUES (2814, 1610);
INSERT INTO Person (PersonId, Name) VALUES (2815, 'Robert Schrag');
INSERT INTO RelationPersonInProceeding (PersonId, InProceedingId) VALUES (2815, 1610);
INSERT INTO InProceeding (InProceedingId, Title, Pages, Url, ProceedingId) VALUES (1611, 'Error-Correcting Source Code.', '40-54', NULL, 52);
INSERT INTO Person (PersonId, Name) VALUES (2816, 'Kenta Cho');
INSERT INTO RelationPersonInProceeding (PersonId, InProceedingId) VALUES (2816, 1611);
INSERT INTO Person (PersonId, Name) VALUES (2817, 'Kazunori Ueda');
INSERT INTO RelationPersonInProceeding (PersonId, InProceedingId) VALUES (2817, 1611);
INSERT INTO Person (PersonId, Name) VALUES (2818, 'Yasuhiro Ajiro');
INSERT INTO RelationPersonInProceeding (PersonId, InProceedingId) VALUES (2818, 1611);
INSERT INTO InProceeding (InProceedingId, Title, Pages, Url, ProceedingId) VALUES (1612, 'Components for State Restoration in Tree Search.', '240-255', NULL, 55);
INSERT INTO Person (PersonId, Name) VALUES (2819, 'Ka Boon Ng');
INSERT INTO RelationPersonInProceeding (PersonId, InProceedingId) VALUES (2819, 1612);
INSERT INTO Person (PersonId, Name) VALUES (2820, 'Chiu Wo Choi');
INSERT INTO RelationPersonInProceeding (PersonId, InProceedingId) VALUES (2820, 1612);
INSERT INTO Person (PersonId, Name) VALUES (2821, 'Martin Henz');
INSERT INTO RelationPersonInProceeding (PersonId, InProceedingId) VALUES (2821, 1612);
INSERT INTO InProceeding (InProceedingId, Title, Pages, Url, ProceedingId) VALUES (1613, 'Constraint Programming for Distributed Resource Allocation.', '773', NULL, 55);
INSERT INTO Person (PersonId, Name) VALUES (2822, 'Pragnesh J. Modi');
INSERT INTO RelationPersonInProceeding (PersonId, InProceedingId) VALUES (2822, 1613);
INSERT INTO InProceeding (InProceedingId, Title, Pages, Url, ProceedingId) VALUES (1614, 'Distributed Partial Constraint Satisfaction Problem.', '222-236', NULL, 51);
INSERT INTO RelationPersonInProceeding (PersonId, InProceedingId) VALUES (2780, 1614);
INSERT INTO RelationPersonInProceeding (PersonId, InProceedingId) VALUES (2752, 1614);
INSERT INTO InProceeding (InProceedingId, Title, Pages, Url, ProceedingId) VALUES (1615, 'The Adaptive Constraint Engine.', '525-542', NULL, 56);
INSERT INTO RelationPersonInProceeding (PersonId, InProceedingId) VALUES (1365, 1615);
INSERT INTO Person (PersonId, Name) VALUES (2823, 'Anton Morozov');
INSERT INTO RelationPersonInProceeding (PersonId, InProceedingId) VALUES (2823, 1615);
INSERT INTO Person (PersonId, Name) VALUES (2824, 'Bruce Samuels');
INSERT INTO RelationPersonInProceeding (PersonId, InProceedingId) VALUES (2824, 1615);
INSERT INTO Person (PersonId, Name) VALUES (2825, 'Eugene C. Freuder');
INSERT INTO RelationPersonInProceeding (PersonId, InProceedingId) VALUES (2825, 1615);
INSERT INTO Person (PersonId, Name) VALUES (2826, 'Richard Wallace');
INSERT INTO RelationPersonInProceeding (PersonId, InProceedingId) VALUES (2826, 1615);
INSERT INTO InProceeding (InProceedingId, Title, Pages, Url, ProceedingId) VALUES (1616, 'A Hybrid Seachr Architecture Applied to Hard Random 3-SAT and Low-Autocorrelation Binary Sequences.', '337-352', NULL, 54);
INSERT INTO Person (PersonId, Name) VALUES (2827, 'Steven David Prestwich');
INSERT INTO RelationPersonInProceeding (PersonId, InProceedingId) VALUES (2827, 1616);
INSERT INTO InProceeding (InProceedingId, Title, Pages, Url, ProceedingId) VALUES (1617, 'Improving GSAT Using 2SAT.', '691-695', NULL, 56);
INSERT INTO RelationPersonInProceeding (PersonId, InProceedingId) VALUES (2383, 1617);
INSERT INTO Person (PersonId, Name) VALUES (2828, 'Lei Zheng');
INSERT INTO RelationPersonInProceeding (PersonId, InProceedingId) VALUES (2828, 1617);
INSERT INTO InProceeding (InProceedingId, Title, Pages, Url, ProceedingId) VALUES (1618, 'Inference Duality as a Basis for Secitivity Analysis.', '224-236', NULL, NULL);
INSERT INTO Person (PersonId, Name) VALUES (2829, 'John N. Hooker');
INSERT INTO RelationPersonInProceeding (PersonId, InProceedingId) VALUES (2829, 1618);
INSERT INTO InProceeding (InProceedingId, Title, Pages, Url, ProceedingId) VALUES (1619, 'Semiring-Based CSPs and Valued CSPs: Basic Properties and Comparison.', '111-150', NULL, 58);
INSERT INTO RelationPersonInProceeding (PersonId, InProceedingId) VALUES (49, 1619);
INSERT INTO RelationPersonInProceeding (PersonId, InProceedingId) VALUES (2683, 1619);
INSERT INTO RelationPersonInProceeding (PersonId, InProceedingId) VALUES (751, 1619);
INSERT INTO Person (PersonId, Name) VALUES (2830, 'Grard Verfaillie');
INSERT INTO RelationPersonInProceeding (PersonId, InProceedingId) VALUES (2830, 1619);
INSERT INTO Person (PersonId, Name) VALUES (2831, 'Hlne Fargier');
INSERT INTO RelationPersonInProceeding (PersonId, InProceedingId) VALUES (2831, 1619);
INSERT INTO Person (PersonId, Name) VALUES (2832, 'Stefano Bistarelli');
INSERT INTO RelationPersonInProceeding (PersonId, InProceedingId) VALUES (2832, 1619);
INSERT INTO InProceeding (InProceedingId, Title, Pages, Url, ProceedingId) VALUES (1620, 'PSAP - A Planning System for Aircraft Production (Extended Abstract).', '525-526', NULL, NULL);
INSERT INTO Person (PersonId, Name) VALUES (2833, 'Patrick Albers');
INSERT INTO RelationPersonInProceeding (PersonId, InProceedingId) VALUES (2833, 1620);
INSERT INTO Person (PersonId, Name) VALUES (2834, 'Jacques Bellone');
INSERT INTO RelationPersonInProceeding (PersonId, InProceedingId) VALUES (2834, 1620);
INSERT INTO InProceeding (InProceedingId, Title, Pages, Url, ProceedingId) VALUES (1621, 'Refinements and Independence: A Simple Method for Identifying Tractable Disjunctive Constraints.', '114-127', NULL, 54);
INSERT INTO Person (PersonId, Name) VALUES (2835, 'Mathias Broxvall');
INSERT INTO RelationPersonInProceeding (PersonId, InProceedingId) VALUES (2835, 1621);
INSERT INTO RelationPersonInProceeding (PersonId, InProceedingId) VALUES (2741, 1621);
INSERT INTO Person (PersonId, Name) VALUES (2836, 'Jochen Renz');
INSERT INTO RelationPersonInProceeding (PersonId, InProceedingId) VALUES (2836, 1621);
INSERT INTO InProceeding (InProceedingId, Title, Pages, Url, ProceedingId) VALUES (1622, 'Constructing Constraints.', '2-16', NULL, 52);
INSERT INTO Person (PersonId, Name) VALUES (2837, 'Peter Jeavons');
INSERT INTO RelationPersonInProceeding (PersonId, InProceedingId) VALUES (2837, 1622);
INSERT INTO InProceeding (InProceedingId, Title, Pages, Url, ProceedingId) VALUES (1623, 'Complete Solving of Linear Diophantine Equations and Inequations without Adding Variables.', '1-17', NULL, 50);
INSERT INTO Person (PersonId, Name) VALUES (2838, 'Evelyne Contejean');
INSERT INTO RelationPersonInProceeding (PersonId, InProceedingId) VALUES (2838, 1623);
INSERT INTO Person (PersonId, Name) VALUES (2839, 'Farid Ajili');
INSERT INTO RelationPersonInProceeding (PersonId, InProceedingId) VALUES (2839, 1623);
INSERT INTO InProceeding (InProceedingId, Title, Pages, Url, ProceedingId) VALUES (1624, 'Counting Satisfiable k-CNF Formulas.', '765', NULL, 55);
INSERT INTO Person (PersonId, Name) VALUES (2840, 'Mitchell A. Harris');
INSERT INTO RelationPersonInProceeding (PersonId, InProceedingId) VALUES (2840, 1624);
INSERT INTO InProceeding (InProceedingId, Title, Pages, Url, ProceedingId) VALUES (1625, 'Defeasible Constraint Solving.', '151-170', NULL, 58);
INSERT INTO Person (PersonId, Name) VALUES (2841, 'Francisco Menezes');
INSERT INTO RelationPersonInProceeding (PersonId, InProceedingId) VALUES (2841, 1625);
INSERT INTO RelationPersonInProceeding (PersonId, InProceedingId) VALUES (2390, 1625);
INSERT INTO InProceeding (InProceedingId, Title, Pages, Url, ProceedingId) VALUES (1626, 'Heterogeneous Constraint Problems.', '783', NULL, 55);
INSERT INTO Person (PersonId, Name) VALUES (2842, 'Frank Seelisch');
INSERT INTO RelationPersonInProceeding (PersonId, InProceedingId) VALUES (2842, 1626);
INSERT INTO InProceeding (InProceedingId, Title, Pages, Url, ProceedingId) VALUES (1627, 'A Partially Solved Form for Heterogeneous Constraints in Disjunctive Normal Form.', '780', NULL, 56);
INSERT INTO RelationPersonInProceeding (PersonId, InProceedingId) VALUES (2842, 1627);
INSERT INTO InProceeding (InProceedingId, Title, Pages, Url, ProceedingId) VALUES (1628, 'Modeling Camera Control with Constrained Hypertubes.', '618-632', NULL, 56);
INSERT INTO Person (PersonId, Name) VALUES (2843, 'Eric Langunou');
INSERT INTO RelationPersonInProceeding (PersonId, InProceedingId) VALUES (2843, 1628);
INSERT INTO Person (PersonId, Name) VALUES (2844, 'Laurent Granvilliers');
INSERT INTO RelationPersonInProceeding (PersonId, InProceedingId) VALUES (2844, 1628);
INSERT INTO Person (PersonId, Name) VALUES (2845, 'Marc Christie');
INSERT INTO RelationPersonInProceeding (PersonId, InProceedingId) VALUES (2845, 1628);
INSERT INTO InProceeding (InProceedingId, Title, Pages, Url, ProceedingId) VALUES (1629, 'A Framework for Assertion-Based Debugging in Constraint Logic Programming.', '472', NULL, 52);
INSERT INTO RelationPersonInProceeding (PersonId, InProceedingId) VALUES (2555, 1629);
INSERT INTO Person (PersonId, Name) VALUES (2846, 'Francisco Bueno');
INSERT INTO RelationPersonInProceeding (PersonId, InProceedingId) VALUES (2846, 1629);
INSERT INTO Person (PersonId, Name) VALUES (2847, 'German Puebla');
INSERT INTO RelationPersonInProceeding (PersonId, InProceedingId) VALUES (2847, 1629);
INSERT INTO InProceeding (InProceedingId, Title, Pages, Url, ProceedingId) VALUES (1630, 'A Meta-Heuristic Factory for Vehicle Routing Problems.', '144-158', NULL, 53);
INSERT INTO Person (PersonId, Name) VALUES (2848, 'Franois Laburthe');
INSERT INTO RelationPersonInProceeding (PersonId, InProceedingId) VALUES (2848, 1630);
INSERT INTO RelationPersonInProceeding (PersonId, InProceedingId) VALUES (2746, 1630);
INSERT INTO Person (PersonId, Name) VALUES (2849, 'Glenn Silverstein');
INSERT INTO RelationPersonInProceeding (PersonId, InProceedingId) VALUES (2849, 1630);
INSERT INTO InProceeding (InProceedingId, Title, Pages, Url, ProceedingId) VALUES (1631, 'Tabu Search for Maximal Constraint Satisfaction Problems.', '196-208', NULL, 51);
INSERT INTO Person (PersonId, Name) VALUES (2850, 'Philippe Galinier');
INSERT INTO RelationPersonInProceeding (PersonId, InProceedingId) VALUES (2850, 1631);
INSERT INTO RelationPersonInProceeding (PersonId, InProceedingId) VALUES (648, 1631);
INSERT INTO InProceeding (InProceedingId, Title, Pages, Url, ProceedingId) VALUES (1632, 'Solving Various Weighted Matching Problems with Constraints.', '17-31', NULL, 51);
INSERT INTO RelationPersonInProceeding (PersonId, InProceedingId) VALUES (2848, 1632);
INSERT INTO RelationPersonInProceeding (PersonId, InProceedingId) VALUES (2746, 1632);
INSERT INTO InProceeding (InProceedingId, Title, Pages, Url, ProceedingId) VALUES (1633, 'Using Constraint Propagation for Complex Scheduling Problems: Managing Size, Complex Resources and Travel.', '163-166', NULL, 51);
INSERT INTO RelationPersonInProceeding (PersonId, InProceedingId) VALUES (2746, 1633);
INSERT INTO InProceeding (InProceedingId, Title, Pages, Url, ProceedingId) VALUES (1634, 'Programming Constraint Inference Engines.', '519-533', NULL, 51);
INSERT INTO Person (PersonId, Name) VALUES (2851, 'Christian Schulte');
INSERT INTO RelationPersonInProceeding (PersonId, InProceedingId) VALUES (2851, 1634);
INSERT INTO InProceeding (InProceedingId, Title, Pages, Url, ProceedingId) VALUES (1635, 'A Constraint Programming Approach to the Stable Marriage Problem.', '225-239', NULL, 55);
INSERT INTO Person (PersonId, Name) VALUES (2852, 'David Manlove');
INSERT INTO RelationPersonInProceeding (PersonId, InProceedingId) VALUES (2852, 1635);
INSERT INTO Person (PersonId, Name) VALUES (2853, 'Patrick Prosser');
INSERT INTO RelationPersonInProceeding (PersonId, InProceedingId) VALUES (2853, 1635);
INSERT INTO RelationPersonInProceeding (PersonId, InProceedingId) VALUES (2790, 1635);
INSERT INTO Person (PersonId, Name) VALUES (2854, 'Robert W. Irving');
INSERT INTO RelationPersonInProceeding (PersonId, InProceedingId) VALUES (2854, 1635);
INSERT INTO Person (PersonId, Name) VALUES (2855, 'Barbara M. Smith');
INSERT INTO RelationPersonInProceeding (PersonId, InProceedingId) VALUES (2855, 1635);
INSERT INTO InProceeding (InProceedingId, Title, Pages, Url, ProceedingId) VALUES (1636, 'How to Model and Verify Concurrent Algorithms for Distributed CSPs.', '510-514', NULL, 54);
INSERT INTO Person (PersonId, Name) VALUES (2856, 'Markus Hannebauer');
INSERT INTO RelationPersonInProceeding (PersonId, InProceedingId) VALUES (2856, 1636);
INSERT INTO InProceeding (InProceedingId, Title, Pages, Url, ProceedingId) VALUES (1637, 'A Stochastic Approach to Solving Fuzzy Constraint Satisfaction Problems.', '568-569', NULL, NULL);
INSERT INTO Person (PersonId, Name) VALUES (2857, 'Kai-fai Ng');
INSERT INTO RelationPersonInProceeding (PersonId, InProceedingId) VALUES (2857, 1637);
INSERT INTO Person (PersonId, Name) VALUES (2858, 'Jason H. Y. Wong');
INSERT INTO RelationPersonInProceeding (PersonId, InProceedingId) VALUES (2858, 1637);
INSERT INTO Person (PersonId, Name) VALUES (2859, 'Ho-Fung Leung');
INSERT INTO RelationPersonInProceeding (PersonId, InProceedingId) VALUES (2859, 1637);
INSERT INTO InProceeding (InProceedingId, Title, Pages, Url, ProceedingId) VALUES (1638, 'SALSA: A Language for Search Algorithms.', '310-324', NULL, 52);
INSERT INTO RelationPersonInProceeding (PersonId, InProceedingId) VALUES (2848, 1638);
INSERT INTO RelationPersonInProceeding (PersonId, InProceedingId) VALUES (2746, 1638);
INSERT INTO InProceeding (InProceedingId, Title, Pages, Url, ProceedingId) VALUES (1639, 'Consistency Checking for Qualitative Spatial Reasoning with Cardinal Directions.', '341-355', NULL, 56);
INSERT INTO Person (PersonId, Name) VALUES (2860, 'Spiros Skiadopoulos');
INSERT INTO RelationPersonInProceeding (PersonId, InProceedingId) VALUES (2860, 1639);
INSERT INTO Person (PersonId, Name) VALUES (2861, 'Manolis Koubarakis');
INSERT INTO RelationPersonInProceeding (PersonId, InProceedingId) VALUES (2861, 1639);
INSERT INTO InProceeding (InProceedingId, Title, Pages, Url, ProceedingId) VALUES (1640, 'Partial Stable Generated Models of Generalized Logic Programs with Constraints.', '781', NULL, 55);
INSERT INTO Person (PersonId, Name) VALUES (2862, 'Sibylle Schwarz');
INSERT INTO RelationPersonInProceeding (PersonId, InProceedingId) VALUES (2862, 1640);
INSERT INTO InProceeding (InProceedingId, Title, Pages, Url, ProceedingId) VALUES (1641, 'The Progressive Party Problem: Integer Linear Programming and Constraint Programming Compared.', '36-52', NULL, 50);
INSERT INTO Person (PersonId, Name) VALUES (2863, 'Peter M. Hubbard');
INSERT INTO RelationPersonInProceeding (PersonId, InProceedingId) VALUES (2863, 1641);
INSERT INTO Person (PersonId, Name) VALUES (2864, 'Sally C. Brailsford');
INSERT INTO RelationPersonInProceeding (PersonId, InProceedingId) VALUES (2864, 1641);
INSERT INTO Person (PersonId, Name) VALUES (2865, 'H. Paul Williams');
INSERT INTO RelationPersonInProceeding (PersonId, InProceedingId) VALUES (2865, 1641);
INSERT INTO RelationPersonInProceeding (PersonId, InProceedingId) VALUES (2855, 1641);
INSERT INTO InProceeding (InProceedingId, Title, Pages, Url, ProceedingId) VALUES (1642, 'Universally Quantified Interval Constraints.', '67-82', NULL, 54);
INSERT INTO Person (PersonId, Name) VALUES (2866, 'Frdric Goualard');
INSERT INTO RelationPersonInProceeding (PersonId, InProceedingId) VALUES (2866, 1642);
INSERT INTO Person (PersonId, Name) VALUES (2867, 'Frdric Benhamou');
INSERT INTO RelationPersonInProceeding (PersonId, InProceedingId) VALUES (2867, 1642);
INSERT INTO InProceeding (InProceedingId, Title, Pages, Url, ProceedingId) VALUES (1643, 'Robust and Parallel Solving of a Network Design Problem.', '633-648', NULL, 56);
INSERT INTO Person (PersonId, Name) VALUES (2868, 'Paul Shaw');
INSERT INTO RelationPersonInProceeding (PersonId, InProceedingId) VALUES (2868, 1643);
INSERT INTO Person (PersonId, Name) VALUES (2869, 'Claude Le Pape');
INSERT INTO RelationPersonInProceeding (PersonId, InProceedingId) VALUES (2869, 1643);
INSERT INTO Person (PersonId, Name) VALUES (2870, 'Jean-Charles Rgin');
INSERT INTO RelationPersonInProceeding (PersonId, InProceedingId) VALUES (2870, 1643);
INSERT INTO Person (PersonId, Name) VALUES (2871, 'Laurent Perron');
INSERT INTO RelationPersonInProceeding (PersonId, InProceedingId) VALUES (2871, 1643);
INSERT INTO InProceeding (InProceedingId, Title, Pages, Url, ProceedingId) VALUES (1644, 'Improving a Heuristic Repair Method for Large-Scale School Timetabling Problems.', '275-288', NULL, 53);
INSERT INTO Person (PersonId, Name) VALUES (2872, 'Kazuya Kaneko');
INSERT INTO RelationPersonInProceeding (PersonId, InProceedingId) VALUES (2872, 1644);
INSERT INTO Person (PersonId, Name) VALUES (2873, 'Masazumi Yoshikawa');
INSERT INTO RelationPersonInProceeding (PersonId, InProceedingId) VALUES (2873, 1644);
INSERT INTO Person (PersonId, Name) VALUES (2874, 'Yoichiro Nakakuki');
INSERT INTO RelationPersonInProceeding (PersonId, InProceedingId) VALUES (2874, 1644);
INSERT INTO InProceeding (InProceedingId, Title, Pages, Url, ProceedingId) VALUES (1645, 'Constraint Modeling in the Context of Academic Task Assignment.', '789', NULL, 56);
INSERT INTO Person (PersonId, Name) VALUES (2875, 'Robert Glaubius');
INSERT INTO RelationPersonInProceeding (PersonId, InProceedingId) VALUES (2875, 1645);
INSERT INTO Person (PersonId, Name) VALUES (2876, 'Berthe Y. Choueiry');
INSERT INTO RelationPersonInProceeding (PersonId, InProceedingId) VALUES (2876, 1645);
INSERT INTO InProceeding (InProceedingId, Title, Pages, Url, ProceedingId) VALUES (1646, 'Applying Constraint Programming to Protein Structure Determination.', '289-302', NULL, 53);
INSERT INTO RelationPersonInProceeding (PersonId, InProceedingId) VALUES (2390, 1646);
INSERT INTO Person (PersonId, Name) VALUES (2877, 'Ludwig Krippahl');
INSERT INTO RelationPersonInProceeding (PersonId, InProceedingId) VALUES (2877, 1646);
INSERT INTO InProceeding (InProceedingId, Title, Pages, Url, ProceedingId) VALUES (1647, 'A Scalable Linear Constraint Solver for User Interface Construction.', '218-232', NULL, 54);
INSERT INTO Person (PersonId, Name) VALUES (2878, 'Hiroshi Hosobe');
INSERT INTO RelationPersonInProceeding (PersonId, InProceedingId) VALUES (2878, 1647);
INSERT INTO InProceeding (InProceedingId, Title, Pages, Url, ProceedingId) VALUES (1648, 'Criticality and Parallelism in Structured SAT Instances.', '714-719', NULL, 56);
INSERT INTO Person (PersonId, Name) VALUES (2879, 'Andrea Roli');
INSERT INTO RelationPersonInProceeding (PersonId, InProceedingId) VALUES (2879, 1648);
INSERT INTO InProceeding (InProceedingId, Title, Pages, Url, ProceedingId) VALUES (1649, 'Constrained-Based Problem Decomposition for a Key Configuration Problem.', '265-279', NULL, 52);
INSERT INTO Person (PersonId, Name) VALUES (2880, 'Ulrich Junker');
INSERT INTO RelationPersonInProceeding (PersonId, InProceedingId) VALUES (2880, 1649);
INSERT INTO InProceeding (InProceedingId, Title, Pages, Url, ProceedingId) VALUES (1650, 'Using Constraint Programming and Local Search Methods to Solve Vehicle Routing Problems.', '417-431', NULL, 52);
INSERT INTO RelationPersonInProceeding (PersonId, InProceedingId) VALUES (2868, 1650);
INSERT INTO InProceeding (InProceedingId, Title, Pages, Url, ProceedingId) VALUES (1651, 'Logical Semantics of Concurrent Constraint Programming.', '397-409', NULL, NULL);
INSERT INTO Person (PersonId, Name) VALUES (2881, 'Paul Ruet');
INSERT INTO RelationPersonInProceeding (PersonId, InProceedingId) VALUES (2881, 1651);
INSERT INTO InProceeding (InProceedingId, Title, Pages, Url, ProceedingId) VALUES (1652, 'A Unifying Framework for Tractable Constraints.', '276-291', NULL, 50);
INSERT INTO RelationPersonInProceeding (PersonId, InProceedingId) VALUES (2807, 1652);
INSERT INTO Person (PersonId, Name) VALUES (2882, 'David Cohen');
INSERT INTO RelationPersonInProceeding (PersonId, InProceedingId) VALUES (2882, 1652);
INSERT INTO RelationPersonInProceeding (PersonId, InProceedingId) VALUES (2837, 1652);
INSERT INTO InProceeding (InProceedingId, Title, Pages, Url, ProceedingId) VALUES (1653, 'A test for Tractability.', '267-281', NULL, NULL);
INSERT INTO RelationPersonInProceeding (PersonId, InProceedingId) VALUES (2807, 1653);
INSERT INTO RelationPersonInProceeding (PersonId, InProceedingId) VALUES (2837, 1653);
INSERT INTO Person (PersonId, Name) VALUES (2883, 'David A. Cohen');
INSERT INTO RelationPersonInProceeding (PersonId, InProceedingId) VALUES (2883, 1653);
INSERT INTO InProceeding (InProceedingId, Title, Pages, Url, ProceedingId) VALUES (1654, 'Translations for Comparing Soft Frameworks.', '764', NULL, 55);
INSERT INTO RelationPersonInProceeding (PersonId, InProceedingId) VALUES (2437, 1654);
INSERT INTO InProceeding (InProceedingId, Title, Pages, Url, ProceedingId) VALUES (1655, 'Tractable Recursion over Geometric Data.', '450-462', NULL, 51);
INSERT INTO Person (PersonId, Name) VALUES (2884, 'Gabriel M. Kuper');
INSERT INTO RelationPersonInProceeding (PersonId, InProceedingId) VALUES (2884, 1655);
INSERT INTO Person (PersonId, Name) VALUES (2885, 'Stphane Grumbach');
INSERT INTO RelationPersonInProceeding (PersonId, InProceedingId) VALUES (2885, 1655);
INSERT INTO InProceeding (InProceedingId, Title, Pages, Url, ProceedingId) VALUES (1656, 'First-order Definability over Constraint Databases.', '121-136', NULL, 50);
INSERT INTO Person (PersonId, Name) VALUES (2886, 'Jianwen Su');
INSERT INTO RelationPersonInProceeding (PersonId, InProceedingId) VALUES (2886, 1656);
INSERT INTO RelationPersonInProceeding (PersonId, InProceedingId) VALUES (2885, 1656);
INSERT INTO InProceeding (InProceedingId, Title, Pages, Url, ProceedingId) VALUES (1657, 'A Visual Constraint-Programming Environment.', '499-514', NULL, 50);
INSERT INTO Person (PersonId, Name) VALUES (2887, 'Massimo Paltrinieri');
INSERT INTO RelationPersonInProceeding (PersonId, InProceedingId) VALUES (2887, 1657);
INSERT INTO InProceeding (InProceedingId, Title, Pages, Url, ProceedingId) VALUES (1658, 'Using Blocks for Constraint Satisfaction.', '474', NULL, 52);
INSERT INTO Person (PersonId, Name) VALUES (2888, 'Bernhard Seybold');
INSERT INTO RelationPersonInProceeding (PersonId, InProceedingId) VALUES (2888, 1658);
INSERT INTO Person (PersonId, Name) VALUES (2889, 'G. Ogan');
INSERT INTO RelationPersonInProceeding (PersonId, InProceedingId) VALUES (2889, 1658);
INSERT INTO Person (PersonId, Name) VALUES (2890, 'Klaus Simon');
INSERT INTO RelationPersonInProceeding (PersonId, InProceedingId) VALUES (2890, 1658);
INSERT INTO Person (PersonId, Name) VALUES (2891, 'F. Metzger');
INSERT INTO RelationPersonInProceeding (PersonId, InProceedingId) VALUES (2891, 1658);
INSERT INTO InProceeding (InProceedingId, Title, Pages, Url, ProceedingId) VALUES (1659, 'A Unified Framework for Interval Constraints and Interval Arithmetic.', '250-264', NULL, 52);
INSERT INTO RelationPersonInProceeding (PersonId, InProceedingId) VALUES (2556, 1659);
INSERT INTO Person (PersonId, Name) VALUES (2892, 'Huan Wu');
INSERT INTO RelationPersonInProceeding (PersonId, InProceedingId) VALUES (2892, 1659);
INSERT INTO Person (PersonId, Name) VALUES (2893, 'Maarten H. van Emden');
INSERT INTO RelationPersonInProceeding (PersonId, InProceedingId) VALUES (2893, 1659);
INSERT INTO InProceeding (InProceedingId, Title, Pages, Url, ProceedingId) VALUES (1660, 'Selecting and Scheduling Observations for Agile Satellites: Some Lessons from the Constraint Reasoning Community Point of View.', '670-684', NULL, 55);
INSERT INTO RelationPersonInProceeding (PersonId, InProceedingId) VALUES (2830, 1660);
INSERT INTO Person (PersonId, Name) VALUES (2894, 'Michel Lematre');
INSERT INTO RelationPersonInProceeding (PersonId, InProceedingId) VALUES (2894, 1660);
INSERT INTO InProceeding (InProceedingId, Title, Pages, Url, ProceedingId) VALUES (1661, 'Defeasibility in CLP(Q) through Generalized Slack Variables.', '209-223', NULL, NULL);
INSERT INTO RelationPersonInProceeding (PersonId, InProceedingId) VALUES (2841, 1661);
INSERT INTO RelationPersonInProceeding (PersonId, InProceedingId) VALUES (2390, 1661);
INSERT INTO Person (PersonId, Name) VALUES (2895, 'Christian Holzbaur');
INSERT INTO RelationPersonInProceeding (PersonId, InProceedingId) VALUES (2895, 1661);
INSERT INTO InProceeding (InProceedingId, Title, Pages, Url, ProceedingId) VALUES (1662, 'AC-Unification of Higher-Order Patterns.', '267-281', NULL, 51);
INSERT INTO RelationPersonInProceeding (PersonId, InProceedingId) VALUES (2838, 1662);
INSERT INTO Person (PersonId, Name) VALUES (2896, 'Alexandre Boudet');
INSERT INTO RelationPersonInProceeding (PersonId, InProceedingId) VALUES (2896, 1662);
INSERT INTO InProceeding (InProceedingId, Title, Pages, Url, ProceedingId) VALUES (1663, 'Some Observations on Durations, Scheduling and Allen$1s Algebra.', '484-488', NULL, 54);
INSERT INTO RelationPersonInProceeding (PersonId, InProceedingId) VALUES (2738, 1663);
INSERT INTO RelationPersonInProceeding (PersonId, InProceedingId) VALUES (2741, 1663);
INSERT INTO InProceeding (InProceedingId, Title, Pages, Url, ProceedingId) VALUES (1664, 'On the Complexity of Unification and Disunification in Commutative Idempotent Semigroups.', '282-296', NULL, 51);
INSERT INTO Person (PersonId, Name) VALUES (2897, 'Miki Hermann');
INSERT INTO RelationPersonInProceeding (PersonId, InProceedingId) VALUES (2897, 1664);
INSERT INTO Person (PersonId, Name) VALUES (2898, 'Phokion G. Kolaitis');
INSERT INTO RelationPersonInProceeding (PersonId, InProceedingId) VALUES (2898, 1664);
INSERT INTO InProceeding (InProceedingId, Title, Pages, Url, ProceedingId) VALUES (1665, 'Optimal Anytime Constrained Simulated Annealing for Constrained Global Optimization.', '425-440', NULL, 54);
INSERT INTO Person (PersonId, Name) VALUES (2899, 'Yi Xin Chen');
INSERT INTO RelationPersonInProceeding (PersonId, InProceedingId) VALUES (2899, 1665);
INSERT INTO RelationPersonInProceeding (PersonId, InProceedingId) VALUES (2760, 1665);
INSERT INTO InProceeding (InProceedingId, Title, Pages, Url, ProceedingId) VALUES (1666, 'The Theory of Discrete Lagrange Multipliers for Nonlinear Discrete Optimization.', '28-42', NULL, 53);
INSERT INTO Person (PersonId, Name) VALUES (2900, 'Zhe Wu');
INSERT INTO RelationPersonInProceeding (PersonId, InProceedingId) VALUES (2900, 1666);
INSERT INTO RelationPersonInProceeding (PersonId, InProceedingId) VALUES (2760, 1666);
INSERT INTO InProceeding (InProceedingId, Title, Pages, Url, ProceedingId) VALUES (1667, 'In Search of a Phase Transition in the AC-Matching Problem.', '433-450', NULL, 55);
INSERT INTO Person (PersonId, Name) VALUES (2901, 'Thomas Raffill');
INSERT INTO RelationPersonInProceeding (PersonId, InProceedingId) VALUES (2901, 1667);
INSERT INTO RelationPersonInProceeding (PersonId, InProceedingId) VALUES (2898, 1667);
INSERT INTO InProceeding (InProceedingId, Title, Pages, Url, ProceedingId) VALUES (1668, 'Partition-k-AC: An Efficient Filtering Technique Combining Domain Partition and Arc Consistency.', '560-564', NULL, 55);
INSERT INTO RelationPersonInProceeding (PersonId, InProceedingId) VALUES (2788, 1668);
INSERT INTO RelationPersonInProceeding (PersonId, InProceedingId) VALUES (2789, 1668);
INSERT INTO InProceeding (InProceedingId, Title, Pages, Url, ProceedingId) VALUES (1669, 'Characterizing SAT Problems with the Row Convexity Property.', '720-725', NULL, 56);
INSERT INTO RelationPersonInProceeding (PersonId, InProceedingId) VALUES (2788, 1669);
INSERT INTO RelationPersonInProceeding (PersonId, InProceedingId) VALUES (2774, 1669);
INSERT INTO InProceeding (InProceedingId, Title, Pages, Url, ProceedingId) VALUES (1670, 'Extending Forward Checking.', '35-51', NULL, 54);
INSERT INTO RelationPersonInProceeding (PersonId, InProceedingId) VALUES (2767, 1670);
INSERT INTO InProceeding (InProceedingId, Title, Pages, Url, ProceedingId) VALUES (1671, 'Combination of Constraint Systems II: Rational Amalgamation.', '282-296', NULL, NULL);
INSERT INTO RelationPersonInProceeding (PersonId, InProceedingId) VALUES (2684, 1671);
INSERT INTO Person (PersonId, Name) VALUES (2902, 'Stephan Kesper');
INSERT INTO RelationPersonInProceeding (PersonId, InProceedingId) VALUES (2902, 1671);
INSERT INTO InProceeding (InProceedingId, Title, Pages, Url, ProceedingId) VALUES (1672, 'Configurable Solvers: Tailoring General Methods to Specific Applications.', '372-374', NULL, 51);
INSERT INTO RelationPersonInProceeding (PersonId, InProceedingId) VALUES (1350, 1672);
INSERT INTO InProceeding (InProceedingId, Title, Pages, Url, ProceedingId) VALUES (1673, 'Accelerating Random Walks.', '216-232', NULL, 56);
INSERT INTO Person (PersonId, Name) VALUES (2903, 'Wei Wei');
INSERT INTO RelationPersonInProceeding (PersonId, InProceedingId) VALUES (2903, 1673);
INSERT INTO RelationPersonInProceeding (PersonId, InProceedingId) VALUES (2708, 1673);
INSERT INTO InProceeding (InProceedingId, Title, Pages, Url, ProceedingId) VALUES (1674, 'Specific Filtering Algorithms for Over-Constrained Problems.', '451-463', NULL, 55);
INSERT INTO Person (PersonId, Name) VALUES (2904, 'Thierry Petit');
INSERT INTO RelationPersonInProceeding (PersonId, InProceedingId) VALUES (2904, 1674);
INSERT INTO RelationPersonInProceeding (PersonId, InProceedingId) VALUES (2870, 1674);
INSERT INTO RelationPersonInProceeding (PersonId, InProceedingId) VALUES (2699, 1674);
INSERT INTO InProceeding (InProceedingId, Title, Pages, Url, ProceedingId) VALUES (1675, 'Range-Based Algorithm for Max-CSP.', '280-294', NULL, 56);
INSERT INTO RelationPersonInProceeding (PersonId, InProceedingId) VALUES (2904, 1675);
INSERT INTO RelationPersonInProceeding (PersonId, InProceedingId) VALUES (2870, 1675);
INSERT INTO RelationPersonInProceeding (PersonId, InProceedingId) VALUES (2699, 1675);
INSERT INTO InProceeding (InProceedingId, Title, Pages, Url, ProceedingId) VALUES (1676, 'An Overview of HAL.', '174-188', NULL, 53);
INSERT INTO RelationPersonInProceeding (PersonId, InProceedingId) VALUES (2536, 1676);
INSERT INTO RelationPersonInProceeding (PersonId, InProceedingId) VALUES (2537, 1676);
INSERT INTO RelationPersonInProceeding (PersonId, InProceedingId) VALUES (2383, 1676);
INSERT INTO RelationPersonInProceeding (PersonId, InProceedingId) VALUES (2538, 1676);
INSERT INTO RelationPersonInProceeding (PersonId, InProceedingId) VALUES (2485, 1676);
INSERT INTO InProceeding (InProceedingId, Title, Pages, Url, ProceedingId) VALUES (1677, 'Open Constraint Programming.', '1', NULL, 52);
INSERT INTO RelationPersonInProceeding (PersonId, InProceedingId) VALUES (2778, 1677);
INSERT INTO RelationPersonInProceeding (PersonId, InProceedingId) VALUES (2688, 1677);
INSERT INTO InProceeding (InProceedingId, Title, Pages, Url, ProceedingId) VALUES (1678, 'Scaling Effects in the CSP Phase Transition.', '70-87', NULL, 50);
INSERT INTO Person (PersonId, Name) VALUES (2905, 'Ewan MacIntyre');
INSERT INTO RelationPersonInProceeding (PersonId, InProceedingId) VALUES (2905, 1678);
INSERT INTO RelationPersonInProceeding (PersonId, InProceedingId) VALUES (1424, 1678);
INSERT INTO RelationPersonInProceeding (PersonId, InProceedingId) VALUES (2853, 1678);
INSERT INTO RelationPersonInProceeding (PersonId, InProceedingId) VALUES (2790, 1678);
INSERT INTO InProceeding (InProceedingId, Title, Pages, Url, ProceedingId) VALUES (1679, 'The Constrainedness of Arc Consistency.', '327-340', NULL, 51);
INSERT INTO RelationPersonInProceeding (PersonId, InProceedingId) VALUES (2905, 1679);
INSERT INTO RelationPersonInProceeding (PersonId, InProceedingId) VALUES (1424, 1679);
INSERT INTO RelationPersonInProceeding (PersonId, InProceedingId) VALUES (2853, 1679);
INSERT INTO RelationPersonInProceeding (PersonId, InProceedingId) VALUES (2790, 1679);
INSERT INTO InProceeding (InProceedingId, Title, Pages, Url, ProceedingId) VALUES (1680, 'Adaptive Constraint Handling with CHR in Java.', '256-270', NULL, 55);
INSERT INTO Person (PersonId, Name) VALUES (2906, 'Armin Wolf');
INSERT INTO RelationPersonInProceeding (PersonId, InProceedingId) VALUES (2906, 1680);
INSERT INTO InProceeding (InProceedingId, Title, Pages, Url, ProceedingId) VALUES (1681, 'Transforming Ordered Constraint Hierarchies into Ordinary Constraint Systems.', '171-187', NULL, 58);
INSERT INTO RelationPersonInProceeding (PersonId, InProceedingId) VALUES (2906, 1681);
INSERT INTO InProceeding (InProceedingId, Title, Pages, Url, ProceedingId) VALUES (1682, 'Adaptive Solving of Equations over Rational Trees.', '475', NULL, 52);
INSERT INTO RelationPersonInProceeding (PersonId, InProceedingId) VALUES (2906, 1682);
INSERT INTO InProceeding (InProceedingId, Title, Pages, Url, ProceedingId) VALUES (1683, 'Instruction Scheduling with Timing Constraints on a Single RISC Processor with 0/1 Latencies.', '457-469', NULL, 54);
INSERT INTO RelationPersonInProceeding (PersonId, InProceedingId) VALUES (2778, 1683);
INSERT INTO RelationPersonInProceeding (PersonId, InProceedingId) VALUES (2688, 1683);
INSERT INTO Person (PersonId, Name) VALUES (2907, 'Hui Wu');
INSERT INTO RelationPersonInProceeding (PersonId, InProceedingId) VALUES (2907, 1683);
INSERT INTO InProceeding (InProceedingId, Title, Pages, Url, ProceedingId) VALUES (1684, 'Analysis of Hybrid Systems in CLP(R).', '451-467', NULL, NULL);
INSERT INTO Person (PersonId, Name) VALUES (2908, 'Luis Urbina');
INSERT INTO RelationPersonInProceeding (PersonId, InProceedingId) VALUES (2908, 1684);
INSERT INTO InProceeding (InProceedingId, Title, Pages, Url, ProceedingId) VALUES (1685, 'Multistep Filtering Operators for Ordinary Differential Equations.', '246-260', NULL, 53);
INSERT INTO Person (PersonId, Name) VALUES (2909, 'Micha Janssen');
INSERT INTO RelationPersonInProceeding (PersonId, InProceedingId) VALUES (2909, 1685);
INSERT INTO Person (PersonId, Name) VALUES (2910, 'Yves Deville');
INSERT INTO RelationPersonInProceeding (PersonId, InProceedingId) VALUES (2910, 1685);
INSERT INTO RelationPersonInProceeding (PersonId, InProceedingId) VALUES (2690, 1685);
INSERT INTO InProceeding (InProceedingId, Title, Pages, Url, ProceedingId) VALUES (1686, 'Optimal Pruning in Parametric Differential Equations.', '539-553', NULL, 55);
INSERT INTO RelationPersonInProceeding (PersonId, InProceedingId) VALUES (2909, 1686);
INSERT INTO RelationPersonInProceeding (PersonId, InProceedingId) VALUES (2910, 1686);
INSERT INTO RelationPersonInProceeding (PersonId, InProceedingId) VALUES (2690, 1686);
INSERT INTO InProceeding (InProceedingId, Title, Pages, Url, ProceedingId) VALUES (1687, 'Narrowing a Block of Sortings in Quadratic Time.', '2-16', NULL, 51);
INSERT INTO Person (PersonId, Name) VALUES (2911, 'Nolle Bleuzen-Guernalec');
INSERT INTO RelationPersonInProceeding (PersonId, InProceedingId) VALUES (2911, 1687);
INSERT INTO Person (PersonId, Name) VALUES (2912, 'Alain Colmerauer');
INSERT INTO RelationPersonInProceeding (PersonId, InProceedingId) VALUES (2912, 1687);
INSERT INTO InProceeding (InProceedingId, Title, Pages, Url, ProceedingId) VALUES (1688, 'A Brief Overview of Over-Constrained Systems.', '1-22', NULL, 58);
INSERT INTO Person (PersonId, Name) VALUES (2913, 'Michael Jampel');
INSERT INTO RelationPersonInProceeding (PersonId, InProceedingId) VALUES (2913, 1688);
INSERT INTO InProceeding (InProceedingId, Title, Pages, Url, ProceedingId) VALUES (1689, 'Experiences in Solving Constraint Relaxation Networks with Boltzmann Machines.', '281-292', NULL, 58);
INSERT INTO Person (PersonId, Name) VALUES (2914, 'Hans W. Guesgen');
INSERT INTO RelationPersonInProceeding (PersonId, InProceedingId) VALUES (2914, 1689);
INSERT INTO Person (PersonId, Name) VALUES (2915, 'Rolf Weischnur');
INSERT INTO RelationPersonInProceeding (PersonId, InProceedingId) VALUES (2915, 1689);
INSERT INTO Person (PersonId, Name) VALUES (2916, 'Joachim Hertzberg');
INSERT INTO RelationPersonInProceeding (PersonId, InProceedingId) VALUES (2916, 1689);
INSERT INTO InProceeding (InProceedingId, Title, Pages, Url, ProceedingId) VALUES (1690, 'Computing the Envelope for Stepwise-Constant Resource Allocations.', '139-154', NULL, 56);
INSERT INTO Person (PersonId, Name) VALUES (2917, 'Nicola Muscettola');
INSERT INTO RelationPersonInProceeding (PersonId, InProceedingId) VALUES (2917, 1690);
INSERT INTO InProceeding (InProceedingId, Title, Pages, Url, ProceedingId) VALUES (1691, 'The Concurrent Constraint Programming Research Programmes.', '588', NULL, 50);
INSERT INTO Person (PersonId, Name) VALUES (2918, 'Vijay A. Saraswat');
INSERT INTO RelationPersonInProceeding (PersonId, InProceedingId) VALUES (2918, 1691);
INSERT INTO InProceeding (InProceedingId, Title, Pages, Url, ProceedingId) VALUES (1692, 'The Many Paths to Satisfaction.', '103-119', NULL, 57);
INSERT INTO RelationPersonInProceeding (PersonId, InProceedingId) VALUES (2825, 1692);
INSERT INTO InProceeding (InProceedingId, Title, Pages, Url, ProceedingId) VALUES (1693, 'Constraint Satisfaction, Bounded Treewidth, and Finite-Variable Logics.', '310-326', NULL, 56);
INSERT INTO RelationPersonInProceeding (PersonId, InProceedingId) VALUES (2898, 1693);
INSERT INTO Person (PersonId, Name) VALUES (2919, 'Vctor Dalmau');
INSERT INTO RelationPersonInProceeding (PersonId, InProceedingId) VALUES (2919, 1693);
INSERT INTO RelationPersonInProceeding (PersonId, InProceedingId) VALUES (2764, 1693);
INSERT INTO InProceeding (InProceedingId, Title, Pages, Url, ProceedingId) VALUES (1694, 'Constraint Solving in Test-Data Generation.', '770-771', NULL, 56);
INSERT INTO Person (PersonId, Name) VALUES (2920, 'Yuan Zhan');
INSERT INTO RelationPersonInProceeding (PersonId, InProceedingId) VALUES (2920, 1694);
INSERT INTO InProceeding (InProceedingId, Title, Pages, Url, ProceedingId) VALUES (1695, 'A Constraint Program for Solving the Job-Shop Problem.', '510-524', NULL, NULL);
INSERT INTO Person (PersonId, Name) VALUES (2921, 'Jianyang Zhou');
INSERT INTO RelationPersonInProceeding (PersonId, InProceedingId) VALUES (2921, 1695);
INSERT INTO InProceeding (InProceedingId, Title, Pages, Url, ProceedingId) VALUES (1696, 'Ensuring a Relevant Visiting Order of the Leaf Nodes during a Tree Search.', '361-374', NULL, 53);
INSERT INTO Person (PersonId, Name) VALUES (2922, 'Nicolas Prcovic');
INSERT INTO RelationPersonInProceeding (PersonId, InProceedingId) VALUES (2922, 1696);
INSERT INTO Person (PersonId, Name) VALUES (2923, 'Bertrand Neveu');
INSERT INTO RelationPersonInProceeding (PersonId, InProceedingId) VALUES (2923, 1696);
INSERT INTO InProceeding (InProceedingId, Title, Pages, Url, ProceedingId) VALUES (1697, 'Constraint Techniques for Solving the Protein Structure Prediction Problem.', '72-86', NULL, 52);
INSERT INTO Person (PersonId, Name) VALUES (2924, 'Rolf Backofen');
INSERT INTO RelationPersonInProceeding (PersonId, InProceedingId) VALUES (2924, 1697);
INSERT INTO InProceeding (InProceedingId, Title, Pages, Url, ProceedingId) VALUES (1698, 'Oscillation, Heuristic Ordering and Pruning in Neighborhood Search.', '506-518', NULL, 51);
INSERT INTO Person (PersonId, Name) VALUES (2925, 'Jean-Marc Labat');
INSERT INTO RelationPersonInProceeding (PersonId, InProceedingId) VALUES (2925, 1698);
INSERT INTO Person (PersonId, Name) VALUES (2926, 'Laurent Mynard');
INSERT INTO RelationPersonInProceeding (PersonId, InProceedingId) VALUES (2926, 1698);
INSERT INTO InProceeding (InProceedingId, Title, Pages, Url, ProceedingId) VALUES (1699, 'An Eperimental Comparison of Three Modified DeltaBlue Algorithms.', '425-435', NULL, NULL);
INSERT INTO Person (PersonId, Name) VALUES (2927, 'Takehiro Tokuda');
INSERT INTO RelationPersonInProceeding (PersonId, InProceedingId) VALUES (2927, 1699);
INSERT INTO Person (PersonId, Name) VALUES (2928, 'Tetsuya Suzuki');
INSERT INTO RelationPersonInProceeding (PersonId, InProceedingId) VALUES (2928, 1699);
INSERT INTO Person (PersonId, Name) VALUES (2929, 'Nobuo Kakinuma');
INSERT INTO RelationPersonInProceeding (PersonId, InProceedingId) VALUES (2929, 1699);
INSERT INTO InProceeding (InProceedingId, Title, Pages, Url, ProceedingId) VALUES (1700, 'Symmetry Breaking Revisited.', '446-461', NULL, 56);
INSERT INTO RelationPersonInProceeding (PersonId, InProceedingId) VALUES (2687, 1700);
INSERT INTO InProceeding (InProceedingId, Title, Pages, Url, ProceedingId) VALUES (1701, 'Applications of Constraint Programming.', '647-650', NULL, 50);
INSERT INTO RelationPersonInProceeding (PersonId, InProceedingId) VALUES (2687, 1701);
INSERT INTO InProceeding (InProceedingId, Title, Pages, Url, ProceedingId) VALUES (1702, 'Network Flow Problems in Constraint Programming.', '196-210', NULL, 55);
INSERT INTO Person (PersonId, Name) VALUES (2930, 'Nicolai Pisaruk');
INSERT INTO RelationPersonInProceeding (PersonId, InProceedingId) VALUES (2930, 1702);
INSERT INTO Person (PersonId, Name) VALUES (2931, 'Alexander Bockmayr');
INSERT INTO RelationPersonInProceeding (PersonId, InProceedingId) VALUES (2931, 1702);
INSERT INTO Person (PersonId, Name) VALUES (2932, 'Abderrahmane Aggoun');
INSERT INTO RelationPersonInProceeding (PersonId, InProceedingId) VALUES (2932, 1702);
INSERT INTO InProceeding (InProceedingId, Title, Pages, Url, ProceedingId) VALUES (1703, 'On Forward Checking for Non-binary Constraint Satisfaction.', '88-102', NULL, 53);
INSERT INTO RelationPersonInProceeding (PersonId, InProceedingId) VALUES (2825, 1703);
INSERT INTO RelationPersonInProceeding (PersonId, InProceedingId) VALUES (2785, 1703);
INSERT INTO Person (PersonId, Name) VALUES (2933, 'Pedro Meseguer');
INSERT INTO RelationPersonInProceeding (PersonId, InProceedingId) VALUES (2933, 1703);
INSERT INTO RelationPersonInProceeding (PersonId, InProceedingId) VALUES (2699, 1703);
INSERT INTO InProceeding (InProceedingId, Title, Pages, Url, ProceedingId) VALUES (1704, 'Non-Binary Constraints.', '24-27', NULL, 53);
INSERT INTO RelationPersonInProceeding (PersonId, InProceedingId) VALUES (2699, 1704);
INSERT INTO InProceeding (InProceedingId, Title, Pages, Url, ProceedingId) VALUES (1705, 'Modeling and Solving Distributed Constraint Satisfaction Problems (DCSPs).', '561-562', NULL, NULL);
INSERT INTO RelationPersonInProceeding (PersonId, InProceedingId) VALUES (1474, 1705);
INSERT INTO Person (PersonId, Name) VALUES (2934, 'Gadi Solotorevsky');
INSERT INTO RelationPersonInProceeding (PersonId, InProceedingId) VALUES (2934, 1705);
INSERT INTO Person (PersonId, Name) VALUES (2935, 'Ehud Gudes');
INSERT INTO RelationPersonInProceeding (PersonId, InProceedingId) VALUES (2935, 1705);
INSERT INTO InProceeding (InProceedingId, Title, Pages, Url, ProceedingId) VALUES (1706, 'Boosting Search with Variable Elimination.', '291-305', NULL, 54);
INSERT INTO RelationPersonInProceeding (PersonId, InProceedingId) VALUES (2785, 1706);
INSERT INTO InProceeding (InProceedingId, Title, Pages, Url, ProceedingId) VALUES (1707, 'A Constraint Engine for Manufacturing Process Planning.', '745-759', NULL, 55);
INSERT INTO Person (PersonId, Name) VALUES (2936, 'Jzsef Vncza');
INSERT INTO RelationPersonInProceeding (PersonId, InProceedingId) VALUES (2936, 1707);
INSERT INTO Person (PersonId, Name) VALUES (2937, 'Andrs Mrkus');
INSERT INTO RelationPersonInProceeding (PersonId, InProceedingId) VALUES (2937, 1707);
INSERT INTO InProceeding (InProceedingId, Title, Pages, Url, ProceedingId) VALUES (1708, 'Global Constraints for Lexicographic Orderings.', '93-108', NULL, 56);
INSERT INTO Person (PersonId, Name) VALUES (2938, 'Alan M. Frisch');
INSERT INTO RelationPersonInProceeding (PersonId, InProceedingId) VALUES (2938, 1708);
INSERT INTO Person (PersonId, Name) VALUES (2939, 'Ian Miguel');
INSERT INTO RelationPersonInProceeding (PersonId, InProceedingId) VALUES (2939, 1708);
INSERT INTO RelationPersonInProceeding (PersonId, InProceedingId) VALUES (1424, 1708);
INSERT INTO Person (PersonId, Name) VALUES (2940, 'Zeynep Kiziltan');
INSERT INTO RelationPersonInProceeding (PersonId, InProceedingId) VALUES (2940, 1708);
INSERT INTO RelationPersonInProceeding (PersonId, InProceedingId) VALUES (2744, 1708);
INSERT INTO InProceeding (InProceedingId, Title, Pages, Url, ProceedingId) VALUES (1709, 'Faster Algorithms for Bound-Consistency of the Sortedness and the Alldifferent Constraint.', '306-319', NULL, 54);
INSERT INTO Person (PersonId, Name) VALUES (2941, 'Kurt Mehlhorn');
INSERT INTO RelationPersonInProceeding (PersonId, InProceedingId) VALUES (2941, 1709);
INSERT INTO Person (PersonId, Name) VALUES (2942, 'Sven Thiel');
INSERT INTO RelationPersonInProceeding (PersonId, InProceedingId) VALUES (2942, 1709);
INSERT INTO InProceeding (InProceedingId, Title, Pages, Url, ProceedingId) VALUES (1710, 'The Generalized Railroad Crossing: Its Symbolic Analysis in CLP(R).', '565-567', NULL, NULL);
INSERT INTO RelationPersonInProceeding (PersonId, InProceedingId) VALUES (2908, 1710);
INSERT INTO InProceeding (InProceedingId, Title, Pages, Url, ProceedingId) VALUES (1711, 'Evaluation of Search Heuristics for Embedded System Scheduling Problems.', '640-654', NULL, 55);
INSERT INTO Person (PersonId, Name) VALUES (2943, 'Cecilia Ekelin');
INSERT INTO RelationPersonInProceeding (PersonId, InProceedingId) VALUES (2943, 1711);
INSERT INTO Person (PersonId, Name) VALUES (2944, 'Jan Jonsson');
INSERT INTO RelationPersonInProceeding (PersonId, InProceedingId) VALUES (2944, 1711);
INSERT INTO InProceeding (InProceedingId, Title, Pages, Url, ProceedingId) VALUES (1712, 'A Constraint Programming Approach for Solving Rigid Geometric Systems.', '233-248', NULL, 54);
INSERT INTO RelationPersonInProceeding (PersonId, InProceedingId) VALUES (2467, 1712);
INSERT INTO Person (PersonId, Name) VALUES (2945, 'Gilles Trombettoni');
INSERT INTO RelationPersonInProceeding (PersonId, InProceedingId) VALUES (2945, 1712);
INSERT INTO RelationPersonInProceeding (PersonId, InProceedingId) VALUES (2923, 1712);
INSERT INTO Person (PersonId, Name) VALUES (2946, 'Christophe Jermann');
INSERT INTO RelationPersonInProceeding (PersonId, InProceedingId) VALUES (2946, 1712);
INSERT INTO InProceeding (InProceedingId, Title, Pages, Url, ProceedingId) VALUES (1713, 'Localizer: A Modeling Language for Local Search.', '237-251', NULL, 51);
INSERT INTO Person (PersonId, Name) VALUES (2947, 'Laurent Michel');
INSERT INTO RelationPersonInProceeding (PersonId, InProceedingId) VALUES (2947, 1713);
INSERT INTO RelationPersonInProceeding (PersonId, InProceedingId) VALUES (2690, 1713);
INSERT INTO InProceeding (InProceedingId, Title, Pages, Url, ProceedingId) VALUES (1714, 'Interval Methods for Non-linear Constraints.', '371', NULL, 51);
INSERT INTO RelationPersonInProceeding (PersonId, InProceedingId) VALUES (2947, 1714);
INSERT INTO RelationPersonInProceeding (PersonId, InProceedingId) VALUES (2687, 1714);
INSERT INTO InProceeding (InProceedingId, Title, Pages, Url, ProceedingId) VALUES (1715, 'On Completion of Constraint Handling Rules.', '25-39', NULL, 52);
INSERT INTO RelationPersonInProceeding (PersonId, InProceedingId) VALUES (2720, 1715);
INSERT INTO RelationPersonInProceeding (PersonId, InProceedingId) VALUES (2703, 1715);
INSERT INTO InProceeding (InProceedingId, Title, Pages, Url, ProceedingId) VALUES (1716, 'Operational Equivalence of CHR Programs and Constraints.', '43-57', NULL, 53);
INSERT INTO RelationPersonInProceeding (PersonId, InProceedingId) VALUES (2720, 1716);
INSERT INTO RelationPersonInProceeding (PersonId, InProceedingId) VALUES (2703, 1716);
INSERT INTO InProceeding (InProceedingId, Title, Pages, Url, ProceedingId) VALUES (1717, 'Automatic Generation of Propagation Rules for Finite Domains.', '18-34', NULL, 54);
INSERT INTO RelationPersonInProceeding (PersonId, InProceedingId) VALUES (2703, 1717);
INSERT INTO Person (PersonId, Name) VALUES (2948, 'Christophe Rigotti');
INSERT INTO RelationPersonInProceeding (PersonId, InProceedingId) VALUES (2948, 1717);
INSERT INTO InProceeding (InProceedingId, Title, Pages, Url, ProceedingId) VALUES (1718, 'Towards Inductive Constraint Solving.', '31-45', NULL, 55);
INSERT INTO RelationPersonInProceeding (PersonId, InProceedingId) VALUES (2703, 1718);
INSERT INTO RelationPersonInProceeding (PersonId, InProceedingId) VALUES (2948, 1718);
INSERT INTO InProceeding (InProceedingId, Title, Pages, Url, ProceedingId) VALUES (1719, 'Learning and Solving Soft Temporal Constraints: An Experimental Study.', '249-263', NULL, 56);
INSERT INTO Person (PersonId, Name) VALUES (2949, 'Robert A. Morris');
INSERT INTO RelationPersonInProceeding (PersonId, InProceedingId) VALUES (2949, 1719);
INSERT INTO Person (PersonId, Name) VALUES (2950, 'Kristen B. Venable');
INSERT INTO RelationPersonInProceeding (PersonId, InProceedingId) VALUES (2950, 1719);
INSERT INTO RelationPersonInProceeding (PersonId, InProceedingId) VALUES (2683, 1719);
INSERT INTO Person (PersonId, Name) VALUES (2951, 'Alessandro Sperduti');
INSERT INTO RelationPersonInProceeding (PersonId, InProceedingId) VALUES (2951, 1719);
INSERT INTO Person (PersonId, Name) VALUES (2952, 'Paul H. Morris');
INSERT INTO RelationPersonInProceeding (PersonId, InProceedingId) VALUES (2952, 1719);
INSERT INTO RelationPersonInProceeding (PersonId, InProceedingId) VALUES (1360, 1719);
INSERT INTO InProceeding (InProceedingId, Title, Pages, Url, ProceedingId) VALUES (1720, 'GENIUS-CP: a Generic Single-Vehicle Routing Algorithm.', '420-434', NULL, 51);
INSERT INTO RelationPersonInProceeding (PersonId, InProceedingId) VALUES (2704, 1720);
INSERT INTO Person (PersonId, Name) VALUES (2953, 'Jean-Marc Rousseau');
INSERT INTO RelationPersonInProceeding (PersonId, InProceedingId) VALUES (2953, 1720);
INSERT INTO RelationPersonInProceeding (PersonId, InProceedingId) VALUES (2705, 1720);
INSERT INTO InProceeding (InProceedingId, Title, Pages, Url, ProceedingId) VALUES (1721, 'A Relational Constraint Solver for Model-Based Engineering.', '696-701', NULL, 56);
INSERT INTO RelationPersonInProceeding (PersonId, InProceedingId) VALUES (2842, 1721);
INSERT INTO Person (PersonId, Name) VALUES (2954, 'Jakob Mauss');
INSERT INTO RelationPersonInProceeding (PersonId, InProceedingId) VALUES (2954, 1721);
INSERT INTO Person (PersonId, Name) VALUES (2955, 'Mugur M. Tatar');
INSERT INTO RelationPersonInProceeding (PersonId, InProceedingId) VALUES (2955, 1721);
INSERT INTO InProceeding (InProceedingId, Title, Pages, Url, ProceedingId) VALUES (1722, 'An Impartial Efficiency Comparison of FD Constraint Systems.', '468', NULL, 52);
INSERT INTO Person (PersonId, Name) VALUES (2956, 'Antonio Fernndez');
INSERT INTO RelationPersonInProceeding (PersonId, InProceedingId) VALUES (2956, 1722);
INSERT INTO Person (PersonId, Name) VALUES (2957, 'Patricia M. Hill');
INSERT INTO RelationPersonInProceeding (PersonId, InProceedingId) VALUES (2957, 1722);
INSERT INTO InProceeding (InProceedingId, Title, Pages, Url, ProceedingId) VALUES (1723, 'Frequency Assignment for Cellular Mobile Systems Using Constraint Satisfaction Techniques.', '490-491', NULL, 53);
INSERT INTO RelationPersonInProceeding (PersonId, InProceedingId) VALUES (2780, 1723);
INSERT INTO RelationPersonInProceeding (PersonId, InProceedingId) VALUES (2752, 1723);
INSERT INTO InProceeding (InProceedingId, Title, Pages, Url, ProceedingId) VALUES (1724, 'An Empirical Study of Dynamic Variable Ordering Heuristics for the Constraint Satisfaction Problem.', '179-193', NULL, NULL);
INSERT INTO RelationPersonInProceeding (PersonId, InProceedingId) VALUES (2905, 1724);
INSERT INTO RelationPersonInProceeding (PersonId, InProceedingId) VALUES (1424, 1724);
INSERT INTO RelationPersonInProceeding (PersonId, InProceedingId) VALUES (2853, 1724);
INSERT INTO RelationPersonInProceeding (PersonId, InProceedingId) VALUES (2790, 1724);
INSERT INTO RelationPersonInProceeding (PersonId, InProceedingId) VALUES (2855, 1724);
INSERT INTO InProceeding (InProceedingId, Title, Pages, Url, ProceedingId) VALUES (1725, 'Cutting Planes in Constraint Programming: A Hybrid Approach.', '187-201', NULL, 54);
INSERT INTO Person (PersonId, Name) VALUES (2958, 'Filippo Focacci');
INSERT INTO RelationPersonInProceeding (PersonId, InProceedingId) VALUES (2958, 1725);
INSERT INTO Person (PersonId, Name) VALUES (2959, 'Andrea Lodi');
INSERT INTO RelationPersonInProceeding (PersonId, InProceedingId) VALUES (2959, 1725);
INSERT INTO Person (PersonId, Name) VALUES (2960, 'Michela Milano');
INSERT INTO RelationPersonInProceeding (PersonId, InProceedingId) VALUES (2960, 1725);
INSERT INTO InProceeding (InProceedingId, Title, Pages, Url, ProceedingId) VALUES (1726, 'Cost-Based Domain Filtering.', '189-203', NULL, 53);
INSERT INTO RelationPersonInProceeding (PersonId, InProceedingId) VALUES (2958, 1726);
INSERT INTO RelationPersonInProceeding (PersonId, InProceedingId) VALUES (2959, 1726);
INSERT INTO RelationPersonInProceeding (PersonId, InProceedingId) VALUES (2960, 1726);
INSERT INTO InProceeding (InProceedingId, Title, Pages, Url, ProceedingId) VALUES (1727, 'Compiling Constraint Solving using Projection.', '491-505', NULL, 51);
INSERT INTO RelationPersonInProceeding (PersonId, InProceedingId) VALUES (2383, 1727);
INSERT INTO RelationPersonInProceeding (PersonId, InProceedingId) VALUES (2538, 1727);
INSERT INTO RelationPersonInProceeding (PersonId, InProceedingId) VALUES (2786, 1727);
INSERT INTO InProceeding (InProceedingId, Title, Pages, Url, ProceedingId) VALUES (1728, 'A Language for Audiovisual Template Specification and Recognition.', '128-142', NULL, 54);
INSERT INTO Person (PersonId, Name) VALUES (2961, 'Rmi Ronfard');
INSERT INTO RelationPersonInProceeding (PersonId, InProceedingId) VALUES (2961, 1728);
INSERT INTO Person (PersonId, Name) VALUES (2962, 'Pierre Roy');
INSERT INTO RelationPersonInProceeding (PersonId, InProceedingId) VALUES (2962, 1728);
INSERT INTO Person (PersonId, Name) VALUES (2963, 'Franois Pachet');
INSERT INTO RelationPersonInProceeding (PersonId, InProceedingId) VALUES (2963, 1728);
INSERT INTO Person (PersonId, Name) VALUES (2964, 'Jean Carrive');
INSERT INTO RelationPersonInProceeding (PersonId, InProceedingId) VALUES (2964, 1728);
INSERT INTO InProceeding (InProceedingId, Title, Pages, Url, ProceedingId) VALUES (1729, 'Amplification of Search Performance through Randomization of Heuristics.', '124-138', NULL, 56);
INSERT INTO Person (PersonId, Name) VALUES (2965, 'Stephen F. Smith');
INSERT INTO RelationPersonInProceeding (PersonId, InProceedingId) VALUES (2965, 1729);
INSERT INTO Person (PersonId, Name) VALUES (2966, 'Vincent A. Cicirello');
INSERT INTO RelationPersonInProceeding (PersonId, InProceedingId) VALUES (2966, 1729);
INSERT INTO InProceeding (InProceedingId, Title, Pages, Url, ProceedingId) VALUES (1730, 'Symmetry Breaking.', '93-107', NULL, 55);
INSERT INTO Person (PersonId, Name) VALUES (2967, 'Meinolf Sellmann');
INSERT INTO RelationPersonInProceeding (PersonId, InProceedingId) VALUES (2967, 1730);
INSERT INTO Person (PersonId, Name) VALUES (2968, 'Stefan Schamberger');
INSERT INTO RelationPersonInProceeding (PersonId, InProceedingId) VALUES (2968, 1730);
INSERT INTO Person (PersonId, Name) VALUES (2969, 'Torsten Fahle');
INSERT INTO RelationPersonInProceeding (PersonId, InProceedingId) VALUES (2969, 1730);
INSERT INTO InProceeding (InProceedingId, Title, Pages, Url, ProceedingId) VALUES (1731, 'Polynomial Restrictions of SAT: What Can Be Done with an Efficient Implementation of the Davis and Putnam$1s Procedure?', '515-532', NULL, 50);
INSERT INTO Person (PersonId, Name) VALUES (2970, 'Antoine Rauzy');
INSERT INTO RelationPersonInProceeding (PersonId, InProceedingId) VALUES (2970, 1731);
INSERT INTO InProceeding (InProceedingId, Title, Pages, Url, ProceedingId) VALUES (1732, 'Communication and Computation in Distributed CSP Algorithms.', '664-679', NULL, 56);
INSERT INTO Person (PersonId, Name) VALUES (2971, 'Ramn Bjar');
INSERT INTO RelationPersonInProceeding (PersonId, InProceedingId) VALUES (2971, 1732);
INSERT INTO Person (PersonId, Name) VALUES (2972, 'Csar Fernndez');
INSERT INTO RelationPersonInProceeding (PersonId, InProceedingId) VALUES (2972, 1732);
INSERT INTO RelationPersonInProceeding (PersonId, InProceedingId) VALUES (2706, 1732);
INSERT INTO Person (PersonId, Name) VALUES (2973, 'Bhaskar Krishnamachari');
INSERT INTO RelationPersonInProceeding (PersonId, InProceedingId) VALUES (2973, 1732);
INSERT INTO InProceeding (InProceedingId, Title, Pages, Url, ProceedingId) VALUES (1733, 'A Hybrid Approach for SAT.', '172-184', NULL, 56);
INSERT INTO Person (PersonId, Name) VALUES (2974, 'Laure Devendeville');
INSERT INTO RelationPersonInProceeding (PersonId, InProceedingId) VALUES (2974, 1733);
INSERT INTO RelationPersonInProceeding (PersonId, InProceedingId) VALUES (2774, 1733);
INSERT INTO Person (PersonId, Name) VALUES (2975, 'Michel Vasquez');
INSERT INTO RelationPersonInProceeding (PersonId, InProceedingId) VALUES (2975, 1733);
INSERT INTO Person (PersonId, Name) VALUES (2976, 'Djamal Habet');
INSERT INTO RelationPersonInProceeding (PersonId, InProceedingId) VALUES (2976, 1733);
INSERT INTO InProceeding (InProceedingId, Title, Pages, Url, ProceedingId) VALUES (1734, 'Automatic Generation of Music Programs.', '331-345', NULL, 53);
INSERT INTO RelationPersonInProceeding (PersonId, InProceedingId) VALUES (2962, 1734);
INSERT INTO RelationPersonInProceeding (PersonId, InProceedingId) VALUES (2963, 1734);
INSERT INTO InProceeding (InProceedingId, Title, Pages, Url, ProceedingId) VALUES (1735, 'Random Constraint Satisfaction: Theory Meets Practice.', '325-339', NULL, 52);
INSERT INTO RelationPersonInProceeding (PersonId, InProceedingId) VALUES (2905, 1735);
INSERT INTO RelationPersonInProceeding (PersonId, InProceedingId) VALUES (1424, 1735);
INSERT INTO RelationPersonInProceeding (PersonId, InProceedingId) VALUES (2853, 1735);
INSERT INTO RelationPersonInProceeding (PersonId, InProceedingId) VALUES (2855, 1735);
INSERT INTO InProceeding (InProceedingId, Title, Pages, Url, ProceedingId) VALUES (1736, 'An Arc-Consistency Algorithm for the Minimum Weight All Different Constraint.', '744-749', NULL, 56);
INSERT INTO RelationPersonInProceeding (PersonId, InProceedingId) VALUES (2967, 1736);
INSERT INTO InProceeding (InProceedingId, Title, Pages, Url, ProceedingId) VALUES (1737, 'Branch-and-Check: A Hybrid Framework Integrating Mixed Integer Programming and Constraint Logic Programming.', '16-30', NULL, 55);
INSERT INTO Person (PersonId, Name) VALUES (2977, 'Erlendur S. Thorsteinsson');
INSERT INTO RelationPersonInProceeding (PersonId, InProceedingId) VALUES (2977, 1737);
INSERT INTO InProceeding (InProceedingId, Title, Pages, Url, ProceedingId) VALUES (1738, 'Constraint Programming and Industrial Applications.', '640-642', NULL, 50);
INSERT INTO Person (PersonId, Name) VALUES (2978, 'Touravane');
INSERT INTO RelationPersonInProceeding (PersonId, InProceedingId) VALUES (2978, 1738);
INSERT INTO InProceeding (InProceedingId, Title, Pages, Url, ProceedingId) VALUES (1739, 'Sweep as a Generic Pruning Technique Applied to the Non-overlapping Rectangles Constraint.', '377-391', NULL, 55);
INSERT INTO Person (PersonId, Name) VALUES (2979, 'Mats Carlsson');
INSERT INTO RelationPersonInProceeding (PersonId, InProceedingId) VALUES (2979, 1739);
INSERT INTO Person (PersonId, Name) VALUES (2980, 'Nicolas Beldiceanu');
INSERT INTO RelationPersonInProceeding (PersonId, InProceedingId) VALUES (2980, 1739);
INSERT INTO InProceeding (InProceedingId, Title, Pages, Url, ProceedingId) VALUES (1740, 'A New Multi-resource cumulatives Constraint with Negative Heights.', '63-79', NULL, 56);
INSERT INTO RelationPersonInProceeding (PersonId, InProceedingId) VALUES (2979, 1740);
INSERT INTO RelationPersonInProceeding (PersonId, InProceedingId) VALUES (2980, 1740);
INSERT INTO InProceeding (InProceedingId, Title, Pages, Url, ProceedingId) VALUES (1741, 'An Incremental and Non-binary CSP Solver: The Hyperpolyhedron Search Algorithm.', '779', NULL, 55);
INSERT INTO Person (PersonId, Name) VALUES (2981, 'Federico Barber');
INSERT INTO RelationPersonInProceeding (PersonId, InProceedingId) VALUES (2981, 1741);
INSERT INTO Person (PersonId, Name) VALUES (2982, 'Miguel A. Salido');
INSERT INTO RelationPersonInProceeding (PersonId, InProceedingId) VALUES (2982, 1741);
INSERT INTO InProceeding (InProceedingId, Title, Pages, Url, ProceedingId) VALUES (1742, 'Disjunctive and Continuous Constraint Satisfaction Problems.', '768', NULL, 56);
INSERT INTO RelationPersonInProceeding (PersonId, InProceedingId) VALUES (2981, 1742);
INSERT INTO RelationPersonInProceeding (PersonId, InProceedingId) VALUES (2982, 1742);
INSERT INTO InProceeding (InProceedingId, Title, Pages, Url, ProceedingId) VALUES (1743, 'Constraint-Based Verification of Client-Server Protocols.', '286-301', NULL, 55);
INSERT INTO Person (PersonId, Name) VALUES (2983, 'Tevfik Bultan');
INSERT INTO RelationPersonInProceeding (PersonId, InProceedingId) VALUES (2983, 1743);
INSERT INTO Person (PersonId, Name) VALUES (2984, 'Giorgio Delzanno');
INSERT INTO RelationPersonInProceeding (PersonId, InProceedingId) VALUES (2984, 1743);
INSERT INTO InProceeding (InProceedingId, Title, Pages, Url, ProceedingId) VALUES (1744, 'Arc Consistency for Global Cardinality Constraints with Costs.', '390-404', NULL, 53);
INSERT INTO RelationPersonInProceeding (PersonId, InProceedingId) VALUES (2870, 1744);
INSERT INTO InProceeding (InProceedingId, Title, Pages, Url, ProceedingId) VALUES (1745, 'A Constraint Optimization Framework for Mapping a Digital Signal Processing Application onto a Parallel Architecture.', '701-715', NULL, 55);
INSERT INTO Person (PersonId, Name) VALUES (2985, 'Pierre Savant');
INSERT INTO RelationPersonInProceeding (PersonId, InProceedingId) VALUES (2985, 1745);
INSERT INTO Person (PersonId, Name) VALUES (2986, 'Nicolas Museux');
INSERT INTO RelationPersonInProceeding (PersonId, InProceedingId) VALUES (2986, 1745);
INSERT INTO Person (PersonId, Name) VALUES (2987, 'Simon de Givry');
INSERT INTO RelationPersonInProceeding (PersonId, InProceedingId) VALUES (2987, 1745);
INSERT INTO Person (PersonId, Name) VALUES (2988, 'J. Jourdan');
INSERT INTO RelationPersonInProceeding (PersonId, InProceedingId) VALUES (2988, 1745);
INSERT INTO Person (PersonId, Name) VALUES (2989, 'Juliette Mattioli');
INSERT INTO RelationPersonInProceeding (PersonId, InProceedingId) VALUES (2989, 1745);
INSERT INTO InProceeding (InProceedingId, Title, Pages, Url, ProceedingId) VALUES (1746, 'An Interval Constraint Approach to Handle Parametric Ordinary Differential Equations for Decision Support.', '478-479', NULL, 53);
INSERT INTO RelationPersonInProceeding (PersonId, InProceedingId) VALUES (2390, 1746);
INSERT INTO Person (PersonId, Name) VALUES (2990, 'Jorge Cruz');
INSERT INTO RelationPersonInProceeding (PersonId, InProceedingId) VALUES (2990, 1746);
INSERT INTO InProceeding (InProceedingId, Title, Pages, Url, ProceedingId) VALUES (1747, 'The CHIP System and Its Applications.', '643-646', NULL, 50);
INSERT INTO Person (PersonId, Name) VALUES (2991, 'Helmut Simonis');
INSERT INTO RelationPersonInProceeding (PersonId, InProceedingId) VALUES (2991, 1747);
INSERT INTO InProceeding (InProceedingId, Title, Pages, Url, ProceedingId) VALUES (1748, 'From Elliott-MacMahon to an Algorithm for General Linear Constraints on Naturals.', '18-35', NULL, 50);
INSERT INTO Person (PersonId, Name) VALUES (2992, 'Ana Paula Toms');
INSERT INTO RelationPersonInProceeding (PersonId, InProceedingId) VALUES (2992, 1748);
INSERT INTO Person (PersonId, Name) VALUES (2993, 'Eric Domenjoud');
INSERT INTO RelationPersonInProceeding (PersonId, InProceedingId) VALUES (2993, 1748);
INSERT INTO InProceeding (InProceedingId, Title, Pages, Url, ProceedingId) VALUES (1749, 'Looking at Full Looking Ahead.', '539-540', NULL, NULL);
INSERT INTO Person (PersonId, Name) VALUES (2994, 'Daniel Frost');
INSERT INTO RelationPersonInProceeding (PersonId, InProceedingId) VALUES (2994, 1749);
INSERT INTO RelationPersonInProceeding (PersonId, InProceedingId) VALUES (2689, 1749);
INSERT INTO InProceeding (InProceedingId, Title, Pages, Url, ProceedingId) VALUES (1750, 'Optimizing with Constraints: A Case Study in Scheduling Maintenance of Electric Power Units.', '469', NULL, 52);
INSERT INTO RelationPersonInProceeding (PersonId, InProceedingId) VALUES (2994, 1750);
INSERT INTO RelationPersonInProceeding (PersonId, InProceedingId) VALUES (2689, 1750);
INSERT INTO InProceeding (InProceedingId, Title, Pages, Url, ProceedingId) VALUES (1751, 'An Empirical Study of Probabilistic Arc Consistency.', '525-530', NULL, 54);
INSERT INTO RelationPersonInProceeding (PersonId, InProceedingId) VALUES (1447, 1751);
INSERT INTO RelationPersonInProceeding (PersonId, InProceedingId) VALUES (1449, 1751);
INSERT INTO InProceeding (InProceedingId, Title, Pages, Url, ProceedingId) VALUES (1752, 'Structural Constraint-Based Modeling and Reasoning with Basic Configuration Cells.', '595-599', NULL, 55);
INSERT INTO RelationPersonInProceeding (PersonId, InProceedingId) VALUES (925, 1752);
INSERT INTO Person (PersonId, Name) VALUES (2995, 'Juan A. Ortega');
INSERT INTO RelationPersonInProceeding (PersonId, InProceedingId) VALUES (2995, 1752);
INSERT INTO Person (PersonId, Name) VALUES (2996, 'Rafael M. Gasca');
INSERT INTO RelationPersonInProceeding (PersonId, InProceedingId) VALUES (2996, 1752);
INSERT INTO InProceeding (InProceedingId, Title, Pages, Url, ProceedingId) VALUES (1753, 'A Composistional Theory of Constraint Hierarchies.', '189-206', NULL, 58);
INSERT INTO RelationPersonInProceeding (PersonId, InProceedingId) VALUES (2913, 1753);
INSERT INTO InProceeding (InProceedingId, Title, Pages, Url, ProceedingId) VALUES (1754, 'Specializing Russian Doll Search.', '464-478', NULL, 55);
INSERT INTO Person (PersonId, Name) VALUES (2997, 'Mart Snchez');
INSERT INTO RelationPersonInProceeding (PersonId, InProceedingId) VALUES (2997, 1754);
INSERT INTO RelationPersonInProceeding (PersonId, InProceedingId) VALUES (2933, 1754);
INSERT INTO InProceeding (InProceedingId, Title, Pages, Url, ProceedingId) VALUES (1755, 'N-Ary Consistencies and Constraint-Based Backtracking.', '551-552', NULL, NULL);
INSERT INTO Person (PersonId, Name) VALUES (2998, 'Pierre-Paul Mrel');
INSERT INTO RelationPersonInProceeding (PersonId, InProceedingId) VALUES (2998, 1755);
INSERT INTO Person (PersonId, Name) VALUES (2999, 'Zineb Habbas');
INSERT INTO RelationPersonInProceeding (PersonId, InProceedingId) VALUES (2999, 1755);
INSERT INTO Person (PersonId, Name) VALUES (3000, 'Francine Hermann');
INSERT INTO RelationPersonInProceeding (PersonId, InProceedingId) VALUES (3000, 1755);
INSERT INTO Person (PersonId, Name) VALUES (3001, 'Daniel Singer');
INSERT INTO RelationPersonInProceeding (PersonId, InProceedingId) VALUES (3001, 1755);
INSERT INTO InProceeding (InProceedingId, Title, Pages, Url, ProceedingId) VALUES (1756, 'Heuristic Constraint Propagation.', '738-743', NULL, 56);
INSERT INTO RelationPersonInProceeding (PersonId, InProceedingId) VALUES (2538, 1756);
INSERT INTO RelationPersonInProceeding (PersonId, InProceedingId) VALUES (2967, 1756);
INSERT INTO InProceeding (InProceedingId, Title, Pages, Url, ProceedingId) VALUES (1757, 'Bridging the Gap between SAT and CSP.', '784-785', NULL, 56);
INSERT INTO Person (PersonId, Name) VALUES (3002, 'Felip Many');
INSERT INTO RelationPersonInProceeding (PersonId, InProceedingId) VALUES (3002, 1757);
INSERT INTO Person (PersonId, Name) VALUES (3003, 'Carlos Anstegui');
INSERT INTO RelationPersonInProceeding (PersonId, InProceedingId) VALUES (3003, 1757);
INSERT INTO InProceeding (InProceedingId, Title, Pages, Url, ProceedingId) VALUES (1758, 'Speeding Up Constraint Propagation By Redundant Modeling.', '91-103', NULL, NULL);
INSERT INTO Person (PersonId, Name) VALUES (3004, 'J. C. K. Wu');
INSERT INTO RelationPersonInProceeding (PersonId, InProceedingId) VALUES (3004, 1758);
INSERT INTO Person (PersonId, Name) VALUES (3005, 'B. M. W. Cheng');
INSERT INTO RelationPersonInProceeding (PersonId, InProceedingId) VALUES (3005, 1758);
INSERT INTO RelationPersonInProceeding (PersonId, InProceedingId) VALUES (2795, 1758);
INSERT INTO InProceeding (InProceedingId, Title, Pages, Url, ProceedingId) VALUES (1759, 'Semantics and Expressive Power of a Timed Concurrent Constraint Language.', '47-61', NULL, 51);
INSERT INTO Person (PersonId, Name) VALUES (3006, 'Frank S. de Boer');
INSERT INTO RelationPersonInProceeding (PersonId, InProceedingId) VALUES (3006, 1759);
INSERT INTO Person (PersonId, Name) VALUES (3007, 'Maria Chiara Meo');
INSERT INTO RelationPersonInProceeding (PersonId, InProceedingId) VALUES (3007, 1759);
INSERT INTO Person (PersonId, Name) VALUES (3008, 'Maurizio Gabbrielli');
INSERT INTO RelationPersonInProceeding (PersonId, InProceedingId) VALUES (3008, 1759);
INSERT INTO InProceeding (InProceedingId, Title, Pages, Url, ProceedingId) VALUES (1760, 'Learning the Empirical Hardness of Optimization Problems: The Case of Combinatorial Auctions.', '556-572', NULL, 56);
INSERT INTO Person (PersonId, Name) VALUES (3009, 'Kevin Leyton-Brown');
INSERT INTO RelationPersonInProceeding (PersonId, InProceedingId) VALUES (3009, 1760);
INSERT INTO Person (PersonId, Name) VALUES (3010, 'Eugene Nudelman');
INSERT INTO RelationPersonInProceeding (PersonId, InProceedingId) VALUES (3010, 1760);
INSERT INTO Person (PersonId, Name) VALUES (3011, 'Yoav Shoham');
INSERT INTO RelationPersonInProceeding (PersonId, InProceedingId) VALUES (3011, 1760);
INSERT INTO InProceeding (InProceedingId, Title, Pages, Url, ProceedingId) VALUES (1761, 'Open Constraint Satisfaction.', '356-370', NULL, 56);
INSERT INTO Person (PersonId, Name) VALUES (3012, 'Santiago Macho-Gonzalez');
INSERT INTO RelationPersonInProceeding (PersonId, InProceedingId) VALUES (3012, 1761);
INSERT INTO RelationPersonInProceeding (PersonId, InProceedingId) VALUES (1212, 1761);
INSERT INTO InProceeding (InProceedingId, Title, Pages, Url, ProceedingId) VALUES (1762, 'Aircraft Assignment Using Constraint Programming.', '768', NULL, 55);
INSERT INTO Person (PersonId, Name) VALUES (3013, 'Erik Kilborn');
INSERT INTO RelationPersonInProceeding (PersonId, InProceedingId) VALUES (3013, 1762);
INSERT INTO InProceeding (InProceedingId, Title, Pages, Url, ProceedingId) VALUES (1763, 'The Non-existence of (3, 1, 2)-Conjugate Orthogonal Idempotent Latin Square of Order 10.', '108-120', NULL, 55);
INSERT INTO Person (PersonId, Name) VALUES (3014, 'Olivier Dubois');
INSERT INTO RelationPersonInProceeding (PersonId, InProceedingId) VALUES (3014, 1763);
INSERT INTO Person (PersonId, Name) VALUES (3015, 'Gilles Dequen');
INSERT INTO RelationPersonInProceeding (PersonId, InProceedingId) VALUES (3015, 1763);
INSERT INTO InProceeding (InProceedingId, Title, Pages, Url, ProceedingId) VALUES (1764, 'Optimized Q-pivot for Exact Linear Solvers.', '55-71', NULL, 52);
INSERT INTO Person (PersonId, Name) VALUES (3016, 'David-Olivier Azulay');
INSERT INTO RelationPersonInProceeding (PersonId, InProceedingId) VALUES (3016, 1764);
INSERT INTO Person (PersonId, Name) VALUES (3017, 'Jean Franois Pique');
INSERT INTO RelationPersonInProceeding (PersonId, InProceedingId) VALUES (3017, 1764);
INSERT INTO InProceeding (InProceedingId, Title, Pages, Url, ProceedingId) VALUES (1765, 'Singleton Consistencies.', '353-368', NULL, 54);
INSERT INTO RelationPersonInProceeding (PersonId, InProceedingId) VALUES (1424, 1765);
INSERT INTO RelationPersonInProceeding (PersonId, InProceedingId) VALUES (2853, 1765);
INSERT INTO Person (PersonId, Name) VALUES (3018, 'Kostas Stergiou');
INSERT INTO RelationPersonInProceeding (PersonId, InProceedingId) VALUES (3018, 1765);
INSERT INTO InProceeding (InProceedingId, Title, Pages, Url, ProceedingId) VALUES (1766, 'Automatic Generation of Implied Clauses for SAT.', '783', NULL, 56);
INSERT INTO RelationPersonInProceeding (PersonId, InProceedingId) VALUES (2938, 1766);
INSERT INTO RelationPersonInProceeding (PersonId, InProceedingId) VALUES (1424, 1766);
INSERT INTO Person (PersonId, Name) VALUES (3019, 'Lyndon Drake');
INSERT INTO RelationPersonInProceeding (PersonId, InProceedingId) VALUES (3019, 1766);
INSERT INTO InProceeding (InProceedingId, Title, Pages, Url, ProceedingId) VALUES (1767, 'Modelling Exceptionally Hard Constraint Satisfaction Problems.', '182-195', NULL, 51);
INSERT INTO Person (PersonId, Name) VALUES (3020, 'Stuart A. Grant');
INSERT INTO RelationPersonInProceeding (PersonId, InProceedingId) VALUES (3020, 1767);
INSERT INTO RelationPersonInProceeding (PersonId, InProceedingId) VALUES (2855, 1767);
INSERT INTO InProceeding (InProceedingId, Title, Pages, Url, ProceedingId) VALUES (1768, 'Scheduling an Asynchronously Shared Resource.', '563-564', NULL, NULL);
INSERT INTO Person (PersonId, Name) VALUES (3021, 'Douglas R. Smith');
INSERT INTO RelationPersonInProceeding (PersonId, InProceedingId) VALUES (3021, 1768);
INSERT INTO Person (PersonId, Name) VALUES (3022, 'Stephen J. Westfold');
INSERT INTO RelationPersonInProceeding (PersonId, InProceedingId) VALUES (3022, 1768);
INSERT INTO InProceeding (InProceedingId, Title, Pages, Url, ProceedingId) VALUES (1769, 'To Guess or to Think? Hybrid Algorithms for SAT (Extended Abstract).', '555-556', NULL, NULL);
INSERT INTO RelationPersonInProceeding (PersonId, InProceedingId) VALUES (2689, 1769);
INSERT INTO Person (PersonId, Name) VALUES (3023, 'Irina Rish');
INSERT INTO RelationPersonInProceeding (PersonId, InProceedingId) VALUES (3023, 1769);
INSERT INTO InProceeding (InProceedingId, Title, Pages, Url, ProceedingId) VALUES (1770, 'Statistical Analysis of Backtracking on Inconsistent CSPs.', '150-162', NULL, 51);
INSERT INTO RelationPersonInProceeding (PersonId, InProceedingId) VALUES (2994, 1770);
INSERT INTO RelationPersonInProceeding (PersonId, InProceedingId) VALUES (3023, 1770);
INSERT INTO InProceeding (InProceedingId, Title, Pages, Url, ProceedingId) VALUES (1771, 'Combining Topological and Qualitative Size Constraints for Spatial Reasoning.', '220-234', NULL, 52);
INSERT INTO Person (PersonId, Name) VALUES (3024, 'Alfonso Gerevini');
INSERT INTO RelationPersonInProceeding (PersonId, InProceedingId) VALUES (3024, 1771);
INSERT INTO RelationPersonInProceeding (PersonId, InProceedingId) VALUES (2836, 1771);
INSERT INTO InProceeding (InProceedingId, Title, Pages, Url, ProceedingId) VALUES (1772, 'Global Behaviour for Complex Constraints.', '553-554', NULL, NULL);
INSERT INTO Person (PersonId, Name) VALUES (3025, 'Stphane N$1Dong');
INSERT INTO RelationPersonInProceeding (PersonId, InProceedingId) VALUES (3025, 1772);
INSERT INTO RelationPersonInProceeding (PersonId, InProceedingId) VALUES (2754, 1772);
INSERT INTO InProceeding (InProceedingId, Title, Pages, Url, ProceedingId) VALUES (1773, 'Expressiveness of Full First Order Constraints in the Algebra of Finite or Infinite Trees.', '172-186', NULL, 54);
INSERT INTO RelationPersonInProceeding (PersonId, InProceedingId) VALUES (2912, 1773);
INSERT INTO Person (PersonId, Name) VALUES (3026, 'Thi-Bich-Hanh Dao');
INSERT INTO RelationPersonInProceeding (PersonId, InProceedingId) VALUES (3026, 1773);
INSERT INTO InProceeding (InProceedingId, Title, Pages, Url, ProceedingId) VALUES (1774, 'Improving Cost Calculations for Global Constraints in Local Search.', '772', NULL, 56);
INSERT INTO Person (PersonId, Name) VALUES (3027, 'Markus Bohlin');
INSERT INTO RelationPersonInProceeding (PersonId, InProceedingId) VALUES (3027, 1774);
INSERT INTO InProceeding (InProceedingId, Title, Pages, Url, ProceedingId) VALUES (1775, 'Consistency Techniques in Ordinary Differential Equations.', '162-176', NULL, 52);
INSERT INTO RelationPersonInProceeding (PersonId, InProceedingId) VALUES (2909, 1775);
INSERT INTO RelationPersonInProceeding (PersonId, InProceedingId) VALUES (2910, 1775);
INSERT INTO RelationPersonInProceeding (PersonId, InProceedingId) VALUES (2690, 1775);
INSERT INTO InProceeding (InProceedingId, Title, Pages, Url, ProceedingId) VALUES (1776, 'Constraints, Inference Channels and Secure Databases.', '98-113', NULL, 54);
INSERT INTO RelationPersonInProceeding (PersonId, InProceedingId) VALUES (2813, 1776);
INSERT INTO Person (PersonId, Name) VALUES (3028, 'Csilla Farkas');
INSERT INTO RelationPersonInProceeding (PersonId, InProceedingId) VALUES (3028, 1776);
INSERT INTO Person (PersonId, Name) VALUES (3029, 'Duminda Wijesekera');
INSERT INTO RelationPersonInProceeding (PersonId, InProceedingId) VALUES (3029, 1776);
INSERT INTO Person (PersonId, Name) VALUES (3030, 'Alexander Brodsky');
INSERT INTO RelationPersonInProceeding (PersonId, InProceedingId) VALUES (3030, 1776);
INSERT INTO InProceeding (InProceedingId, Title, Pages, Url, ProceedingId) VALUES (1777, 'Appriximate Algorithms for Maximum Utility Problems.', '547-548', NULL, NULL);
INSERT INTO Person (PersonId, Name) VALUES (3031, 'F. J. Jngen');
INSERT INTO RelationPersonInProceeding (PersonId, InProceedingId) VALUES (3031, 1777);
INSERT INTO Person (PersonId, Name) VALUES (3032, 'W. Kowalczyk');
INSERT INTO RelationPersonInProceeding (PersonId, InProceedingId) VALUES (3032, 1777);
INSERT INTO InProceeding (InProceedingId, Title, Pages, Url, ProceedingId) VALUES (1778, 'An Optimizing Compiler for CLP(R).', '222-239', NULL, 50);
INSERT INTO RelationPersonInProceeding (PersonId, InProceedingId) VALUES (2778, 1778);
INSERT INTO RelationPersonInProceeding (PersonId, InProceedingId) VALUES (2537, 1778);
INSERT INTO RelationPersonInProceeding (PersonId, InProceedingId) VALUES (2383, 1778);
INSERT INTO Person (PersonId, Name) VALUES (3033, 'Andrew D. Kelly');
INSERT INTO RelationPersonInProceeding (PersonId, InProceedingId) VALUES (3033, 1778);
INSERT INTO Person (PersonId, Name) VALUES (3034, 'Andrew D. Macdonald');
INSERT INTO RelationPersonInProceeding (PersonId, InProceedingId) VALUES (3034, 1778);
INSERT INTO Person (PersonId, Name) VALUES (3035, 'Harald Sndergaard');
INSERT INTO RelationPersonInProceeding (PersonId, InProceedingId) VALUES (3035, 1778);
INSERT INTO InProceeding (InProceedingId, Title, Pages, Url, ProceedingId) VALUES (1779, 'Constraint Databases.', '571', NULL, NULL);
INSERT INTO Person (PersonId, Name) VALUES (3036, 'Dina Q. Goldin');
INSERT INTO RelationPersonInProceeding (PersonId, InProceedingId) VALUES (3036, 1779);
INSERT INTO InProceeding (InProceedingId, Title, Pages, Url, ProceedingId) VALUES (1780, 'Implementing Constraint Relaxation over Finite Domains Using Assumption-Based Truth Maintenance Systems.', '265-280', NULL, 58);
INSERT INTO RelationPersonInProceeding (PersonId, InProceedingId) VALUES (2731, 1780);
INSERT INTO Person (PersonId, Name) VALUES (3037, 'Narendra Jussien');
INSERT INTO RelationPersonInProceeding (PersonId, InProceedingId) VALUES (3037, 1780);
INSERT INTO InProceeding (InProceedingId, Title, Pages, Url, ProceedingId) VALUES (1781, 'A Meta Constraint Logic Programming Architecture (Extended Abstract).', '549-550', NULL, NULL);
INSERT INTO RelationPersonInProceeding (PersonId, InProceedingId) VALUES (2488, 1781);
INSERT INTO RelationPersonInProceeding (PersonId, InProceedingId) VALUES (2490, 1781);
INSERT INTO RelationPersonInProceeding (PersonId, InProceedingId) VALUES (2960, 1781);
INSERT INTO InProceeding (InProceedingId, Title, Pages, Url, ProceedingId) VALUES (1782, 'Constraints for Object Recognition in Aerial Images - Handling of Unobserved Features.', '295-309', NULL, 52);
INSERT INTO Person (PersonId, Name) VALUES (3038, 'Thomas H. Kolbe');
INSERT INTO RelationPersonInProceeding (PersonId, InProceedingId) VALUES (3038, 1782);
INSERT INTO InProceeding (InProceedingId, Title, Pages, Url, ProceedingId) VALUES (1783, 'Parallel Execution Models for Constraint Propagation.', '473', NULL, 52);
INSERT INTO Person (PersonId, Name) VALUES (3039, 'Lourdes Araujo');
INSERT INTO RelationPersonInProceeding (PersonId, InProceedingId) VALUES (3039, 1783);
INSERT INTO Person (PersonId, Name) VALUES (3040, 'Alvaro Ruiz-Andino');
INSERT INTO RelationPersonInProceeding (PersonId, InProceedingId) VALUES (3040, 1783);
INSERT INTO Person (PersonId, Name) VALUES (3041, 'Jos J. Ruz');
INSERT INTO RelationPersonInProceeding (PersonId, InProceedingId) VALUES (3041, 1783);
INSERT INTO Person (PersonId, Name) VALUES (3042, 'Fernando Senz');
INSERT INTO RelationPersonInProceeding (PersonId, InProceedingId) VALUES (3042, 1783);
INSERT INTO InProceeding (InProceedingId, Title, Pages, Url, ProceedingId) VALUES (1784, 'Towards a More Efficient Stochastic Constraint Solver.', '338-352', NULL, NULL);
INSERT INTO RelationPersonInProceeding (PersonId, InProceedingId) VALUES (2795, 1784);
INSERT INTO RelationPersonInProceeding (PersonId, InProceedingId) VALUES (2859, 1784);
INSERT INTO Person (PersonId, Name) VALUES (3043, 'Hon-Wing Won');
INSERT INTO RelationPersonInProceeding (PersonId, InProceedingId) VALUES (3043, 1784);
INSERT INTO InProceeding (InProceedingId, Title, Pages, Url, ProceedingId) VALUES (1785, 'Collaborative Learning for Constraint Solving.', '46-60', NULL, 55);
INSERT INTO RelationPersonInProceeding (PersonId, InProceedingId) VALUES (1365, 1785);
INSERT INTO RelationPersonInProceeding (PersonId, InProceedingId) VALUES (2825, 1785);
INSERT INTO InProceeding (InProceedingId, Title, Pages, Url, ProceedingId) VALUES (1786, 'Forward Checking with Backmarking.', '185-204', NULL, 57);
INSERT INTO RelationPersonInProceeding (PersonId, InProceedingId) VALUES (2853, 1786);
INSERT INTO InProceeding (InProceedingId, Title, Pages, Url, ProceedingId) VALUES (1787, 'The Dynamics of Dynamic Variable Ordering Heuristics.', '17-23', NULL, 52);
INSERT INTO RelationPersonInProceeding (PersonId, InProceedingId) VALUES (2853, 1787);
INSERT INTO InProceeding (InProceedingId, Title, Pages, Url, ProceedingId) VALUES (1788, 'Automatic Generation of Implied Clauses for SAT.', '761', NULL, 55);
INSERT INTO RelationPersonInProceeding (PersonId, InProceedingId) VALUES (3019, 1788);
INSERT INTO InProceeding (InProceedingId, Title, Pages, Url, ProceedingId) VALUES (1789, 'Experiences with Combining Constraint Programming and Discrete Event Simulation.', '543-544', NULL, NULL);
INSERT INTO Person (PersonId, Name) VALUES (3044, 'Wim Hellinck');
INSERT INTO RelationPersonInProceeding (PersonId, InProceedingId) VALUES (3044, 1789);
INSERT INTO InProceeding (InProceedingId, Title, Pages, Url, ProceedingId) VALUES (1790, 'Domain Independent Ask Approximation in CCP.', '362-379', NULL, 50);
INSERT INTO Person (PersonId, Name) VALUES (3045, 'Enea Zaffanella');
INSERT INTO RelationPersonInProceeding (PersonId, InProceedingId) VALUES (3045, 1790);
INSERT INTO InProceeding (InProceedingId, Title, Pages, Url, ProceedingId) VALUES (1791, 'A Framework for Constraint Programming Based Column Generation.', '261-274', NULL, 53);
INSERT INTO RelationPersonInProceeding (PersonId, InProceedingId) VALUES (2880, 1791);
INSERT INTO RelationPersonInProceeding (PersonId, InProceedingId) VALUES (2967, 1791);
INSERT INTO RelationPersonInProceeding (PersonId, InProceedingId) VALUES (2969, 1791);
INSERT INTO Person (PersonId, Name) VALUES (3046, 'Bo Vaaben');
INSERT INTO RelationPersonInProceeding (PersonId, InProceedingId) VALUES (3046, 1791);
INSERT INTO Person (PersonId, Name) VALUES (3047, 'Stefan E. Karisch');
INSERT INTO RelationPersonInProceeding (PersonId, InProceedingId) VALUES (3047, 1791);
INSERT INTO Person (PersonId, Name) VALUES (3048, 'Niklas Kohl');
INSERT INTO RelationPersonInProceeding (PersonId, InProceedingId) VALUES (3048, 1791);
INSERT INTO InProceeding (InProceedingId, Title, Pages, Url, ProceedingId) VALUES (1792, 'From Quasi-Solutions to Solution: An Evolutionary Algorithm to Solve CSP.', '367-381', NULL, NULL);
INSERT INTO Person (PersonId, Name) VALUES (3049, 'Mara Cristina Riff Rojas');
INSERT INTO RelationPersonInProceeding (PersonId, InProceedingId) VALUES (3049, 1792);
INSERT INTO InProceeding (InProceedingId, Title, Pages, Url, ProceedingId) VALUES (1793, 'Temporal Planning through Mixed Integer Programming: A Preliminary Report.', '47-62', NULL, 56);
INSERT INTO RelationPersonInProceeding (PersonId, InProceedingId) VALUES (3024, 1793);
INSERT INTO Person (PersonId, Name) VALUES (3050, 'Yannis Dimopoulos');
INSERT INTO RelationPersonInProceeding (PersonId, InProceedingId) VALUES (3050, 1793);
INSERT INTO InProceeding (InProceedingId, Title, Pages, Url, ProceedingId) VALUES (1794, 'Design of a New Metaheuristic for MAXSAT Problems.', '767', NULL, 56);
INSERT INTO RelationPersonInProceeding (PersonId, InProceedingId) VALUES (2879, 1794);
INSERT INTO InProceeding (InProceedingId, Title, Pages, Url, ProceedingId) VALUES (1795, 'Deriving Explanations and Implications for Constraint Satisfaction Problems.', '585-589', NULL, 55);
INSERT INTO Person (PersonId, Name) VALUES (3051, 'Chavalit Likitvivatanavong');
INSERT INTO RelationPersonInProceeding (PersonId, InProceedingId) VALUES (3051, 1795);
INSERT INTO RelationPersonInProceeding (PersonId, InProceedingId) VALUES (2825, 1795);
INSERT INTO RelationPersonInProceeding (PersonId, InProceedingId) VALUES (1414, 1795);
INSERT INTO InProceeding (InProceedingId, Title, Pages, Url, ProceedingId) VALUES (1796, 'Validated Constraint Compilation.', '482-483', NULL, 53);
INSERT INTO RelationPersonInProceeding (PersonId, InProceedingId) VALUES (2556, 1796);
INSERT INTO Person (PersonId, Name) VALUES (3052, 'David K. Wittenberg');
INSERT INTO RelationPersonInProceeding (PersonId, InProceedingId) VALUES (3052, 1796);
INSERT INTO InProceeding (InProceedingId, Title, Pages, Url, ProceedingId) VALUES (1797, 'Redundant Hidden Variables in Finite Domain Constraint Problems.', '205-223', NULL, 57);
INSERT INTO RelationPersonInProceeding (PersonId, InProceedingId) VALUES (2683, 1797);
INSERT INTO InProceeding (InProceedingId, Title, Pages, Url, ProceedingId) VALUES (1798, 'Existential Variables and Local Consistency in Finite Domain Constraint Problems.', '382-396', NULL, NULL);
INSERT INTO RelationPersonInProceeding (PersonId, InProceedingId) VALUES (2683, 1798);
INSERT INTO InProceeding (InProceedingId, Title, Pages, Url, ProceedingId) VALUES (1799, 'Asynchronous Weak-commitment Search for Solving Distributed Constraint Satisfaction Problems.', '88-102', NULL, 50);
INSERT INTO RelationPersonInProceeding (PersonId, InProceedingId) VALUES (2752, 1799);
INSERT INTO InProceeding (InProceedingId, Title, Pages, Url, ProceedingId) VALUES (1800, 'Why Adding More Constraints Makes a Problem Easier for Hill-climbing Algorithms: Analyzing Landscapes of CSPs.', '356-370', NULL, 51);
INSERT INTO RelationPersonInProceeding (PersonId, InProceedingId) VALUES (2752, 1800);
INSERT INTO InProceeding (InProceedingId, Title, Pages, Url, ProceedingId) VALUES (1801, 'A Generic Model and Hybrid Algorithm for Hoist Scheduling Problems.', '385-399', NULL, 52);
INSERT INTO Person (PersonId, Name) VALUES (3053, 'Mark Wallace');
INSERT INTO RelationPersonInProceeding (PersonId, InProceedingId) VALUES (3053, 1801);
INSERT INTO Person (PersonId, Name) VALUES (3054, 'Robert Rodosek');
INSERT INTO RelationPersonInProceeding (PersonId, InProceedingId) VALUES (3054, 1801);
INSERT INTO InProceeding (InProceedingId, Title, Pages, Url, ProceedingId) VALUES (1802, 'Non-overlapping Constraints between Convex Polytopes.', '392-407', NULL, 55);
INSERT INTO RelationPersonInProceeding (PersonId, InProceedingId) VALUES (2980, 1802);
INSERT INTO Person (PersonId, Name) VALUES (3055, 'Qi Guo');
INSERT INTO RelationPersonInProceeding (PersonId, InProceedingId) VALUES (3055, 1802);
INSERT INTO RelationPersonInProceeding (PersonId, InProceedingId) VALUES (2942, 1802);
INSERT INTO InProceeding (InProceedingId, Title, Pages, Url, ProceedingId) VALUES (1803, 'Reduced Cost-Based Ranking for Generating Promising Subproblems.', '1-16', NULL, 56);
INSERT INTO RelationPersonInProceeding (PersonId, InProceedingId) VALUES (2960, 1803);
INSERT INTO Person (PersonId, Name) VALUES (3056, 'Willem J. van Hoeve');
INSERT INTO RelationPersonInProceeding (PersonId, InProceedingId) VALUES (3056, 1803);
INSERT INTO InProceeding (InProceedingId, Title, Pages, Url, ProceedingId) VALUES (1804, 'Using Metalevel Constraint Knowledge to Reduce Constraint Checking.', '171-184', NULL, 57);
INSERT INTO RelationPersonInProceeding (PersonId, InProceedingId) VALUES (2825, 1804);
INSERT INTO InProceeding (InProceedingId, Title, Pages, Url, ProceedingId) VALUES (1805, 'Generating Tradeoffs for Interactive Constraint-Based Configuration.', '590-594', NULL, 55);
INSERT INTO Person (PersonId, Name) VALUES (3057, 'Barry O$1Sullivan');
INSERT INTO RelationPersonInProceeding (PersonId, InProceedingId) VALUES (3057, 1805);
INSERT INTO RelationPersonInProceeding (PersonId, InProceedingId) VALUES (2825, 1805);
INSERT INTO InProceeding (InProceedingId, Title, Pages, Url, ProceedingId) VALUES (1806, 'Partial Constraint Satisfaction.', '63-110', NULL, 58);
INSERT INTO RelationPersonInProceeding (PersonId, InProceedingId) VALUES (2825, 1806);
INSERT INTO RelationPersonInProceeding (PersonId, InProceedingId) VALUES (1414, 1806);
INSERT INTO InProceeding (InProceedingId, Title, Pages, Url, ProceedingId) VALUES (1807, 'Suggestion Strategies for Constraint-Based Matchmaker Agents.', '192-204', NULL, 52);
INSERT INTO RelationPersonInProceeding (PersonId, InProceedingId) VALUES (2825, 1807);
INSERT INTO RelationPersonInProceeding (PersonId, InProceedingId) VALUES (1414, 1807);
INSERT INTO InProceeding (InProceedingId, Title, Pages, Url, ProceedingId) VALUES (1808, 'Efficient Constraint Propagation With Good Space Complexity.', '533-534', NULL, NULL);
INSERT INTO RelationPersonInProceeding (PersonId, InProceedingId) VALUES (2757, 1808);
INSERT INTO Person (PersonId, Name) VALUES (3058, 'Assef Chmeiss');
INSERT INTO RelationPersonInProceeding (PersonId, InProceedingId) VALUES (3058, 1808);
INSERT INTO InProceeding (InProceedingId, Title, Pages, Url, ProceedingId) VALUES (1809, 'Meta-complexity Theorems: Talk Abstract.', '13-17', NULL, 54);
INSERT INTO Person (PersonId, Name) VALUES (3059, 'David A. McAllester');
INSERT INTO RelationPersonInProceeding (PersonId, InProceedingId) VALUES (3059, 1809);
INSERT INTO InProceeding (InProceedingId, Title, Pages, Url, ProceedingId) VALUES (1810, 'Visopt ShopFloor: On the Edge of Planning and Scheduling.', '587-602', NULL, 56);
INSERT INTO Person (PersonId, Name) VALUES (3060, 'Roman Bartk');
INSERT INTO RelationPersonInProceeding (PersonId, InProceedingId) VALUES (3060, 1810);
INSERT INTO InProceeding (InProceedingId, Title, Pages, Url, ProceedingId) VALUES (1811, 'Complexity-Theoretic Aspects for Programming Language Design.', '572', NULL, NULL);
INSERT INTO Person (PersonId, Name) VALUES (3061, 'Harry G. Mairson');
INSERT INTO RelationPersonInProceeding (PersonId, InProceedingId) VALUES (3061, 1811);
INSERT INTO InProceeding (InProceedingId, Title, Pages, Url, ProceedingId) VALUES (1812, 'Resolution Complexity of Random Constraints.', '295-309', NULL, 56);
INSERT INTO Person (PersonId, Name) VALUES (3062, 'David G. Mitchell');
INSERT INTO RelationPersonInProceeding (PersonId, InProceedingId) VALUES (3062, 1812);
INSERT INTO InProceeding (InProceedingId, Title, Pages, Url, ProceedingId) VALUES (1813, 'Branch-and-Price for Solving Integer Programs with a Huge Number of Variables: Methods and Applications (Abstract).', '570', NULL, NULL);
INSERT INTO RelationPersonInProceeding (PersonId, InProceedingId) VALUES (2716, 1813);
INSERT INTO InProceeding (InProceedingId, Title, Pages, Url, ProceedingId) VALUES (1814, 'Phase Transitions and Backbones of 3-SAT and Maximum 3-SAT.', '153-167', NULL, 55);
INSERT INTO Person (PersonId, Name) VALUES (3063, 'Weixiong Zhang');
INSERT INTO RelationPersonInProceeding (PersonId, InProceedingId) VALUES (3063, 1814);
INSERT INTO InProceeding (InProceedingId, Title, Pages, Url, ProceedingId) VALUES (1815, 'CLP in ECRC.', '636-639', NULL, 50);
INSERT INTO Person (PersonId, Name) VALUES (3064, 'Micha Meier');
INSERT INTO RelationPersonInProceeding (PersonId, InProceedingId) VALUES (3064, 1815);
INSERT INTO Person (PersonId, Name) VALUES (3065, 'Alexander Herold');
INSERT INTO RelationPersonInProceeding (PersonId, InProceedingId) VALUES (3065, 1815);
INSERT INTO InProceeding (InProceedingId, Title, Pages, Url, ProceedingId) VALUES (1816, 'From Constraint Minimization to Goal Optimization in CLP Languages.', '537-538', NULL, NULL);
INSERT INTO Person (PersonId, Name) VALUES (3066, 'Franois Fages');
INSERT INTO RelationPersonInProceeding (PersonId, InProceedingId) VALUES (3066, 1816);
INSERT INTO InProceeding (InProceedingId, Title, Pages, Url, ProceedingId) VALUES (1817, 'Algebraic Simplification Techniques for Propositional Satisfiability.', '537-542', NULL, 54);
INSERT INTO Person (PersonId, Name) VALUES (3067, 'Joo P. Marques Silva');
INSERT INTO RelationPersonInProceeding (PersonId, InProceedingId) VALUES (3067, 1817);
INSERT INTO InProceeding (InProceedingId, Title, Pages, Url, ProceedingId) VALUES (1818, 'Constraint Solving for Combinatorial Search Problems: A Tutorial.', '564-587', NULL, 50);
INSERT INTO RelationPersonInProceeding (PersonId, InProceedingId) VALUES (2690, 1818);
INSERT INTO InProceeding (InProceedingId, Title, Pages, Url, ProceedingId) VALUES (1819, 'A Modeling Language for Constraint Programming.', '1', NULL, 51);
INSERT INTO RelationPersonInProceeding (PersonId, InProceedingId) VALUES (2690, 1819);
INSERT INTO InProceeding (InProceedingId, Title, Pages, Url, ProceedingId) VALUES (1820, 'Breaking Row and Column Symmetries in Matrix Models.', '462-476', NULL, 56);
INSERT INTO RelationPersonInProceeding (PersonId, InProceedingId) VALUES (2938, 1820);
INSERT INTO RelationPersonInProceeding (PersonId, InProceedingId) VALUES (2939, 1820);
INSERT INTO RelationPersonInProceeding (PersonId, InProceedingId) VALUES (1424, 1820);
INSERT INTO RelationPersonInProceeding (PersonId, InProceedingId) VALUES (2940, 1820);
INSERT INTO Person (PersonId, Name) VALUES (3068, 'Justin Pearson');
INSERT INTO RelationPersonInProceeding (PersonId, InProceedingId) VALUES (3068, 1820);
INSERT INTO Person (PersonId, Name) VALUES (3069, 'Pierre Flener');
INSERT INTO RelationPersonInProceeding (PersonId, InProceedingId) VALUES (3069, 1820);
INSERT INTO RelationPersonInProceeding (PersonId, InProceedingId) VALUES (2744, 1820);
INSERT INTO InProceeding (InProceedingId, Title, Pages, Url, ProceedingId) VALUES (1821, 'Understanding and Improving the MAC Algorithm.', '167-181', NULL, 51);
INSERT INTO RelationPersonInProceeding (PersonId, InProceedingId) VALUES (2825, 1821);
INSERT INTO Person (PersonId, Name) VALUES (3070, 'Daniel Sabin');
INSERT INTO RelationPersonInProceeding (PersonId, InProceedingId) VALUES (3070, 1821);
INSERT INTO InProceeding (InProceedingId, Title, Pages, Url, ProceedingId) VALUES (1822, 'Using Partial Arc Consistency in a Database Environment.', '527-528', NULL, NULL);
INSERT INTO Person (PersonId, Name) VALUES (3071, 'Steven A. Battle');
INSERT INTO RelationPersonInProceeding (PersonId, InProceedingId) VALUES (3071, 1822);
INSERT INTO InProceeding (InProceedingId, Title, Pages, Url, ProceedingId) VALUES (1823, 'Rewriting Numeric Constraint Satisfaction Problems for Consistency Algorithms.', '486-487', NULL, 53);
INSERT INTO Person (PersonId, Name) VALUES (3072, 'Claudio Lottaz');
INSERT INTO RelationPersonInProceeding (PersonId, InProceedingId) VALUES (3072, 1823);
INSERT INTO InProceeding (InProceedingId, Title, Pages, Url, ProceedingId) VALUES (1824, 'Capturing Structure with Satisfiability.', '137-152', NULL, 55);
INSERT INTO RelationPersonInProceeding (PersonId, InProceedingId) VALUES (2971, 1824);
INSERT INTO Person (PersonId, Name) VALUES (3073, 'Alba Cabiscol');
INSERT INTO RelationPersonInProceeding (PersonId, InProceedingId) VALUES (3073, 1824);
INSERT INTO RelationPersonInProceeding (PersonId, InProceedingId) VALUES (2972, 1824);
INSERT INTO RelationPersonInProceeding (PersonId, InProceedingId) VALUES (2706, 1824);
INSERT INTO RelationPersonInProceeding (PersonId, InProceedingId) VALUES (3002, 1824);
INSERT INTO InProceeding (InProceedingId, Title, Pages, Url, ProceedingId) VALUES (1825, 'Constrained Dependencies.', '170-185', NULL, 50);
INSERT INTO RelationPersonInProceeding (PersonId, InProceedingId) VALUES (2527, 1825);
INSERT INTO InProceeding (InProceedingId, Title, Pages, Url, ProceedingId) VALUES (1826, 'A Filtering Algorithm for the Stretch Constraint.', '183-195', NULL, 55);
INSERT INTO RelationPersonInProceeding (PersonId, InProceedingId) VALUES (2704, 1826);
INSERT INTO InProceeding (InProceedingId, Title, Pages, Url, ProceedingId) VALUES (1827, 'Labelling Heuristics for CSP Application Domains.', '769', NULL, 55);
INSERT INTO RelationPersonInProceeding (PersonId, InProceedingId) VALUES (2940, 1827);
INSERT INTO InProceeding (InProceedingId, Title, Pages, Url, ProceedingId) VALUES (1828, 'Reducing Symmetry in Matrix Models.', '786', NULL, 56);
INSERT INTO RelationPersonInProceeding (PersonId, InProceedingId) VALUES (2940, 1828);
INSERT INTO InProceeding (InProceedingId, Title, Pages, Url, ProceedingId) VALUES (1829, 'AbsCon: A Prototype to Solve CSPs with Abstraction.', '730-744', NULL, 55);
INSERT INTO Person (PersonId, Name) VALUES (3074, 'Christophe Lecoutre');
INSERT INTO RelationPersonInProceeding (PersonId, InProceedingId) VALUES (3074, 1829);
INSERT INTO Person (PersonId, Name) VALUES (3075, 'Frdric Boussemart');
INSERT INTO RelationPersonInProceeding (PersonId, InProceedingId) VALUES (3075, 1829);
INSERT INTO Person (PersonId, Name) VALUES (3076, 'Sylvain Merchez');
INSERT INTO RelationPersonInProceeding (PersonId, InProceedingId) VALUES (3076, 1829);
INSERT INTO InProceeding (InProceedingId, Title, Pages, Url, ProceedingId) VALUES (1830, 'Constraint Programming Contribution to Benders Decomposition: A Case Study.', '603-617', NULL, 56);
INSERT INTO Person (PersonId, Name) VALUES (3077, 'Etienne Gaudin');
INSERT INTO RelationPersonInProceeding (PersonId, InProceedingId) VALUES (3077, 1830);
INSERT INTO RelationPersonInProceeding (PersonId, InProceedingId) VALUES (2747, 1830);
INSERT INTO RelationPersonInProceeding (PersonId, InProceedingId) VALUES (2748, 1830);
INSERT INTO InProceeding (InProceedingId, Title, Pages, Url, ProceedingId) VALUES (1831, 'Search Procedures and Parallelism in Constraint Programming.', '346-360', NULL, 53);
INSERT INTO RelationPersonInProceeding (PersonId, InProceedingId) VALUES (2871, 1831);
INSERT INTO InProceeding (InProceedingId, Title, Pages, Url, ProceedingId) VALUES (1832, 'GA-easy and GA-hard Constraint Satisfaction Problems.', '267-283', NULL, 57);
INSERT INTO Person (PersonId, Name) VALUES (3078, 'Zsfia Ruttkay');
INSERT INTO RelationPersonInProceeding (PersonId, InProceedingId) VALUES (3078, 1832);
INSERT INTO RelationPersonInProceeding (PersonId, InProceedingId) VALUES (706, 1832);
INSERT INTO Person (PersonId, Name) VALUES (3079, 'Paul-Erik Rau');
INSERT INTO RelationPersonInProceeding (PersonId, InProceedingId) VALUES (3079, 1832);
INSERT INTO InProceeding (InProceedingId, Title, Pages, Url, ProceedingId) VALUES (1833, 'Constraint Propagation: Between Abstract Models and ad hoc Strategies.', '505-509', NULL, 54);
INSERT INTO RelationPersonInProceeding (PersonId, InProceedingId) VALUES (2693, 1833);
INSERT INTO RelationPersonInProceeding (PersonId, InProceedingId) VALUES (2844, 1833);
INSERT INTO InProceeding (InProceedingId, Title, Pages, Url, ProceedingId) VALUES (1834, 'Composition Operators for Constraint Propagation: An Application to Choco.', '600-604', NULL, 55);
INSERT INTO RelationPersonInProceeding (PersonId, InProceedingId) VALUES (2693, 1834);
INSERT INTO RelationPersonInProceeding (PersonId, InProceedingId) VALUES (2844, 1834);
INSERT INTO InProceeding (InProceedingId, Title, Pages, Url, ProceedingId) VALUES (1835, 'Towards a Complete Classification of Tractability in Point Algebras for Nonlinear Time.', '129-143', NULL, 53);
INSERT INTO RelationPersonInProceeding (PersonId, InProceedingId) VALUES (2835, 1835);
INSERT INTO RelationPersonInProceeding (PersonId, InProceedingId) VALUES (2741, 1835);
INSERT INTO InProceeding (InProceedingId, Title, Pages, Url, ProceedingId) VALUES (1836, 'A Linear Programming Based Satisfiability Solver Using a New Horn-Driven Search Tree Design.', '775-776', NULL, 56);
INSERT INTO Person (PersonId, Name) VALUES (3080, 'Hans van Maaren');
INSERT INTO RelationPersonInProceeding (PersonId, InProceedingId) VALUES (3080, 1836);
INSERT INTO Person (PersonId, Name) VALUES (3081, 'Linda van Norden');
INSERT INTO RelationPersonInProceeding (PersonId, InProceedingId) VALUES (3081, 1836);
INSERT INTO InProceeding (InProceedingId, Title, Pages, Url, ProceedingId) VALUES (1837, 'Inferring Constraint Types in Constraint Programming.', '492-507', NULL, 56);
INSERT INTO RelationPersonInProceeding (PersonId, InProceedingId) VALUES (2702, 1837);
INSERT INTO InProceeding (InProceedingId, Title, Pages, Url, ProceedingId) VALUES (1838, 'Hybrid Benders Decomposition Algorithms in Constraint Logic Programming.', '1-15', NULL, 55);
INSERT INTO RelationPersonInProceeding (PersonId, InProceedingId) VALUES (3053, 1838);
INSERT INTO Person (PersonId, Name) VALUES (3082, 'Andrew Eremin');
INSERT INTO RelationPersonInProceeding (PersonId, InProceedingId) VALUES (3082, 1838);
INSERT INTO InProceeding (InProceedingId, Title, Pages, Url, ProceedingId) VALUES (1839, 'Continuous First-Order Constraint Satisfactionwith Equality and Disequality Constraints.', '680-685', NULL, 56);
INSERT INTO Person (PersonId, Name) VALUES (3083, 'Stefan Ratschan');
INSERT INTO RelationPersonInProceeding (PersonId, InProceedingId) VALUES (3083, 1839);
INSERT INTO InProceeding (InProceedingId, Title, Pages, Url, ProceedingId) VALUES (1840, 'Linear Formulation of Constraint Programming Models and Hybrid Solvers.', '369-383', NULL, 54);
INSERT INTO Person (PersonId, Name) VALUES (3084, 'Philippe Refalo');
INSERT INTO RelationPersonInProceeding (PersonId, InProceedingId) VALUES (3084, 1840);
INSERT INTO InProceeding (InProceedingId, Title, Pages, Url, ProceedingId) VALUES (1841, 'Tight Cooperation and Its Application in Piecewise Linear Optimization.', '375-389', NULL, 53);
INSERT INTO RelationPersonInProceeding (PersonId, InProceedingId) VALUES (3084, 1841);
INSERT INTO InProceeding (InProceedingId, Title, Pages, Url, ProceedingId) VALUES (1842, 'On the Sum Constraint: Relaxation and Applications.', '80-92', NULL, 56);
INSERT INTO Person (PersonId, Name) VALUES (3085, 'Tallys H. Yunes');
INSERT INTO RelationPersonInProceeding (PersonId, InProceedingId) VALUES (3085, 1842);
INSERT INTO InProceeding (InProceedingId, Title, Pages, Url, ProceedingId) VALUES (1843, 'Interchangeability in Soft CSPs.', '726-731', NULL, 56);
INSERT INTO Person (PersonId, Name) VALUES (3086, 'Nicoleta Neagu');
INSERT INTO RelationPersonInProceeding (PersonId, InProceedingId) VALUES (3086, 1843);
INSERT INTO RelationPersonInProceeding (PersonId, InProceedingId) VALUES (1212, 1843);
INSERT INTO RelationPersonInProceeding (PersonId, InProceedingId) VALUES (2832, 1843);
INSERT INTO InProceeding (InProceedingId, Title, Pages, Url, ProceedingId) VALUES (1844, 'Constraint Propagation for Soft Constraints: Generalization and Termination Conditions.', '83-97', NULL, 54);
INSERT INTO RelationPersonInProceeding (PersonId, InProceedingId) VALUES (2683, 1844);
INSERT INTO RelationPersonInProceeding (PersonId, InProceedingId) VALUES (2437, 1844);
INSERT INTO RelationPersonInProceeding (PersonId, InProceedingId) VALUES (2832, 1844);
INSERT INTO InProceeding (InProceedingId, Title, Pages, Url, ProceedingId) VALUES (1845, 'Efficient Querying of Periodic Spatiotemporal Objects.', '396-410', NULL, 54);
INSERT INTO Person (PersonId, Name) VALUES (3087, 'Peter Z. Revesz');
INSERT INTO RelationPersonInProceeding (PersonId, InProceedingId) VALUES (3087, 1845);
INSERT INTO Person (PersonId, Name) VALUES (3088, 'Mengchu Cai');
INSERT INTO RelationPersonInProceeding (PersonId, InProceedingId) VALUES (3088, 1845);
INSERT INTO InProceeding (InProceedingId, Title, Pages, Url, ProceedingId) VALUES (1846, 'Global Cut Framework for Removing Symmetries.', '77-92', NULL, 55);
INSERT INTO RelationPersonInProceeding (PersonId, InProceedingId) VALUES (2958, 1846);
INSERT INTO RelationPersonInProceeding (PersonId, InProceedingId) VALUES (2960, 1846);
INSERT INTO InProceeding (InProceedingId, Title, Pages, Url, ProceedingId) VALUES (1847, 'Symmetry Breaking in Peaceably Coexisting Armies of Queens.', '763', NULL, 56);
INSERT INTO Person (PersonId, Name) VALUES (3089, 'Karen E. Petrie');
INSERT INTO RelationPersonInProceeding (PersonId, InProceedingId) VALUES (3089, 1847);
INSERT INTO InProceeding (InProceedingId, Title, Pages, Url, ProceedingId) VALUES (1848, 'Dual Models of Permutation Problems.', '615-619', NULL, 55);
INSERT INTO RelationPersonInProceeding (PersonId, InProceedingId) VALUES (2855, 1848);
INSERT INTO InProceeding (InProceedingId, Title, Pages, Url, ProceedingId) VALUES (1849, 'A Dual Graph Translation of a Problem in $1Life$1.', '402-414', NULL, 56);
INSERT INTO RelationPersonInProceeding (PersonId, InProceedingId) VALUES (2855, 1849);
INSERT INTO InProceeding (InProceedingId, Title, Pages, Url, ProceedingId) VALUES (1850, 'In Search of Exceptionally Difficult Constraint Satisfaction Problems.', '139-155', NULL, 57);
INSERT INTO RelationPersonInProceeding (PersonId, InProceedingId) VALUES (2855, 1850);
INSERT INTO InProceeding (InProceedingId, Title, Pages, Url, ProceedingId) VALUES (1851, 'The Brlaz Heuristic and Optimal Static Orderings.', '405-418', NULL, 53);
INSERT INTO RelationPersonInProceeding (PersonId, InProceedingId) VALUES (2855, 1851);
INSERT INTO InProceeding (InProceedingId, Title, Pages, Url, ProceedingId) VALUES (1852, 'Towards an Open Finite Domain Constraint Solver.', '531-532', NULL, NULL);
INSERT INTO RelationPersonInProceeding (PersonId, InProceedingId) VALUES (2979, 1852);
INSERT INTO Person (PersonId, Name) VALUES (3090, 'Greger Ottosson');
INSERT INTO RelationPersonInProceeding (PersonId, InProceedingId) VALUES (3090, 1852);
INSERT INTO Person (PersonId, Name) VALUES (3091, 'Bjrn Carlson');
INSERT INTO RelationPersonInProceeding (PersonId, InProceedingId) VALUES (3091, 1852);
INSERT INTO InProceeding (InProceedingId, Title, Pages, Url, ProceedingId) VALUES (1853, 'Non-systematic Search and Learning: An Empirical Study.', '370-384', NULL, 52);
INSERT INTO Person (PersonId, Name) VALUES (3092, 'Barry Richards');
INSERT INTO RelationPersonInProceeding (PersonId, InProceedingId) VALUES (3092, 1853);
INSERT INTO Person (PersonId, Name) VALUES (3093, 'E. Thomas Richards');
INSERT INTO RelationPersonInProceeding (PersonId, InProceedingId) VALUES (3093, 1853);
INSERT INTO InProceeding (InProceedingId, Title, Pages, Url, ProceedingId) VALUES (1854, 'A Filtering Algorithm for Global Sequencing Constraints.', '32-46', NULL, 51);
INSERT INTO RelationPersonInProceeding (PersonId, InProceedingId) VALUES (2870, 1854);
INSERT INTO RelationPersonInProceeding (PersonId, InProceedingId) VALUES (2687, 1854);
INSERT INTO InProceeding (InProceedingId, Title, Pages, Url, ProceedingId) VALUES (1855, 'A Global Constraint Combining a Sum Constraint and Difference Constraints.', '384-395', NULL, 54);
INSERT INTO RelationPersonInProceeding (PersonId, InProceedingId) VALUES (2467, 1855);
INSERT INTO RelationPersonInProceeding (PersonId, InProceedingId) VALUES (2870, 1855);
INSERT INTO InProceeding (InProceedingId, Title, Pages, Url, ProceedingId) VALUES (1856, 'Verification of Parallel Systems using Constraint Programming.', '92-106', NULL, 51);
INSERT INTO Person (PersonId, Name) VALUES (3094, 'Stephan Melzer');
INSERT INTO RelationPersonInProceeding (PersonId, InProceedingId) VALUES (3094, 1856);
INSERT INTO InProceeding (InProceedingId, Title, Pages, Url, ProceedingId) VALUES (1857, 'Partial Symmetry Breaking.', '431-445', NULL, 56);
INSERT INTO RelationPersonInProceeding (PersonId, InProceedingId) VALUES (2855, 1857);
INSERT INTO RelationPersonInProceeding (PersonId, InProceedingId) VALUES (2719, 1857);
INSERT INTO InProceeding (InProceedingId, Title, Pages, Url, ProceedingId) VALUES (1858, 'Distributed Constraint-Based Railway Simulation.', '762', NULL, 56);
INSERT INTO Person (PersonId, Name) VALUES (3095, 'Hans Schlenker');
INSERT INTO RelationPersonInProceeding (PersonId, InProceedingId) VALUES (3095, 1858);
INSERT INTO InProceeding (InProceedingId, Title, Pages, Url, ProceedingId) VALUES (1859, 'Solving and Learning Soft Temporal Constraints; Ceteris Paribus Statements Represented as Soft Constraints Problems.', '779', NULL, 56);
INSERT INTO RelationPersonInProceeding (PersonId, InProceedingId) VALUES (2950, 1859);
INSERT INTO InProceeding (InProceedingId, Title, Pages, Url, ProceedingId) VALUES (1860, 'Debugging Constraint Programs.', '204-221', NULL, 50);
INSERT INTO RelationPersonInProceeding (PersonId, InProceedingId) VALUES (3064, 1860);
INSERT INTO InProceeding (InProceedingId, Title, Pages, Url, ProceedingId) VALUES (1861, 'Fast, Constraint-Based Threading of HP-Sequences to Hydrophobic Cores.', '494-508', NULL, 55);
INSERT INTO Person (PersonId, Name) VALUES (3096, 'Sebastian Will');
INSERT INTO RelationPersonInProceeding (PersonId, InProceedingId) VALUES (3096, 1861);
INSERT INTO RelationPersonInProceeding (PersonId, InProceedingId) VALUES (2924, 1861);
INSERT INTO InProceeding (InProceedingId, Title, Pages, Url, ProceedingId) VALUES (1862, 'Excluding Symmetries in Constraint-Based Search.', '73-87', NULL, 53);
INSERT INTO RelationPersonInProceeding (PersonId, InProceedingId) VALUES (3096, 1862);
INSERT INTO RelationPersonInProceeding (PersonId, InProceedingId) VALUES (2924, 1862);
INSERT INTO InProceeding (InProceedingId, Title, Pages, Url, ProceedingId) VALUES (1863, 'Global Constraints for Partial CSPs: A Case-Study of Resource and Due Date Constraints.', '87-101', NULL, 52);
INSERT INTO RelationPersonInProceeding (PersonId, InProceedingId) VALUES (2730, 1863);
INSERT INTO RelationPersonInProceeding (PersonId, InProceedingId) VALUES (2869, 1863);
INSERT INTO Person (PersonId, Name) VALUES (3097, 'Philippe Baptiste');
INSERT INTO RelationPersonInProceeding (PersonId, InProceedingId) VALUES (3097, 1863);
INSERT INTO InProceeding (InProceedingId, Title, Pages, Url, ProceedingId) VALUES (1864, 'Anytime Temporal Reasoning: Preliminary Report (Extended Abstract).', '535-536', NULL, NULL);
INSERT INTO Person (PersonId, Name) VALUES (3098, 'Yong Feng');
INSERT INTO RelationPersonInProceeding (PersonId, InProceedingId) VALUES (3098, 1864);
INSERT INTO Person (PersonId, Name) VALUES (3099, 'Mukesh Dalal');
INSERT INTO RelationPersonInProceeding (PersonId, InProceedingId) VALUES (3099, 1864);
INSERT INTO InProceeding (InProceedingId, Title, Pages, Url, ProceedingId) VALUES (1865, 'Indexical-Based Solver Learning.', '541-555', NULL, 56);
INSERT INTO Person (PersonId, Name) VALUES (3100, 'Lionel Martin');
INSERT INTO RelationPersonInProceeding (PersonId, InProceedingId) VALUES (3100, 1865);
INSERT INTO Person (PersonId, Name) VALUES (3101, 'Arnaud Lallouet');
INSERT INTO RelationPersonInProceeding (PersonId, InProceedingId) VALUES (3101, 1865);
INSERT INTO Person (PersonId, Name) VALUES (3102, 'Andrei Legtchenko');
INSERT INTO RelationPersonInProceeding (PersonId, InProceedingId) VALUES (3102, 1865);
INSERT INTO RelationPersonInProceeding (PersonId, InProceedingId) VALUES (3026, 1865);
INSERT INTO InProceeding (InProceedingId, Title, Pages, Url, ProceedingId) VALUES (1866, 'The OTI Constraint Solver: A Constraint Library for Constructing Interactive Graphical User Interfaces.', '624-628', NULL, 50);
INSERT INTO Person (PersonId, Name) VALUES (3103, 'Bjrn N. Freeman-Benson');
INSERT INTO RelationPersonInProceeding (PersonId, InProceedingId) VALUES (3103, 1866);
INSERT INTO RelationPersonInProceeding (PersonId, InProceedingId) VALUES (2786, 1866);
INSERT INTO InProceeding (InProceedingId, Title, Pages, Url, ProceedingId) VALUES (1867, 'Constraint Diagram Reasoning.', '316-330', NULL, 53);
INSERT INTO Person (PersonId, Name) VALUES (3104, 'Bernd Meyer');
INSERT INTO RelationPersonInProceeding (PersonId, InProceedingId) VALUES (3104, 1867);
INSERT INTO InProceeding (InProceedingId, Title, Pages, Url, ProceedingId) VALUES (1868, 'High-Level Constraints over Finite Domains.', '51-66', NULL, 57);
INSERT INTO RelationPersonInProceeding (PersonId, InProceedingId) VALUES (2179, 1868);
INSERT INTO RelationPersonInProceeding (PersonId, InProceedingId) VALUES (2082, 1868);
INSERT INTO InProceeding (InProceedingId, Title, Pages, Url, ProceedingId) VALUES (1869, 'A Constraint-Based Approach to Diagnosing Software Problems in Computer Networks.', '463-480', NULL, 50);
INSERT INTO RelationPersonInProceeding (PersonId, InProceedingId) VALUES (532, 1869);
INSERT INTO RelationPersonInProceeding (PersonId, InProceedingId) VALUES (2825, 1869);
INSERT INTO Person (PersonId, Name) VALUES (3105, 'Michaela Sabin');
INSERT INTO RelationPersonInProceeding (PersonId, InProceedingId) VALUES (3105, 1869);
INSERT INTO RelationPersonInProceeding (PersonId, InProceedingId) VALUES (3070, 1869);
INSERT INTO InProceeding (InProceedingId, Title, Pages, Url, ProceedingId) VALUES (1870, 'An Original Constraint Based Approach for Solving over Constrained Problems.', '543-548', NULL, 54);
INSERT INTO RelationPersonInProceeding (PersonId, InProceedingId) VALUES (2904, 1870);
INSERT INTO RelationPersonInProceeding (PersonId, InProceedingId) VALUES (2870, 1870);
INSERT INTO RelationPersonInProceeding (PersonId, InProceedingId) VALUES (2687, 1870);
INSERT INTO RelationPersonInProceeding (PersonId, InProceedingId) VALUES (2699, 1870);
INSERT INTO InProceeding (InProceedingId, Title, Pages, Url, ProceedingId) VALUES (1871, 'New Lower Bounds of Constraint Violations for Over-Constrained Problems.', '332-345', NULL, 55);
INSERT INTO RelationPersonInProceeding (PersonId, InProceedingId) VALUES (2904, 1871);
INSERT INTO RelationPersonInProceeding (PersonId, InProceedingId) VALUES (2870, 1871);
INSERT INTO RelationPersonInProceeding (PersonId, InProceedingId) VALUES (2687, 1871);
INSERT INTO RelationPersonInProceeding (PersonId, InProceedingId) VALUES (2699, 1871);
INSERT INTO InProceeding (InProceedingId, Title, Pages, Url, ProceedingId) VALUES (1872, 'One Flip per Clock Cycle.', '509-523', NULL, 55);
INSERT INTO RelationPersonInProceeding (PersonId, InProceedingId) VALUES (2778, 1872);
INSERT INTO RelationPersonInProceeding (PersonId, InProceedingId) VALUES (2821, 1872);
INSERT INTO Person (PersonId, Name) VALUES (3106, 'Edgar Tan');
INSERT INTO RelationPersonInProceeding (PersonId, InProceedingId) VALUES (3106, 1872);
INSERT INTO InProceeding (InProceedingId, Title, Pages, Url, ProceedingId) VALUES (1873, 'On the Behavior and Application of Constraint Weighting.', '446-460', NULL, 53);
INSERT INTO Person (PersonId, Name) VALUES (3107, 'John Thornton');
INSERT INTO RelationPersonInProceeding (PersonId, InProceedingId) VALUES (3107, 1873);
INSERT INTO RelationPersonInProceeding (PersonId, InProceedingId) VALUES (1262, 1873);
INSERT INTO InProceeding (InProceedingId, Title, Pages, Url, ProceedingId) VALUES (1874, 'Cascaded Directed Arc Consistency and No-Good Learning for the Maximal Constraint Satisfaction Problem.', '217-228', NULL, 58);
INSERT INTO RelationPersonInProceeding (PersonId, InProceedingId) VALUES (1414, 1874);
INSERT INTO InProceeding (InProceedingId, Title, Pages, Url, ProceedingId) VALUES (1875, 'Analysis of Heuristic Methods for Partial Constraint Satisfaction Problems.', '482-496', NULL, NULL);
INSERT INTO RelationPersonInProceeding (PersonId, InProceedingId) VALUES (1414, 1875);
INSERT INTO InProceeding (InProceedingId, Title, Pages, Url, ProceedingId) VALUES (1876, 'Modelling Producer/Consumer Constraints.', '449-462', NULL, 50);
INSERT INTO RelationPersonInProceeding (PersonId, InProceedingId) VALUES (2991, 1876);
INSERT INTO Person (PersonId, Name) VALUES (3108, 'Trijntje Cornelissens');
INSERT INTO RelationPersonInProceeding (PersonId, InProceedingId) VALUES (3108, 1876);
INSERT INTO InProceeding (InProceedingId, Title, Pages, Url, ProceedingId) VALUES (1877, 'Scaling and Probabilistic Smoothing: Efficient Dynamic Local Search for SAT.', '233-248', NULL, 56);
INSERT INTO RelationPersonInProceeding (PersonId, InProceedingId) VALUES (2781, 1877);
INSERT INTO Person (PersonId, Name) VALUES (3109, 'Dave A. D. Tompkins');
INSERT INTO RelationPersonInProceeding (PersonId, InProceedingId) VALUES (3109, 1877);
INSERT INTO Person (PersonId, Name) VALUES (3110, 'Frank Hutter');
INSERT INTO RelationPersonInProceeding (PersonId, InProceedingId) VALUES (3110, 1877);
INSERT INTO InProceeding (InProceedingId, Title, Pages, Url, ProceedingId) VALUES (1878, 'Exploiting Bipartiteness to Identify Yet Another Tractable Subclass of CSP.', '118-128', NULL, 53);
INSERT INTO RelationPersonInProceeding (PersonId, InProceedingId) VALUES (2741, 1878);
INSERT INTO Person (PersonId, Name) VALUES (3111, 'Marcus Bjreland');
INSERT INTO RelationPersonInProceeding (PersonId, InProceedingId) VALUES (3111, 1878);
INSERT INTO InProceeding (InProceedingId, Title, Pages, Url, ProceedingId) VALUES (1879, 'Local and Global Relational Consistency.', '240-257', NULL, 50);
INSERT INTO RelationPersonInProceeding (PersonId, InProceedingId) VALUES (2689, 1879);
INSERT INTO RelationPersonInProceeding (PersonId, InProceedingId) VALUES (1417, 1879);
INSERT INTO InProceeding (InProceedingId, Title, Pages, Url, ProceedingId) VALUES (1880, 'Connections Reservation with Rerouting for ATM Networks: A Hybrid Approach with Constraints.', '649-663', NULL, 56);
INSERT INTO Person (PersonId, Name) VALUES (3112, 'Philippe David');
INSERT INTO RelationPersonInProceeding (PersonId, InProceedingId) VALUES (3112, 1880);
INSERT INTO RelationPersonInProceeding (PersonId, InProceedingId) VALUES (2731, 1880);
INSERT INTO Person (PersonId, Name) VALUES (3113, 'Muriel Lauvergne');
INSERT INTO RelationPersonInProceeding (PersonId, InProceedingId) VALUES (3113, 1880);
INSERT INTO InProceeding (InProceedingId, Title, Pages, Url, ProceedingId) VALUES (1881, 'Using Graph Decomposition for Solving Continuous CSPs.', '102-116', NULL, 52);
INSERT INTO Person (PersonId, Name) VALUES (3114, 'Christian Bliek');
INSERT INTO RelationPersonInProceeding (PersonId, InProceedingId) VALUES (3114, 1881);
INSERT INTO RelationPersonInProceeding (PersonId, InProceedingId) VALUES (2945, 1881);
INSERT INTO RelationPersonInProceeding (PersonId, InProceedingId) VALUES (2923, 1881);
INSERT INTO InProceeding (InProceedingId, Title, Pages, Url, ProceedingId) VALUES (1882, 'Constraint Generation via Automated Theory Formation.', '575-579', NULL, 55);
INSERT INTO RelationPersonInProceeding (PersonId, InProceedingId) VALUES (2939, 1882);
INSERT INTO Person (PersonId, Name) VALUES (3115, 'Simon Colton');
INSERT INTO RelationPersonInProceeding (PersonId, InProceedingId) VALUES (3115, 1882);
INSERT INTO InProceeding (InProceedingId, Title, Pages, Url, ProceedingId) VALUES (1883, 'Solving the Kirkman$1s Schoolgirl Problem in a Few Seconds.', '477-491', NULL, 56);
INSERT INTO Person (PersonId, Name) VALUES (3116, 'Pascal Brisset');
INSERT INTO RelationPersonInProceeding (PersonId, InProceedingId) VALUES (3116, 1883);
INSERT INTO Person (PersonId, Name) VALUES (3117, 'Nicolas Barnier');
INSERT INTO RelationPersonInProceeding (PersonId, InProceedingId) VALUES (3117, 1883);
INSERT INTO InProceeding (InProceedingId, Title, Pages, Url, ProceedingId) VALUES (1884, 'Combine and Conquer: Genetic Algorithm and CP for Optimization.', '463', NULL, 52);
INSERT INTO RelationPersonInProceeding (PersonId, InProceedingId) VALUES (3116, 1884);
INSERT INTO RelationPersonInProceeding (PersonId, InProceedingId) VALUES (3117, 1884);
INSERT INTO InProceeding (InProceedingId, Title, Pages, Url, ProceedingId) VALUES (1885, 'Functional Constrain Hierarchies in CLP.', '529-530', NULL, NULL);
INSERT INTO Person (PersonId, Name) VALUES (3118, 'Mouhssine Bouzoubaa');
INSERT INTO RelationPersonInProceeding (PersonId, InProceedingId) VALUES (3118, 1885);
INSERT INTO InProceeding (InProceedingId, Title, Pages, Url, ProceedingId) VALUES (1886, 'Generating Feasible Schedules for a Pick-Up and Delivery Problem.', '467', NULL, 52);
INSERT INTO Person (PersonId, Name) VALUES (3119, 'Claude Kirchner');
INSERT INTO RelationPersonInProceeding (PersonId, InProceedingId) VALUES (3119, 1886);
INSERT INTO RelationPersonInProceeding (PersonId, InProceedingId) VALUES (2993, 1886);
INSERT INTO RelationPersonInProceeding (PersonId, InProceedingId) VALUES (2921, 1886);
INSERT INTO InProceeding (InProceedingId, Title, Pages, Url, ProceedingId) VALUES (1887, 'Neighborhood-Based Variable Ordering Heuristics for the Constraint Satisfaction Problem.', '565-569', NULL, 55);
INSERT INTO Person (PersonId, Name) VALUES (3120, 'Lakhdar Sais');
INSERT INTO RelationPersonInProceeding (PersonId, InProceedingId) VALUES (3120, 1887);
INSERT INTO RelationPersonInProceeding (PersonId, InProceedingId) VALUES (3058, 1887);
INSERT INTO RelationPersonInProceeding (PersonId, InProceedingId) VALUES (2699, 1887);
INSERT INTO InProceeding (InProceedingId, Title, Pages, Url, ProceedingId) VALUES (1888, 'Distributed Dynamic Backtracking.', '772', NULL, 55);
INSERT INTO Person (PersonId, Name) VALUES (3121, 'Arnold Maestre');
INSERT INTO RelationPersonInProceeding (PersonId, InProceedingId) VALUES (3121, 1888);
INSERT INTO RelationPersonInProceeding (PersonId, InProceedingId) VALUES (2933, 1888);
INSERT INTO RelationPersonInProceeding (PersonId, InProceedingId) VALUES (2699, 1888);
INSERT INTO InProceeding (InProceedingId, Title, Pages, Url, ProceedingId) VALUES (1889, 'Comparing SAT Encodings for Model Checking.', '784', NULL, 55);
INSERT INTO Person (PersonId, Name) VALUES (3122, 'Daniel Sheridan');
INSERT INTO RelationPersonInProceeding (PersonId, InProceedingId) VALUES (3122, 1889);
INSERT INTO InProceeding (InProceedingId, Title, Pages, Url, ProceedingId) VALUES (1890, 'Building Negative Reduced Cost Paths Using Constraint Programming.', '778', NULL, 55);
INSERT INTO RelationPersonInProceeding (PersonId, InProceedingId) VALUES (2704, 1890);
INSERT INTO Person (PersonId, Name) VALUES (3123, 'Louis-Martin Rousseau');
INSERT INTO RelationPersonInProceeding (PersonId, InProceedingId) VALUES (3123, 1890);
INSERT INTO RelationPersonInProceeding (PersonId, InProceedingId) VALUES (2705, 1890);
INSERT INTO InProceeding (InProceedingId, Title, Pages, Url, ProceedingId) VALUES (1891, 'A Local Simplification Scheme for cc Programs.', '557-558', NULL, NULL);
INSERT INTO Person (PersonId, Name) VALUES (3124, 'Vincent Schchter');
INSERT INTO RelationPersonInProceeding (PersonId, InProceedingId) VALUES (3124, 1891);
INSERT INTO InProceeding (InProceedingId, Title, Pages, Url, ProceedingId) VALUES (1892, 'Linear Concurrent Constraint Programming over Reals.', '400-416', NULL, 52);
INSERT INTO RelationPersonInProceeding (PersonId, InProceedingId) VALUES (3124, 1892);
INSERT INTO InProceeding (InProceedingId, Title, Pages, Url, ProceedingId) VALUES (1893, 'AC-3d an Efficient Arc-Consistency Algorithm with a Low Space-Complexity.', '755-760', NULL, 56);
INSERT INTO Person (PersonId, Name) VALUES (3125, 'Marc R. C. van Dongen');
INSERT INTO RelationPersonInProceeding (PersonId, InProceedingId) VALUES (3125, 1893);
INSERT INTO InProceeding (InProceedingId, Title, Pages, Url, ProceedingId) VALUES (1894, 'Counting, Structure Identification and Maximum Consistency for Binary Constraint Satisfaction Problems.', '136-149', NULL, 51);
INSERT INTO Person (PersonId, Name) VALUES (3126, 'Gabriel Istrate');
INSERT INTO RelationPersonInProceeding (PersonId, InProceedingId) VALUES (3126, 1894);
INSERT INTO InProceeding (InProceedingId, Title, Pages, Url, ProceedingId) VALUES (1895, 'Some Experiments on Learning Soft Constraints.', '464', NULL, 52);
INSERT INTO Person (PersonId, Name) VALUES (3127, 'Alessandro Biso');
INSERT INTO RelationPersonInProceeding (PersonId, InProceedingId) VALUES (3127, 1895);
INSERT INTO RelationPersonInProceeding (PersonId, InProceedingId) VALUES (2683, 1895);
INSERT INTO RelationPersonInProceeding (PersonId, InProceedingId) VALUES (2951, 1895);
INSERT INTO InProceeding (InProceedingId, Title, Pages, Url, ProceedingId) VALUES (1896, 'On Optimal Correction of Inconsistent Linear Constraints.', '33-46', NULL, 56);
INSERT INTO RelationPersonInProceeding (PersonId, InProceedingId) VALUES (2390, 1896);
INSERT INTO Person (PersonId, Name) VALUES (3128, 'Paula Amaral');
INSERT INTO RelationPersonInProceeding (PersonId, InProceedingId) VALUES (3128, 1896);
INSERT INTO InProceeding (InProceedingId, Title, Pages, Url, ProceedingId) VALUES (1897, 'The Independence Property of a Class of Set Constraints.', '76-90', NULL, NULL);
INSERT INTO RelationPersonInProceeding (PersonId, InProceedingId) VALUES (2508, 1897);
INSERT INTO Person (PersonId, Name) VALUES (3129, 'Witold Charatonik');
INSERT INTO RelationPersonInProceeding (PersonId, InProceedingId) VALUES (3129, 1897);
INSERT INTO InProceeding (InProceedingId, Title, Pages, Url, ProceedingId) VALUES (1898, 'A Modeling Framework for Constraints.', '773-774', NULL, 56);
INSERT INTO Person (PersonId, Name) VALUES (3130, 'Gerrit Renker');
INSERT INTO RelationPersonInProceeding (PersonId, InProceedingId) VALUES (3130, 1898);
INSERT INTO InProceeding (InProceedingId, Title, Pages, Url, ProceedingId) VALUES (1899, 'Solving Non-binary Convez CSPs in Continous Domains.', '410-424', NULL, NULL);
INSERT INTO RelationPersonInProceeding (PersonId, InProceedingId) VALUES (1212, 1899);
INSERT INTO RelationPersonInProceeding (PersonId, InProceedingId) VALUES (1213, 1899);
INSERT INTO InProceeding (InProceedingId, Title, Pages, Url, ProceedingId) VALUES (1900, 'From Evaluating Upper Bounds of the Complexity of Solving CSPs to Finding All the Solutions of CSPs.', '559-560', NULL, NULL);
INSERT INTO RelationPersonInProceeding (PersonId, InProceedingId) VALUES (2934, 1900);
INSERT INTO InProceeding (InProceedingId, Title, Pages, Url, ProceedingId) VALUES (1901, 'A Note on Partial Consistencies over Continuous Domains.', '147-161', NULL, 52);
INSERT INTO RelationPersonInProceeding (PersonId, InProceedingId) VALUES (2467, 1901);
INSERT INTO Person (PersonId, Name) VALUES (3131, 'Hlne Collavizza');
INSERT INTO RelationPersonInProceeding (PersonId, InProceedingId) VALUES (3131, 1901);
INSERT INTO Person (PersonId, Name) VALUES (3132, 'Franois Delobel');
INSERT INTO RelationPersonInProceeding (PersonId, InProceedingId) VALUES (3132, 1901);
INSERT INTO InProceeding (InProceedingId, Title, Pages, Url, ProceedingId) VALUES (1902, 'Scheduling Multi-capacitated Resources Under Complex Temporal Constraints.', '465', NULL, 52);
INSERT INTO Person (PersonId, Name) VALUES (3133, 'Angelo Oddi');
INSERT INTO RelationPersonInProceeding (PersonId, InProceedingId) VALUES (3133, 1902);
INSERT INTO RelationPersonInProceeding (PersonId, InProceedingId) VALUES (2965, 1902);
INSERT INTO Person (PersonId, Name) VALUES (3134, 'Amedeo Cesta');
INSERT INTO RelationPersonInProceeding (PersonId, InProceedingId) VALUES (3134, 1902);
INSERT INTO InProceeding (InProceedingId, Title, Pages, Url, ProceedingId) VALUES (1903, 'A Concurrent Constraint Programming Approach for Trajectory Determination of Autonomous Vehicles.', '777', NULL, 56);
INSERT INTO RelationPersonInProceeding (PersonId, InProceedingId) VALUES (2755, 1903);
INSERT INTO Person (PersonId, Name) VALUES (3135, 'Luis Quesada');
INSERT INTO RelationPersonInProceeding (PersonId, InProceedingId) VALUES (3135, 1903);
INSERT INTO InProceeding (InProceedingId, Title, Pages, Url, ProceedingId) VALUES (1904, 'Finding Solvable Subsets of Constraint Graphs.', '463-477', NULL, 51);
INSERT INTO Person (PersonId, Name) VALUES (3136, 'Meera Sitharam');
INSERT INTO RelationPersonInProceeding (PersonId, InProceedingId) VALUES (3136, 1904);
INSERT INTO Person (PersonId, Name) VALUES (3137, 'Andrew Lomonosov');
INSERT INTO RelationPersonInProceeding (PersonId, InProceedingId) VALUES (3137, 1904);
INSERT INTO Person (PersonId, Name) VALUES (3138, 'Christoph M. Hoffmann');
INSERT INTO RelationPersonInProceeding (PersonId, InProceedingId) VALUES (3138, 1904);
INSERT INTO InProceeding (InProceedingId, Title, Pages, Url, ProceedingId) VALUES (1905, 'On Similarity Queries for Time-Series Data: Constraint Specification and Implementation.', '137-153', NULL, 50);
INSERT INTO RelationPersonInProceeding (PersonId, InProceedingId) VALUES (3036, 1905);
INSERT INTO Person (PersonId, Name) VALUES (3139, 'Paris C. Kanellakis');
INSERT INTO RelationPersonInProceeding (PersonId, InProceedingId) VALUES (3139, 1905);
INSERT INTO InProceeding (InProceedingId, Title, Pages, Url, ProceedingId) VALUES (1906, 'Arc Consistency on n-ary Monotonic and Linear Constraints.', '470-483', NULL, 54);
INSERT INTO RelationPersonInProceeding (PersonId, InProceedingId) VALUES (2778, 1906);
INSERT INTO Person (PersonId, Name) VALUES (3140, 'Zhang Yuanlin');
INSERT INTO RelationPersonInProceeding (PersonId, InProceedingId) VALUES (3140, 1906);
INSERT INTO InProceeding (InProceedingId, Title, Pages, Url, ProceedingId) VALUES (1907, 'From Local to Global Consistency in Temporal Constraint Networks.', '53-69', NULL, 50);
INSERT INTO RelationPersonInProceeding (PersonId, InProceedingId) VALUES (2861, 1907);
INSERT INTO InProceeding (InProceedingId, Title, Pages, Url, ProceedingId) VALUES (1908, 'Tractable Disjunctions of Linear Constraints.', '297-307', NULL, NULL);
INSERT INTO RelationPersonInProceeding (PersonId, InProceedingId) VALUES (2861, 1908);
INSERT INTO InProceeding (InProceedingId, Title, Pages, Url, ProceedingId) VALUES (1909, 'Boosting Local Search with Artificial Ants.', '620-624', NULL, 55);
INSERT INTO Person (PersonId, Name) VALUES (3141, 'Christine Solnon');
INSERT INTO RelationPersonInProceeding (PersonId, InProceedingId) VALUES (3141, 1909);
INSERT INTO InProceeding (InProceedingId, Title, Pages, Url, ProceedingId) VALUES (1910, 'Cooperating Constraint Solvers.', '520-524', NULL, 54);
INSERT INTO RelationPersonInProceeding (PersonId, InProceedingId) VALUES (2551, 1910);
INSERT INTO InProceeding (InProceedingId, Title, Pages, Url, ProceedingId) VALUES (1911, 'The Phase Transition of the Linear Inequalities Problem.', '422-432', NULL, 55);
INSERT INTO Person (PersonId, Name) VALUES (3142, 'Silvio Ranise');
INSERT INTO RelationPersonInProceeding (PersonId, InProceedingId) VALUES (3142, 1911);
INSERT INTO Person (PersonId, Name) VALUES (3143, 'Alessandro Armando');
INSERT INTO RelationPersonInProceeding (PersonId, InProceedingId) VALUES (3143, 1911);
INSERT INTO Person (PersonId, Name) VALUES (3144, 'Felice Peccia');
INSERT INTO RelationPersonInProceeding (PersonId, InProceedingId) VALUES (3144, 1911);
INSERT INTO InProceeding (InProceedingId, Title, Pages, Url, ProceedingId) VALUES (1912, 'On Constraint Problems with Incomplete or Erroneous Data.', '766', NULL, 56);
INSERT INTO Person (PersonId, Name) VALUES (3145, 'Neil Yorke-Smith');
INSERT INTO RelationPersonInProceeding (PersonId, InProceedingId) VALUES (3145, 1912);
INSERT INTO InProceeding (InProceedingId, Title, Pages, Url, ProceedingId) VALUES (1913, 'Model-Based Programming: Controlling Embedded Systems by Reasoning About Hidden State.', '508-524', NULL, 56);
INSERT INTO Person (PersonId, Name) VALUES (3146, 'Brian C. Williams');
INSERT INTO RelationPersonInProceeding (PersonId, InProceedingId) VALUES (3146, 1913);
INSERT INTO Person (PersonId, Name) VALUES (3147, 'Michel D. Ingham');
INSERT INTO RelationPersonInProceeding (PersonId, InProceedingId) VALUES (3147, 1913);
INSERT INTO InProceeding (InProceedingId, Title, Pages, Url, ProceedingId) VALUES (1914, 'Solving Classes of Set Constraints with Tree Automata.', '62-76', NULL, 51);
INSERT INTO Person (PersonId, Name) VALUES (3148, 'Sophie Tison');
INSERT INTO RelationPersonInProceeding (PersonId, InProceedingId) VALUES (3148, 1914);
INSERT INTO Person (PersonId, Name) VALUES (3149, 'J. M. Talbot');
INSERT INTO RelationPersonInProceeding (PersonId, InProceedingId) VALUES (3149, 1914);
INSERT INTO Person (PersonId, Name) VALUES (3150, 'Philippe Devienne');
INSERT INTO RelationPersonInProceeding (PersonId, InProceedingId) VALUES (3150, 1914);
INSERT INTO InProceeding (InProceedingId, Title, Pages, Url, ProceedingId) VALUES (1915, 'A Dynamic Distributed Constraint Satisfaction Approach to Resource Allocation.', '685-700', NULL, 55);
INSERT INTO RelationPersonInProceeding (PersonId, InProceedingId) VALUES (2801, 1915);
INSERT INTO RelationPersonInProceeding (PersonId, InProceedingId) VALUES (2822, 1915);
INSERT INTO Person (PersonId, Name) VALUES (3151, 'Wei-Min Shen');
INSERT INTO RelationPersonInProceeding (PersonId, InProceedingId) VALUES (3151, 1915);
INSERT INTO Person (PersonId, Name) VALUES (3152, 'Shriniwas Kulkarni');
INSERT INTO RelationPersonInProceeding (PersonId, InProceedingId) VALUES (3152, 1915);
INSERT INTO Person (PersonId, Name) VALUES (3153, 'Milind Tambe');
INSERT INTO RelationPersonInProceeding (PersonId, InProceedingId) VALUES (3153, 1915);
INSERT INTO InProceeding (InProceedingId, Title, Pages, Url, ProceedingId) VALUES (1916, 'On Dual Encodings for Non-binary Constraint Satisfaction Problems.', '531-536', NULL, 54);
INSERT INTO RelationPersonInProceeding (PersonId, InProceedingId) VALUES (1261, 1916);
INSERT INTO RelationPersonInProceeding (PersonId, InProceedingId) VALUES (1209, 1916);
INSERT INTO RelationPersonInProceeding (PersonId, InProceedingId) VALUES (3107, 1916);
INSERT INTO RelationPersonInProceeding (PersonId, InProceedingId) VALUES (1262, 1916);
INSERT INTO InProceeding (InProceedingId, Title, Pages, Url, ProceedingId) VALUES (1917, 'Guarded Constructive Disjunction: Angel or Demon?', '345-361', NULL, 50);
INSERT INTO RelationPersonInProceeding (PersonId, InProceedingId) VALUES (2725, 1917);
INSERT INTO RelationPersonInProceeding (PersonId, InProceedingId) VALUES (2726, 1917);
INSERT INTO InProceeding (InProceedingId, Title, Pages, Url, ProceedingId) VALUES (1918, 'Normalizing Narrowing for Weakly Terminating and Confluent Systems.', '415-430', NULL, 50);
INSERT INTO Person (PersonId, Name) VALUES (3154, 'Andreas Werner');
INSERT INTO RelationPersonInProceeding (PersonId, InProceedingId) VALUES (3154, 1918);
INSERT INTO InProceeding (InProceedingId, Title, Pages, Url, ProceedingId) VALUES (1919, 'The Phase Transition in Distributed Constraint Satisfaction Problems: Fist Results.', '515-519', NULL, 54);
INSERT INTO Person (PersonId, Name) VALUES (3155, 'Katia P. Sycara');
INSERT INTO RelationPersonInProceeding (PersonId, InProceedingId) VALUES (3155, 1919);
INSERT INTO RelationPersonInProceeding (PersonId, InProceedingId) VALUES (2780, 1919);
INSERT INTO RelationPersonInProceeding (PersonId, InProceedingId) VALUES (2752, 1919);
INSERT INTO InProceeding (InProceedingId, Title, Pages, Url, ProceedingId) VALUES (1920, 'Towards a Symmetric Treatment of Satisfaction and Conflicts in Quantified Boolean Formula Evaluation.', '200-215', NULL, 56);
INSERT INTO RelationPersonInProceeding (PersonId, InProceedingId) VALUES (1958, 1920);
INSERT INTO Person (PersonId, Name) VALUES (3156, 'Lintao Zhang');
INSERT INTO RelationPersonInProceeding (PersonId, InProceedingId) VALUES (3156, 1920);
INSERT INTO InProceeding (InProceedingId, Title, Pages, Url, ProceedingId) VALUES (1921, 'Constraint Propagation in Model Generation.', '398-414', NULL, 50);
INSERT INTO Person (PersonId, Name) VALUES (3157, 'Hantao Zhang');
INSERT INTO RelationPersonInProceeding (PersonId, InProceedingId) VALUES (3157, 1921);
INSERT INTO RelationPersonInProceeding (PersonId, InProceedingId) VALUES (1443, 1921);
INSERT INTO InProceeding (InProceedingId, Title, Pages, Url, ProceedingId) VALUES (1922, 'A CLP Approach to the Protein Side-Chain Placement Problem.', '479-493', NULL, 55);
INSERT INTO Person (PersonId, Name) VALUES (3158, 'Graham J. L. Kemp');
INSERT INTO RelationPersonInProceeding (PersonId, InProceedingId) VALUES (3158, 1922);
INSERT INTO Person (PersonId, Name) VALUES (3159, 'Martin T. Swain');
INSERT INTO RelationPersonInProceeding (PersonId, InProceedingId) VALUES (3159, 1922);
INSERT INTO InProceeding (InProceedingId, Title, Pages, Url, ProceedingId) VALUES (1923, 'A Polynomial Time Local Propagation Algorithm for General Dataflow Constraint Problems.', '432-446', NULL, 52);
INSERT INTO RelationPersonInProceeding (PersonId, InProceedingId) VALUES (2945, 1923);
INSERT INTO InProceeding (InProceedingId, Title, Pages, Url, ProceedingId) VALUES (1924, 'Constraint Hierarchies.', '23-62', NULL, 58);
INSERT INTO RelationPersonInProceeding (PersonId, InProceedingId) VALUES (3103, 1924);
INSERT INTO RelationPersonInProceeding (PersonId, InProceedingId) VALUES (2786, 1924);
INSERT INTO Person (PersonId, Name) VALUES (3160, 'Molly Wilson');
INSERT INTO RelationPersonInProceeding (PersonId, InProceedingId) VALUES (3160, 1924);
INSERT INTO InProceeding (InProceedingId, Title, Pages, Url, ProceedingId) VALUES (1925, 'Exploiting the CSP Structure by Interchangeability.', '774', NULL, 55);
INSERT INTO RelationPersonInProceeding (PersonId, InProceedingId) VALUES (3086, 1925);
INSERT INTO InProceeding (InProceedingId, Title, Pages, Url, ProceedingId) VALUES (1926, 'Studying Interchangeability in Constraint Satisfaction Problems.', '787-788', NULL, 56);
INSERT INTO RelationPersonInProceeding (PersonId, InProceedingId) VALUES (3086, 1926);
INSERT INTO InProceeding (InProceedingId, Title, Pages, Url, ProceedingId) VALUES (1927, 'The Logic of Search Algorithms: Theory and Applications.', '77-91', NULL, 51);
INSERT INTO Person (PersonId, Name) VALUES (3161, 'Judith L. Underwood');
INSERT INTO RelationPersonInProceeding (PersonId, InProceedingId) VALUES (3161, 1927);
INSERT INTO RelationPersonInProceeding (PersonId, InProceedingId) VALUES (2790, 1927);
INSERT INTO InProceeding (InProceedingId, Title, Pages, Url, ProceedingId) VALUES (1928, 'CSPLIB: A Benchmark Library for Constraints.', '480-481', NULL, 53);
INSERT INTO RelationPersonInProceeding (PersonId, InProceedingId) VALUES (1424, 1928);
INSERT INTO RelationPersonInProceeding (PersonId, InProceedingId) VALUES (2790, 1928);
INSERT INTO InProceeding (InProceedingId, Title, Pages, Url, ProceedingId) VALUES (1929, 'What Is Symbolic Computation?', '563', NULL, 50);
INSERT INTO Person (PersonId, Name) VALUES (3162, 'Bruno Buchberger');
INSERT INTO RelationPersonInProceeding (PersonId, InProceedingId) VALUES (3162, 1929);
INSERT INTO InProceeding (InProceedingId, Title, Pages, Url, ProceedingId) VALUES (1930, 'Maintaining Arc-Consistency within Dynamic Backtracking.', '249-261', NULL, 54);
INSERT INTO RelationPersonInProceeding (PersonId, InProceedingId) VALUES (2698, 1930);
INSERT INTO RelationPersonInProceeding (PersonId, InProceedingId) VALUES (2731, 1930);
INSERT INTO RelationPersonInProceeding (PersonId, InProceedingId) VALUES (3037, 1930);
INSERT INTO InProceeding (InProceedingId, Title, Pages, Url, ProceedingId) VALUES (1931, 'The Arc and Path Consistency Phase Transitions.', '541-542', NULL, NULL);
INSERT INTO RelationPersonInProceeding (PersonId, InProceedingId) VALUES (3020, 1931);
INSERT INTO RelationPersonInProceeding (PersonId, InProceedingId) VALUES (2855, 1931);
INSERT INTO InProceeding (InProceedingId, Title, Pages, Url, ProceedingId) VALUES (1932, 'Generalized Local Propagation: A Framework for Solving Constraint Hierarchies.', '237-251', NULL, NULL);
INSERT INTO Person (PersonId, Name) VALUES (3163, 'Akinori Yonezawa');
INSERT INTO RelationPersonInProceeding (PersonId, InProceedingId) VALUES (3163, 1932);
INSERT INTO Person (PersonId, Name) VALUES (3164, 'Satoshi Matsuoka');
INSERT INTO RelationPersonInProceeding (PersonId, InProceedingId) VALUES (3164, 1932);
INSERT INTO RelationPersonInProceeding (PersonId, InProceedingId) VALUES (2878, 1932);
INSERT INTO InProceeding (InProceedingId, Title, Pages, Url, ProceedingId) VALUES (1933, 'Resource Allocation and Constraint Satisfaction Techniques.', '204-218', NULL, 53);
INSERT INTO Person (PersonId, Name) VALUES (3165, 'Christian Frei');
INSERT INTO RelationPersonInProceeding (PersonId, InProceedingId) VALUES (3165, 1933);
INSERT INTO RelationPersonInProceeding (PersonId, InProceedingId) VALUES (1212, 1933);
INSERT INTO InProceeding (InProceedingId, Title, Pages, Url, ProceedingId) VALUES (1934, 'Solving Non-binary CSPs Using the Hidden Variable Encoding.', '168-182', NULL, 55);
INSERT INTO Person (PersonId, Name) VALUES (3166, 'Nikos Mamoulis');
INSERT INTO RelationPersonInProceeding (PersonId, InProceedingId) VALUES (3166, 1934);
INSERT INTO RelationPersonInProceeding (PersonId, InProceedingId) VALUES (3018, 1934);
INSERT INTO InProceeding (InProceedingId, Title, Pages, Url, ProceedingId) VALUES (1935, 'Random Constraint Satisfaction: A More Accurate Picture.', '107-120', NULL, 51);
INSERT INTO Person (PersonId, Name) VALUES (3167, 'Danny Krizanc');
INSERT INTO RelationPersonInProceeding (PersonId, InProceedingId) VALUES (3167, 1935);
INSERT INTO Person (PersonId, Name) VALUES (3168, 'Lefteris M. Kirousis');
INSERT INTO RelationPersonInProceeding (PersonId, InProceedingId) VALUES (3168, 1935);
INSERT INTO Person (PersonId, Name) VALUES (3169, 'Dimitris Achlioptas');
INSERT INTO RelationPersonInProceeding (PersonId, InProceedingId) VALUES (3169, 1935);
INSERT INTO Person (PersonId, Name) VALUES (3170, 'Michael S. O. Molloy');
INSERT INTO RelationPersonInProceeding (PersonId, InProceedingId) VALUES (3170, 1935);
INSERT INTO Person (PersonId, Name) VALUES (3171, 'Yannis C. Stamatiou');
INSERT INTO RelationPersonInProceeding (PersonId, InProceedingId) VALUES (3171, 1935);
INSERT INTO Person (PersonId, Name) VALUES (3172, 'Evangelos Kranakis');
INSERT INTO RelationPersonInProceeding (PersonId, InProceedingId) VALUES (3172, 1935);
INSERT INTO InProceeding (InProceedingId, Title, Pages, Url, ProceedingId) VALUES (1936, 'Closure Functions and Width 1 Problems.', '159-173', NULL, 53);
INSERT INTO RelationPersonInProceeding (PersonId, InProceedingId) VALUES (2919, 1936);
INSERT INTO RelationPersonInProceeding (PersonId, InProceedingId) VALUES (3068, 1936);
INSERT INTO InProceeding (InProceedingId, Title, Pages, Url, ProceedingId) VALUES (1937, 'Improved Branch and Bound in Constraint Logic Programming.', '533-548', NULL, 50);
INSERT INTO RelationPersonInProceeding (PersonId, InProceedingId) VALUES (2827, 1937);
INSERT INTO Person (PersonId, Name) VALUES (3173, 'Shyam Mudambi');
INSERT INTO RelationPersonInProceeding (PersonId, InProceedingId) VALUES (3173, 1937);
INSERT INTO InProceeding (InProceedingId, Title, Pages, Url, ProceedingId) VALUES (1938, 'An Instance of Adaptive Constraint Propagation.', '164-178', NULL, NULL);
INSERT INTO Person (PersonId, Name) VALUES (3174, 'Hani El Sakkout');
INSERT INTO RelationPersonInProceeding (PersonId, InProceedingId) VALUES (3174, 1938);
INSERT INTO RelationPersonInProceeding (PersonId, InProceedingId) VALUES (3092, 1938);
INSERT INTO RelationPersonInProceeding (PersonId, InProceedingId) VALUES (3053, 1938);
INSERT INTO InProceeding (InProceedingId, Title, Pages, Url, ProceedingId) VALUES (1939, 'Solving Satisfiability Problems on FPGAs Using Experimental Unit Propagation.', '434-445', NULL, 53);
INSERT INTO Person (PersonId, Name) VALUES (3175, 'Akira Nagoya');
INSERT INTO RelationPersonInProceeding (PersonId, InProceedingId) VALUES (3175, 1939);
INSERT INTO RelationPersonInProceeding (PersonId, InProceedingId) VALUES (2798, 1939);
INSERT INTO RelationPersonInProceeding (PersonId, InProceedingId) VALUES (2752, 1939);
INSERT INTO InProceeding (InProceedingId, Title, Pages, Url, ProceedingId) VALUES (1940, 'Global Constraints as Graph Properties on a Structured Network of Elementary Constraints of the Same Type.', '52-66', NULL, 54);
INSERT INTO RelationPersonInProceeding (PersonId, InProceedingId) VALUES (2980, 1940);
INSERT INTO InProceeding (InProceedingId, Title, Pages, Url, ProceedingId) VALUES (1941, 'Pruning for the Minimum Constraint Family and for the Number of Distinct Values Constraint Family.', '211-224', NULL, 55);
INSERT INTO RelationPersonInProceeding (PersonId, InProceedingId) VALUES (2980, 1941);
INSERT INTO InProceeding (InProceedingId, Title, Pages, Url, ProceedingId) VALUES (1942, 'Solving Boolean Satisfiability Using Local Search Guided by Unit Clause Elimination.', '605-609', NULL, 55);
INSERT INTO Person (PersonId, Name) VALUES (3176, 'Edward A. Hirsch');
INSERT INTO RelationPersonInProceeding (PersonId, InProceedingId) VALUES (3176, 1942);
INSERT INTO Person (PersonId, Name) VALUES (3177, 'Arist Kojevnikov');
INSERT INTO RelationPersonInProceeding (PersonId, InProceedingId) VALUES (3177, 1942);
INSERT INTO InProceeding (InProceedingId, Title, Pages, Url, ProceedingId) VALUES (1943, 'Constraint Satisfaction in Optical Routing for Passive Wavelength-Routed Networks.', '31-45', NULL, NULL);
INSERT INTO Person (PersonId, Name) VALUES (3178, 'Dhritiman Banerjee');
INSERT INTO RelationPersonInProceeding (PersonId, InProceedingId) VALUES (3178, 1943);
INSERT INTO Person (PersonId, Name) VALUES (3179, 'Jeremy Frank');
INSERT INTO RelationPersonInProceeding (PersonId, InProceedingId) VALUES (3179, 1943);
INSERT INTO InProceeding (InProceedingId, Title, Pages, Url, ProceedingId) VALUES (1944, 'Anytime Lower Bounds for Constraint Violation Minimization Problems.', '117-131', NULL, 52);
INSERT INTO Person (PersonId, Name) VALUES (3180, 'Bertrand Cabon');
INSERT INTO RelationPersonInProceeding (PersonId, InProceedingId) VALUES (3180, 1944);
INSERT INTO RelationPersonInProceeding (PersonId, InProceedingId) VALUES (2830, 1944);
INSERT INTO RelationPersonInProceeding (PersonId, InProceedingId) VALUES (2987, 1944);
INSERT INTO InProceeding (InProceedingId, Title, Pages, Url, ProceedingId) VALUES (1945, 'On Termination of Constraint Logic Programs.', '431-448', NULL, 50);
INSERT INTO Person (PersonId, Name) VALUES (3181, 'Livio Colussi');
INSERT INTO RelationPersonInProceeding (PersonId, InProceedingId) VALUES (3181, 1945);
INSERT INTO Person (PersonId, Name) VALUES (3182, 'Massimo Marchiori');
INSERT INTO RelationPersonInProceeding (PersonId, InProceedingId) VALUES (3182, 1945);
INSERT INTO Person (PersonId, Name) VALUES (3183, 'Elena Marchiori');
INSERT INTO RelationPersonInProceeding (PersonId, InProceedingId) VALUES (3183, 1945);
INSERT INTO InProceeding (InProceedingId, Title, Pages, Url, ProceedingId) VALUES (1946, 'Optimal Placement of Base Stations in Wireless Indoor Telecommunication.', '476-480', NULL, 52);
INSERT INTO RelationPersonInProceeding (PersonId, InProceedingId) VALUES (3116, 1946);
INSERT INTO RelationPersonInProceeding (PersonId, InProceedingId) VALUES (2720, 1946);
INSERT INTO InProceeding (InProceedingId, Title, Pages, Url, ProceedingId) VALUES (1947, 'Temporal Concurrent Constraint Programming.', '786', NULL, 55);
INSERT INTO RelationPersonInProceeding (PersonId, InProceedingId) VALUES (2694, 1947);
INSERT INTO InProceeding (InProceedingId, Title, Pages, Url, ProceedingId) VALUES (1948, 'Safe Stratified Datalog with Integer Order Programs.', '154-169', NULL, 50);
INSERT INTO RelationPersonInProceeding (PersonId, InProceedingId) VALUES (3087, 1948);
INSERT INTO InProceeding (InProceedingId, Title, Pages, Url, ProceedingId) VALUES (1949, 'Safe Datalog Queries with Linear Constraints.', '355-369', NULL, 52);
INSERT INTO RelationPersonInProceeding (PersonId, InProceedingId) VALUES (3087, 1949);
INSERT INTO InProceeding (InProceedingId, Title, Pages, Url, ProceedingId) VALUES (1950, 'Bounding the Optimum of Constraint Optimization Problems.', '405-419', NULL, 51);
INSERT INTO RelationPersonInProceeding (PersonId, InProceedingId) VALUES (751, 1950);
INSERT INTO RelationPersonInProceeding (PersonId, InProceedingId) VALUES (2830, 1950);
INSERT INTO RelationPersonInProceeding (PersonId, InProceedingId) VALUES (2987, 1950);
INSERT INTO InProceeding (InProceedingId, Title, Pages, Url, ProceedingId) VALUES (1951, 'Automatic Generation of Invariants and Assertions.', '589-623', NULL, 50);
INSERT INTO Person (PersonId, Name) VALUES (3184, 'Anca Browne');
INSERT INTO RelationPersonInProceeding (PersonId, InProceedingId) VALUES (3184, 1951);
INSERT INTO Person (PersonId, Name) VALUES (3185, 'Nikolaj Bjrner');
INSERT INTO RelationPersonInProceeding (PersonId, InProceedingId) VALUES (3185, 1951);
INSERT INTO Person (PersonId, Name) VALUES (3186, 'Zohar Manna');
INSERT INTO RelationPersonInProceeding (PersonId, InProceedingId) VALUES (3186, 1951);
INSERT INTO InProceeding (InProceedingId, Title, Pages, Url, ProceedingId) VALUES (1952, 'Using Bidirectionality to Speed up Arc-Constistency Processing.', '157-169', NULL, 57);
INSERT INTO RelationPersonInProceeding (PersonId, InProceedingId) VALUES (2870, 1952);
INSERT INTO RelationPersonInProceeding (PersonId, InProceedingId) VALUES (2699, 1952);
INSERT INTO InProceeding (InProceedingId, Title, Pages, Url, ProceedingId) VALUES (1953, 'MAC and Combined Heuristics: Two Reasons to Forsake FC (and CBJ?) on Hard Problems.', '61-75', NULL, NULL);
INSERT INTO RelationPersonInProceeding (PersonId, InProceedingId) VALUES (2870, 1953);
INSERT INTO RelationPersonInProceeding (PersonId, InProceedingId) VALUES (2699, 1953);
INSERT INTO InProceeding (InProceedingId, Title, Pages, Url, ProceedingId) VALUES (1954, 'Enforcing Arc Consistency on Global Constraints by Solving Subproblems on the Fly.', '103-117', NULL, 53);
INSERT INTO RelationPersonInProceeding (PersonId, InProceedingId) VALUES (2870, 1954);
INSERT INTO RelationPersonInProceeding (PersonId, InProceedingId) VALUES (2699, 1954);
INSERT INTO InProceeding (InProceedingId, Title, Pages, Url, ProceedingId) VALUES (1955, 'Recovering and Exploiting Structural Knowledge from CNF Formulas.', '185-199', NULL, 56);
INSERT INTO RelationPersonInProceeding (PersonId, InProceedingId) VALUES (3120, 1955);
INSERT INTO Person (PersonId, Name) VALUES (3187, 'Bertrand Mazure');
INSERT INTO RelationPersonInProceeding (PersonId, InProceedingId) VALUES (3187, 1955);
INSERT INTO Person (PersonId, Name) VALUES (3188, 'Richard Ostrowski');
INSERT INTO RelationPersonInProceeding (PersonId, InProceedingId) VALUES (3188, 1955);
INSERT INTO Person (PersonId, Name) VALUES (3189, 'ric Grgoire');
INSERT INTO RelationPersonInProceeding (PersonId, InProceedingId) VALUES (3189, 1955);
INSERT INTO InProceeding (InProceedingId, Title, Pages, Url, ProceedingId) VALUES (1956, 'A Relaxation of the Cumulative Constraint.', '686-690', NULL, 56);
INSERT INTO RelationPersonInProceeding (PersonId, InProceedingId) VALUES (2829, 1956);
INSERT INTO Person (PersonId, Name) VALUES (3190, 'Hong Yan');
INSERT INTO RelationPersonInProceeding (PersonId, InProceedingId) VALUES (3190, 1956);
INSERT INTO InProceeding (InProceedingId, Title, Pages, Url, ProceedingId) VALUES (1957, 'On the Dynamic Detection of Interchangeability in Finite Constraint Satisfaction Problems.', '760', NULL, 55);
INSERT INTO RelationPersonInProceeding (PersonId, InProceedingId) VALUES (2876, 1957);
INSERT INTO Person (PersonId, Name) VALUES (3191, 'Amy M. Beckwith');
INSERT INTO RelationPersonInProceeding (PersonId, InProceedingId) VALUES (3191, 1957);
INSERT INTO InProceeding (InProceedingId, Title, Pages, Url, ProceedingId) VALUES (1958, 'Optimization-based Heuristics for Maximal Constraint Satisfaction.', '103-120', NULL, 50);
INSERT INTO RelationPersonInProceeding (PersonId, InProceedingId) VALUES (2785, 1958);
INSERT INTO RelationPersonInProceeding (PersonId, InProceedingId) VALUES (2933, 1958);
INSERT INTO InProceeding (InProceedingId, Title, Pages, Url, ProceedingId) VALUES (1959, 'Exploiting the Use of DAC in MAX-CSP.', '308-322', NULL, NULL);
INSERT INTO RelationPersonInProceeding (PersonId, InProceedingId) VALUES (2785, 1959);
INSERT INTO RelationPersonInProceeding (PersonId, InProceedingId) VALUES (2933, 1959);
INSERT INTO InProceeding (InProceedingId, Title, Pages, Url, ProceedingId) VALUES (1960, 'Partition-Based Lower Bound for Max-CSP.', '303-315', NULL, 53);
INSERT INTO RelationPersonInProceeding (PersonId, InProceedingId) VALUES (2785, 1960);
INSERT INTO RelationPersonInProceeding (PersonId, InProceedingId) VALUES (2933, 1960);
INSERT INTO InProceeding (InProceedingId, Title, Pages, Url, ProceedingId) VALUES (1961, 'Conflict-Based Repair Techniques for Solving Dynamic Scheduling Problems.', '702-707', NULL, 56);
INSERT INTO Person (PersonId, Name) VALUES (3192, 'Christelle Guret');
INSERT INTO RelationPersonInProceeding (PersonId, InProceedingId) VALUES (3192, 1961);
INSERT INTO RelationPersonInProceeding (PersonId, InProceedingId) VALUES (3037, 1961);
INSERT INTO Person (PersonId, Name) VALUES (3193, 'Abdallah Elkhyari');
INSERT INTO RelationPersonInProceeding (PersonId, InProceedingId) VALUES (3193, 1961);
INSERT INTO InProceeding (InProceedingId, Title, Pages, Url, ProceedingId) VALUES (1962, 'Ordering Constraints over Feature Trees.', '297-311', NULL, 51);
INSERT INTO RelationPersonInProceeding (PersonId, InProceedingId) VALUES (2549, 1962);
INSERT INTO RelationPersonInProceeding (PersonId, InProceedingId) VALUES (2508, 1962);
INSERT INTO Person (PersonId, Name) VALUES (3194, 'Martin Mller');
INSERT INTO RelationPersonInProceeding (PersonId, InProceedingId) VALUES (3194, 1962);
INSERT INTO InProceeding (InProceedingId, Title, Pages, Url, ProceedingId) VALUES (1963, 'Compiling Semiring-Based Constraints with clp (FD, S).', '205-219', NULL, 52);
INSERT INTO Person (PersonId, Name) VALUES (3195, 'Yan Georget');
INSERT INTO RelationPersonInProceeding (PersonId, InProceedingId) VALUES (3195, 1963);
INSERT INTO RelationPersonInProceeding (PersonId, InProceedingId) VALUES (2725, 1963);
INSERT INTO InProceeding (InProceedingId, Title, Pages, Url, ProceedingId) VALUES (1964, 'Models of Injection Problems.', '781', NULL, 56);
INSERT INTO RelationPersonInProceeding (PersonId, InProceedingId) VALUES (1424, 1964);
INSERT INTO RelationPersonInProceeding (PersonId, InProceedingId) VALUES (2744, 1964);
INSERT INTO InProceeding (InProceedingId, Title, Pages, Url, ProceedingId) VALUES (1965, 'Lower Bounds for Non-binary Constraint Optimization Problems.', '317-331', NULL, 55);
INSERT INTO RelationPersonInProceeding (PersonId, InProceedingId) VALUES (2997, 1965);
INSERT INTO RelationPersonInProceeding (PersonId, InProceedingId) VALUES (2785, 1965);
INSERT INTO RelationPersonInProceeding (PersonId, InProceedingId) VALUES (2933, 1965);
INSERT INTO InProceeding (InProceedingId, Title, Pages, Url, ProceedingId) VALUES (1966, 'Restart Policies with Dependence among Runs: A Dynamic Programming Approach.', '573-586', NULL, 56);
INSERT INTO Person (PersonId, Name) VALUES (3196, 'Yongshao Ruan');
INSERT INTO RelationPersonInProceeding (PersonId, InProceedingId) VALUES (3196, 1966);
INSERT INTO Person (PersonId, Name) VALUES (3197, 'Eric Horvitz');
INSERT INTO RelationPersonInProceeding (PersonId, InProceedingId) VALUES (3197, 1966);
INSERT INTO Person (PersonId, Name) VALUES (3198, 'Henry A. Kautz');
INSERT INTO RelationPersonInProceeding (PersonId, InProceedingId) VALUES (3198, 1966);
INSERT INTO InProceeding (InProceedingId, Title, Pages, Url, ProceedingId) VALUES (1967, 'Opportunistic Specialization in Russian Doll Search.', '264-279', NULL, 56);
INSERT INTO RelationPersonInProceeding (PersonId, InProceedingId) VALUES (2830, 1967);
INSERT INTO Person (PersonId, Name) VALUES (3199, 'Mart Snchez');
INSERT INTO RelationPersonInProceeding (PersonId, InProceedingId) VALUES (3199, 1967);
INSERT INTO RelationPersonInProceeding (PersonId, InProceedingId) VALUES (2933, 1967);
INSERT INTO InProceeding (InProceedingId, Title, Pages, Url, ProceedingId) VALUES (1968, 'Using Constraint Propagation to Accelerate Column Generation in Aircraft Scheduling.', '778', NULL, 56);
INSERT INTO Person (PersonId, Name) VALUES (3200, 'Mattias Grnkvist');
INSERT INTO RelationPersonInProceeding (PersonId, InProceedingId) VALUES (3200, 1968);
INSERT INTO InProceeding (InProceedingId, Title, Pages, Url, ProceedingId) VALUES (1969, 'Branching Constraint Satisfaction Problems for Solutions Robust under Likely Changes.', '500-504', NULL, 54);
INSERT INTO Person (PersonId, Name) VALUES (3201, 'Kenneth N. Brown');
INSERT INTO RelationPersonInProceeding (PersonId, InProceedingId) VALUES (3201, 1969);
INSERT INTO Person (PersonId, Name) VALUES (3202, 'David W. Fowler');
INSERT INTO RelationPersonInProceeding (PersonId, InProceedingId) VALUES (3202, 1969);
INSERT INTO InProceeding (InProceedingId, Title, Pages, Url, ProceedingId) VALUES (1970, 'On SAT01 Problem.', '476-477', NULL, 53);
INSERT INTO Person (PersonId, Name) VALUES (3203, 'Stanislav Busygin');
INSERT INTO RelationPersonInProceeding (PersonId, InProceedingId) VALUES (3203, 1970);
INSERT INTO InProceeding (InProceedingId, Title, Pages, Url, ProceedingId) VALUES (1971, 'The Goldilocks Problem.', '234-245', NULL, 53);
INSERT INTO RelationPersonInProceeding (PersonId, InProceedingId) VALUES (2825, 1971);
INSERT INTO Person (PersonId, Name) VALUES (3204, 'Tudor Hulubei');
INSERT INTO RelationPersonInProceeding (PersonId, InProceedingId) VALUES (3204, 1971);
INSERT INTO InProceeding (InProceedingId, Title, Pages, Url, ProceedingId) VALUES (1972, 'Local Probing Applied to Scheduling.', '155-171', NULL, 56);
INSERT INTO Person (PersonId, Name) VALUES (3205, 'Olli Kamarainen');
INSERT INTO RelationPersonInProceeding (PersonId, InProceedingId) VALUES (3205, 1972);
INSERT INTO RelationPersonInProceeding (PersonId, InProceedingId) VALUES (3174, 1972);
INSERT INTO InProceeding (InProceedingId, Title, Pages, Url, ProceedingId) VALUES (1973, 'Transformations Between HCLP and PCSP.', '252-266', NULL, NULL);
INSERT INTO Person (PersonId, Name) VALUES (3206, 'Sebastian Hunt');
INSERT INTO RelationPersonInProceeding (PersonId, InProceedingId) VALUES (3206, 1973);
INSERT INTO Person (PersonId, Name) VALUES (3207, 'Jean-Marie Jacquet');
INSERT INTO RelationPersonInProceeding (PersonId, InProceedingId) VALUES (3207, 1973);
INSERT INTO RelationPersonInProceeding (PersonId, InProceedingId) VALUES (322, 1973);
INSERT INTO RelationPersonInProceeding (PersonId, InProceedingId) VALUES (2913, 1973);
INSERT INTO InProceeding (InProceedingId, Title, Pages, Url, ProceedingId) VALUES (1974, 'Interpreting Sloppy Stick Figures with Constraint-Based Subgraph Matching.', '655-669', NULL, 55);
INSERT INTO Person (PersonId, Name) VALUES (3208, 'James V. Mahoney');
INSERT INTO RelationPersonInProceeding (PersonId, InProceedingId) VALUES (3208, 1974);
INSERT INTO Person (PersonId, Name) VALUES (3209, 'Markus P. J. Fromherz');
INSERT INTO RelationPersonInProceeding (PersonId, InProceedingId) VALUES (3209, 1974);
INSERT INTO InProceeding (InProceedingId, Title, Pages, Url, ProceedingId) VALUES (1975, 'Model-Based Computing: Using Concurrent Constraint Programming for Modeling and Model Compilation.', '629-635', NULL, 50);
INSERT INTO RelationPersonInProceeding (PersonId, InProceedingId) VALUES (2918, 1975);
INSERT INTO RelationPersonInProceeding (PersonId, InProceedingId) VALUES (3209, 1975);
INSERT INTO InProceeding (InProceedingId, Title, Pages, Url, ProceedingId) VALUES (1976, 'Analysis of Random Noise and Random Walk Algorithms.', '278-290', NULL, 54);
INSERT INTO Person (PersonId, Name) VALUES (3210, 'Xi Xie');
INSERT INTO RelationPersonInProceeding (PersonId, InProceedingId) VALUES (3210, 1976);
INSERT INTO Person (PersonId, Name) VALUES (3211, 'Stephen B. Wicker');
INSERT INTO RelationPersonInProceeding (PersonId, InProceedingId) VALUES (3211, 1976);
INSERT INTO RelationPersonInProceeding (PersonId, InProceedingId) VALUES (2973, 1976);
INSERT INTO RelationPersonInProceeding (PersonId, InProceedingId) VALUES (2708, 1976);
INSERT INTO InProceeding (InProceedingId, Title, Pages, Url, ProceedingId) VALUES (1977, 'A Constraint-Based Framework for Prototyping Distributed Virtual Applications.', '202-217', NULL, 54);
INSERT INTO Person (PersonId, Name) VALUES (3212, 'Vineet Gupta');
INSERT INTO RelationPersonInProceeding (PersonId, InProceedingId) VALUES (3212, 1977);
INSERT INTO Person (PersonId, Name) VALUES (3213, 'Lalita Jategaonkar Jagadeesan');
INSERT INTO RelationPersonInProceeding (PersonId, InProceedingId) VALUES (3213, 1977);
INSERT INTO Person (PersonId, Name) VALUES (3214, 'Radha Jagadeesan');
INSERT INTO RelationPersonInProceeding (PersonId, InProceedingId) VALUES (3214, 1977);
INSERT INTO Person (PersonId, Name) VALUES (3215, 'Konstantin Lufer');
INSERT INTO RelationPersonInProceeding (PersonId, InProceedingId) VALUES (3215, 1977);
INSERT INTO Person (PersonId, Name) VALUES (3216, 'Xiaowei Jiang');
INSERT INTO RelationPersonInProceeding (PersonId, InProceedingId) VALUES (3216, 1977);
INSERT INTO InProceeding (InProceedingId, Title, Pages, Url, ProceedingId) VALUES (1978, 'Reducing Domains for Search in CLP(FD) and Its Application to Job-Shop Scheduling.', '549-562', NULL, 50);
INSERT INTO Person (PersonId, Name) VALUES (3217, 'Hans-Joachim Goltz');
INSERT INTO RelationPersonInProceeding (PersonId, InProceedingId) VALUES (3217, 1978);
INSERT INTO InProceeding (InProceedingId, Title, Pages, Url, ProceedingId) VALUES (1979, 'Derivation of Constraints and Database Relations.', '134-148', NULL, NULL);
INSERT INTO RelationPersonInProceeding (PersonId, InProceedingId) VALUES (2807, 1979);
INSERT INTO RelationPersonInProceeding (PersonId, InProceedingId) VALUES (2837, 1979);
INSERT INTO RelationPersonInProceeding (PersonId, InProceedingId) VALUES (2883, 1979);
INSERT INTO InProceeding (InProceedingId, Title, Pages, Url, ProceedingId) VALUES (1980, 'New Tractable Classes from Old.', '160-171', NULL, 54);
INSERT INTO Person (PersonId, Name) VALUES (3218, 'Richard Gault');
INSERT INTO RelationPersonInProceeding (PersonId, InProceedingId) VALUES (3218, 1980);
INSERT INTO RelationPersonInProceeding (PersonId, InProceedingId) VALUES (2837, 1980);
INSERT INTO RelationPersonInProceeding (PersonId, InProceedingId) VALUES (2883, 1980);
INSERT INTO InProceeding (InProceedingId, Title, Pages, Url, ProceedingId) VALUES (1981, 'Tractable Disjunctive Constraints.', '478-490', NULL, 51);
INSERT INTO RelationPersonInProceeding (PersonId, InProceedingId) VALUES (2861, 1981);
INSERT INTO RelationPersonInProceeding (PersonId, InProceedingId) VALUES (2837, 1981);
INSERT INTO RelationPersonInProceeding (PersonId, InProceedingId) VALUES (2883, 1981);
INSERT INTO InProceeding (InProceedingId, Title, Pages, Url, ProceedingId) VALUES (1982, 'Heavy-Tailed Distributions in Combinatorial Search.', '121-135', NULL, 51);
INSERT INTO RelationPersonInProceeding (PersonId, InProceedingId) VALUES (2706, 1982);
INSERT INTO Person (PersonId, Name) VALUES (3219, 'Nuno Crato');
INSERT INTO RelationPersonInProceeding (PersonId, InProceedingId) VALUES (3219, 1982);
INSERT INTO RelationPersonInProceeding (PersonId, InProceedingId) VALUES (2708, 1982);
INSERT INTO InProceeding (InProceedingId, Title, Pages, Url, ProceedingId) VALUES (1983, 'Directed Arc Consistency Preprocessing.', '121-137', NULL, 57);
INSERT INTO RelationPersonInProceeding (PersonId, InProceedingId) VALUES (1414, 1983);
INSERT INTO InProceeding (InProceedingId, Title, Pages, Url, ProceedingId) VALUES (1984, 'A Tableau Based Constraint Solving Toolkit for Interactive Graphical Applications.', '340-354', NULL, 52);
INSERT INTO RelationPersonInProceeding (PersonId, InProceedingId) VALUES (2537, 1984);
INSERT INTO Person (PersonId, Name) VALUES (3220, 'Alan Finlay');
INSERT INTO RelationPersonInProceeding (PersonId, InProceedingId) VALUES (3220, 1984);
INSERT INTO Person (PersonId, Name) VALUES (3221, 'Sitt Chen Chok');
INSERT INTO RelationPersonInProceeding (PersonId, InProceedingId) VALUES (3221, 1984);
INSERT INTO InProceeding (InProceedingId, Title, Pages, Url, ProceedingId) VALUES (1985, 'Heuristic Methods for Over-Constrained Constraint Satisfaction Problems.', '207-216', NULL, 58);
INSERT INTO RelationPersonInProceeding (PersonId, InProceedingId) VALUES (2825, 1985);
INSERT INTO RelationPersonInProceeding (PersonId, InProceedingId) VALUES (1414, 1985);
INSERT INTO InProceeding (InProceedingId, Title, Pages, Url, ProceedingId) VALUES (1986, 'Stable Solutions for Dynamic Constraint Satisfaction Problems.', '447-461', NULL, 52);
INSERT INTO RelationPersonInProceeding (PersonId, InProceedingId) VALUES (2825, 1986);
INSERT INTO RelationPersonInProceeding (PersonId, InProceedingId) VALUES (1414, 1986);
INSERT INTO InProceeding (InProceedingId, Title, Pages, Url, ProceedingId) VALUES (1987, 'Using Randomization and Learning to Solve Hard Real-World Instances of Satisfiability.', '489-494', NULL, 54);
INSERT INTO Person (PersonId, Name) VALUES (3222, 'Lus Baptista');
INSERT INTO RelationPersonInProceeding (PersonId, InProceedingId) VALUES (3222, 1987);
INSERT INTO RelationPersonInProceeding (PersonId, InProceedingId) VALUES (3067, 1987);
INSERT INTO InProceeding (InProceedingId, Title, Pages, Url, ProceedingId) VALUES (1988, 'Constraint Propagation and Decomposition Techniques for Highly Disjunctive and Highly Cumulative Project Scheduling Problems.', '375-389', NULL, 51);
INSERT INTO RelationPersonInProceeding (PersonId, InProceedingId) VALUES (2869, 1988);
INSERT INTO RelationPersonInProceeding (PersonId, InProceedingId) VALUES (3097, 1988);
INSERT INTO InProceeding (InProceedingId, Title, Pages, Url, ProceedingId) VALUES (1989, 'Constraints for Interactive Graphical Applications.', '11-12', NULL, 54);
INSERT INTO RelationPersonInProceeding (PersonId, InProceedingId) VALUES (2786, 1989);
INSERT INTO InProceeding (InProceedingId, Title, Pages, Url, ProceedingId) VALUES (1990, 'Five Pitfalls of Empirical Scheduling Research.', '390-404', NULL, 51);
INSERT INTO Person (PersonId, Name) VALUES (3223, 'J. Christopher Beck');
INSERT INTO RelationPersonInProceeding (PersonId, InProceedingId) VALUES (3223, 1990);
INSERT INTO Person (PersonId, Name) VALUES (3224, 'Andrew J. Davenport');
INSERT INTO RelationPersonInProceeding (PersonId, InProceedingId) VALUES (3224, 1990);
INSERT INTO RelationPersonInProceeding (PersonId, InProceedingId) VALUES (1402, 1990);
INSERT INTO InProceeding (InProceedingId, Title, Pages, Url, ProceedingId) VALUES (1991, 'A Confluent Calculus for Concurrent Constraint Programming with Guarded Choice.', '310-327', NULL, 50);
INSERT INTO RelationPersonInProceeding (PersonId, InProceedingId) VALUES (2537, 1991);
INSERT INTO RelationPersonInProceeding (PersonId, InProceedingId) VALUES (550, 1991);
INSERT INTO InProceeding (InProceedingId, Title, Pages, Url, ProceedingId) VALUES (1992, 'GAC on Conjunctions of Constraints.', '610-614', NULL, 55);
INSERT INTO RelationPersonInProceeding (PersonId, InProceedingId) VALUES (2767, 1992);
INSERT INTO Person (PersonId, Name) VALUES (3225, 'George Katsirelos');
INSERT INTO RelationPersonInProceeding (PersonId, InProceedingId) VALUES (3225, 1992);
INSERT INTO InProceeding (InProceedingId, Title, Pages, Url, ProceedingId) VALUES (1993, 'Local Search and the Number of Solutions.', '119-133', NULL, NULL);
INSERT INTO Person (PersonId, Name) VALUES (3226, 'Neven Tomov');
INSERT INTO RelationPersonInProceeding (PersonId, InProceedingId) VALUES (3226, 1993);
INSERT INTO RelationPersonInProceeding (PersonId, InProceedingId) VALUES (2905, 1993);
INSERT INTO RelationPersonInProceeding (PersonId, InProceedingId) VALUES (1424, 1993);
INSERT INTO RelationPersonInProceeding (PersonId, InProceedingId) VALUES (3179, 1993);
INSERT INTO RelationPersonInProceeding (PersonId, InProceedingId) VALUES (2790, 1993);
INSERT INTO Person (PersonId, Name) VALUES (3227, 'David A. Clark');
INSERT INTO RelationPersonInProceeding (PersonId, InProceedingId) VALUES (3227, 1993);
INSERT INTO InProceeding (InProceedingId, Title, Pages, Url, ProceedingId) VALUES (1994, 'A Constraint-Based Interactive Train Rescheduling Tool.', '104-118', NULL, NULL);
INSERT INTO Person (PersonId, Name) VALUES (3228, 'C. K. Chiu');
INSERT INTO RelationPersonInProceeding (PersonId, InProceedingId) VALUES (3228, 1994);
INSERT INTO Person (PersonId, Name) VALUES (3229, 'Y. W. Leung');
INSERT INTO RelationPersonInProceeding (PersonId, InProceedingId) VALUES (3229, 1994);
INSERT INTO Person (PersonId, Name) VALUES (3230, 'C. M. Chou');
INSERT INTO RelationPersonInProceeding (PersonId, InProceedingId) VALUES (3230, 1994);
INSERT INTO RelationPersonInProceeding (PersonId, InProceedingId) VALUES (2795, 1994);
INSERT INTO RelationPersonInProceeding (PersonId, InProceedingId) VALUES (2859, 1994);
INSERT INTO InProceeding (InProceedingId, Title, Pages, Url, ProceedingId) VALUES (1995, 'On Constraint Problems with Incompleteor Erroneous Data.', '732-737', NULL, 56);
INSERT INTO RelationPersonInProceeding (PersonId, InProceedingId) VALUES (3145, 1995);
INSERT INTO Person (PersonId, Name) VALUES (3231, 'Carmen Gervet');
INSERT INTO RelationPersonInProceeding (PersonId, InProceedingId) VALUES (3231, 1995);
INSERT INTO InProceeding (InProceedingId, Title, Pages, Url, ProceedingId) VALUES (1996, 'Partial Arc Consistency.', '229-236', NULL, 58);
INSERT INTO RelationPersonInProceeding (PersonId, InProceedingId) VALUES (3168, 1996);
INSERT INTO RelationPersonInProceeding (PersonId, InProceedingId) VALUES (3171, 1996);
INSERT INTO Person (PersonId, Name) VALUES (3232, 'Dimitris M. Thilikos');
INSERT INTO RelationPersonInProceeding (PersonId, InProceedingId) VALUES (3232, 1996);
INSERT INTO Person (PersonId, Name) VALUES (3233, 'Nick Lendris');
INSERT INTO RelationPersonInProceeding (PersonId, InProceedingId) VALUES (3233, 1996);
INSERT INTO InProceeding (InProceedingId, Title, Pages, Url, ProceedingId) VALUES (1997, 'Constraint Processing Techniques for Model-Based Reasoning about Dynamic Systems.', '776', NULL, 55);
INSERT INTO Person (PersonId, Name) VALUES (3234, 'Andrea Panati');
INSERT INTO RelationPersonInProceeding (PersonId, InProceedingId) VALUES (3234, 1997);
INSERT INTO InProceeding (InProceedingId, Title, Pages, Url, ProceedingId) VALUES (1998, 'Improving SAT Algorithms by Using Search Pruning Techniques.', '770', NULL, 55);
INSERT INTO RelationPersonInProceeding (PersonId, InProceedingId) VALUES (3067, 1998);
INSERT INTO Person (PersonId, Name) VALUES (3235, 'Ins Lynce');
INSERT INTO RelationPersonInProceeding (PersonId, InProceedingId) VALUES (3235, 1998);
INSERT INTO InProceeding (InProceedingId, Title, Pages, Url, ProceedingId) VALUES (1999, 'Tuning Randomization in Backtrack Search SAT Algorithms.', '769', NULL, 56);
INSERT INTO RelationPersonInProceeding (PersonId, InProceedingId) VALUES (3067, 1999);
INSERT INTO RelationPersonInProceeding (PersonId, InProceedingId) VALUES (3235, 1999);
INSERT INTO InProceeding (InProceedingId, Title, Pages, Url, ProceedingId) VALUES (2000, 'Practical Investigation of Constraints with Graph Views.', '320-336', NULL, 54);
INSERT INTO RelationPersonInProceeding (PersonId, InProceedingId) VALUES (2574, 2000);
INSERT INTO InProceeding (InProceedingId, Title, Pages, Url, ProceedingId) VALUES (2001, 'Interactive Heuristic Search Algorithm.', '765', NULL, 56);
INSERT INTO Person (PersonId, Name) VALUES (3236, 'Toms Mller');
INSERT INTO RelationPersonInProceeding (PersonId, InProceedingId) VALUES (3236, 2001);
INSERT INTO Person (PersonId, Name) VALUES (3237, 'Kerstin Dautenhahn');
INSERT INTO Proceeding (ProceedingId, Title, EditorId, PublisherId, SeriesId, Year, ISBN, Url) VALUES (59, 'Cognitive Technology: Instruments of Mind, 4th International Conference, CT 2001, Warwick, UK, August 6-9, 2001, Proceedings', 3237, 1, 1, '2001', '3-540-42406-7', 'http://dblp.uni-trier.de/db/conf/ct/ct2001.html');
INSERT INTO InProceeding (InProceedingId, Title, Pages, Url, ProceedingId) VALUES (2002, 'Embodiment, Perception, and Virtual Reality.', '83-94', NULL, 59);
INSERT INTO Person (PersonId, Name) VALUES (3238, 'Melanie Chan');
INSERT INTO RelationPersonInProceeding (PersonId, InProceedingId) VALUES (3238, 2002);
INSERT INTO InProceeding (InProceedingId, Title, Pages, Url, ProceedingId) VALUES (2003, 'New Visions of Old Models.', '157-163', NULL, 59);
INSERT INTO Person (PersonId, Name) VALUES (3239, 'Mark Horney');
INSERT INTO RelationPersonInProceeding (PersonId, InProceedingId) VALUES (3239, 2003);
INSERT INTO Person (PersonId, Name) VALUES (3240, 'Igor Chimir');
INSERT INTO RelationPersonInProceeding (PersonId, InProceedingId) VALUES (3240, 2003);
INSERT INTO InProceeding (InProceedingId, Title, Pages, Url, ProceedingId) VALUES (2004, 'Implementing Configurable Information Systems: A Combined Social Science and Cognitive Science Approach.', '391-404', NULL, 59);
INSERT INTO Person (PersonId, Name) VALUES (3241, 'Gillian Hardstone');
INSERT INTO RelationPersonInProceeding (PersonId, InProceedingId) VALUES (3241, 2004);
INSERT INTO Person (PersonId, Name) VALUES (3242, 'Corin A. Gurr');
INSERT INTO RelationPersonInProceeding (PersonId, InProceedingId) VALUES (3242, 2004);
INSERT INTO InProceeding (InProceedingId, Title, Pages, Url, ProceedingId) VALUES (2005, 'Abstract: Victorian Data Processing - When Software Was People.', '164', NULL, 59);
INSERT INTO Person (PersonId, Name) VALUES (3243, 'Martin Campbell-Kelly');
INSERT INTO RelationPersonInProceeding (PersonId, InProceedingId) VALUES (3243, 2005);
INSERT INTO InProceeding (InProceedingId, Title, Pages, Url, ProceedingId) VALUES (2006, 'Can Social Interaction Skills Be Taught by a Social Agent? The Role of a Robotic Mediator in Autism Therapy.', '57-74', NULL, 59);
INSERT INTO RelationPersonInProceeding (PersonId, InProceedingId) VALUES (3237, 2006);
INSERT INTO Person (PersonId, Name) VALUES (3244, 'Bernard Ogden');
INSERT INTO RelationPersonInProceeding (PersonId, InProceedingId) VALUES (3244, 2006);
INSERT INTO Person (PersonId, Name) VALUES (3245, 'Iain Werry');
INSERT INTO RelationPersonInProceeding (PersonId, InProceedingId) VALUES (3245, 2006);
INSERT INTO Person (PersonId, Name) VALUES (3246, 'William Harwin');
INSERT INTO RelationPersonInProceeding (PersonId, InProceedingId) VALUES (3246, 2006);
INSERT INTO InProceeding (InProceedingId, Title, Pages, Url, ProceedingId) VALUES (2007, 'Neuro-Psycho-Computational Technology in Human Cognition under Bilingualism.', '214-225', NULL, 59);
INSERT INTO Person (PersonId, Name) VALUES (3247, 'Lydia Derkach');
INSERT INTO RelationPersonInProceeding (PersonId, InProceedingId) VALUES (3247, 2007);
INSERT INTO InProceeding (InProceedingId, Title, Pages, Url, ProceedingId) VALUES (2008, '"The End of The (Dreyfus) Affair": (Post)Heideggerian Meditations on Man, Machine, and Meaning.', '149-156', NULL, 59);
INSERT INTO Person (PersonId, Name) VALUES (3248, 'Syed Mustafa Ali');
INSERT INTO RelationPersonInProceeding (PersonId, InProceedingId) VALUES (3248, 2008);
INSERT INTO InProceeding (InProceedingId, Title, Pages, Url, ProceedingId) VALUES (2009, 'The Relationship between the Arrangement of Participants and the Comfortableness of Conversation in HyperMirror.', '109-116', NULL, 59);
INSERT INTO Person (PersonId, Name) VALUES (3249, 'Osamu Morikawa');
INSERT INTO RelationPersonInProceeding (PersonId, InProceedingId) VALUES (3249, 2009);
INSERT INTO Person (PersonId, Name) VALUES (3250, 'Takanori Maesako');
INSERT INTO RelationPersonInProceeding (PersonId, InProceedingId) VALUES (3250, 2009);
INSERT INTO InProceeding (InProceedingId, Title, Pages, Url, ProceedingId) VALUES (2010, 'Digital Image Creation and Analysis as a Means to Examine Learning and Cognition.', '226-232', NULL, 59);
INSERT INTO Person (PersonId, Name) VALUES (3251, 'Brad Hokanson');
INSERT INTO RelationPersonInProceeding (PersonId, InProceedingId) VALUES (3251, 2010);
INSERT INTO InProceeding (InProceedingId, Title, Pages, Url, ProceedingId) VALUES (2011, 'Tracing for the Ideal Hunting Dog: Effects of Development and Use of Information System on Community Knowledge.', '452-462', NULL, 59);
INSERT INTO Person (PersonId, Name) VALUES (3252, 'Anna-Liisa Syrjnen');
INSERT INTO RelationPersonInProceeding (PersonId, InProceedingId) VALUES (3252, 2011);
INSERT INTO InProceeding (InProceedingId, Title, Pages, Url, ProceedingId) VALUES (2012, 'Interactive Situation Models for Cognitive Aspects of User-Artefact Interaction.', '356-372', NULL, 59);
INSERT INTO Person (PersonId, Name) VALUES (3253, 'Meurig Beynon');
INSERT INTO RelationPersonInProceeding (PersonId, InProceedingId) VALUES (3253, 2012);
INSERT INTO Person (PersonId, Name) VALUES (3254, 'Allan Wong');
INSERT INTO RelationPersonInProceeding (PersonId, InProceedingId) VALUES (3254, 2012);
INSERT INTO Person (PersonId, Name) VALUES (3255, 'Ashley Ward');
INSERT INTO RelationPersonInProceeding (PersonId, InProceedingId) VALUES (3255, 2012);
INSERT INTO Person (PersonId, Name) VALUES (3256, 'Chris Roe');
INSERT INTO RelationPersonInProceeding (PersonId, InProceedingId) VALUES (3256, 2012);
INSERT INTO InProceeding (InProceedingId, Title, Pages, Url, ProceedingId) VALUES (2013, 'Fact and Artifact: Reification and Drift in the History and Growth of Interactive Software Systems.', '25-39', NULL, 59);
INSERT INTO Person (PersonId, Name) VALUES (3257, 'Chrystopher L. Nehaniv');
INSERT INTO RelationPersonInProceeding (PersonId, InProceedingId) VALUES (3257, 2013);
INSERT INTO Person (PersonId, Name) VALUES (3258, 'Martin Loomes');
INSERT INTO RelationPersonInProceeding (PersonId, InProceedingId) VALUES (3258, 2013);
INSERT INTO InProceeding (InProceedingId, Title, Pages, Url, ProceedingId) VALUES (2014, 'Cognitive Dimensions of Notations: Design Tools for Cognitive Technology.', '325-341', NULL, 59);
INSERT INTO Person (PersonId, Name) VALUES (3259, 'Carol Britton');
INSERT INTO RelationPersonInProceeding (PersonId, InProceedingId) VALUES (3259, 2014);
INSERT INTO Person (PersonId, Name) VALUES (3260, 'Marian Petre');
INSERT INTO RelationPersonInProceeding (PersonId, InProceedingId) VALUES (3260, 2014);
INSERT INTO Person (PersonId, Name) VALUES (3261, 'Alan F. Blackwell');
INSERT INTO RelationPersonInProceeding (PersonId, InProceedingId) VALUES (3261, 2014);
INSERT INTO Person (PersonId, Name) VALUES (3262, 'Anna Louise Cox');
INSERT INTO RelationPersonInProceeding (PersonId, InProceedingId) VALUES (3262, 2014);
INSERT INTO RelationPersonInProceeding (PersonId, InProceedingId) VALUES (3258, 2014);
INSERT INTO RelationPersonInProceeding (PersonId, InProceedingId) VALUES (3257, 2014);
INSERT INTO Person (PersonId, Name) VALUES (3263, 'Gada F. Kadoda');
INSERT INTO RelationPersonInProceeding (PersonId, InProceedingId) VALUES (3263, 2014);
INSERT INTO RelationPersonInProceeding (PersonId, InProceedingId) VALUES (3256, 2014);
INSERT INTO RelationPersonInProceeding (PersonId, InProceedingId) VALUES (3242, 2014);
INSERT INTO Person (PersonId, Name) VALUES (3264, 'Chris Roast');
INSERT INTO RelationPersonInProceeding (PersonId, InProceedingId) VALUES (3264, 2014);
INSERT INTO Person (PersonId, Name) VALUES (3265, 'Thomas R. G. Green');
INSERT INTO RelationPersonInProceeding (PersonId, InProceedingId) VALUES (3265, 2014);
INSERT INTO Person (PersonId, Name) VALUES (3266, 'Maria Kutar');
INSERT INTO RelationPersonInProceeding (PersonId, InProceedingId) VALUES (3266, 2014);
INSERT INTO RelationPersonInProceeding (PersonId, InProceedingId) VALUES (3254, 2014);
INSERT INTO Person (PersonId, Name) VALUES (3267, 'R. Michael Young');
INSERT INTO RelationPersonInProceeding (PersonId, InProceedingId) VALUES (3267, 2014);
INSERT INTO InProceeding (InProceedingId, Title, Pages, Url, ProceedingId) VALUES (2015, 'Computer Interfaces: From Communication to Mind-Prosthesis Metaphor.', '301-310', NULL, 59);
INSERT INTO Person (PersonId, Name) VALUES (3268, 'Georgi Stojanov');
INSERT INTO RelationPersonInProceeding (PersonId, InProceedingId) VALUES (3268, 2015);
INSERT INTO Person (PersonId, Name) VALUES (3269, 'Kire Stojanoski');
INSERT INTO RelationPersonInProceeding (PersonId, InProceedingId) VALUES (3269, 2015);
INSERT INTO InProceeding (InProceedingId, Title, Pages, Url, ProceedingId) VALUES (2016, 'Experimental Politics: Ways of Virtual Worldmaking.', '432-441', NULL, 59);
INSERT INTO Person (PersonId, Name) VALUES (3270, 'Doug Bryan');
INSERT INTO RelationPersonInProceeding (PersonId, InProceedingId) VALUES (3270, 2016);
INSERT INTO Person (PersonId, Name) VALUES (3271, 'Max Borders');
INSERT INTO RelationPersonInProceeding (PersonId, InProceedingId) VALUES (3271, 2016);
INSERT INTO InProceeding (InProceedingId, Title, Pages, Url, ProceedingId) VALUES (2017, 'Building Rules.', '267-281', NULL, 59);
INSERT INTO Person (PersonId, Name) VALUES (3272, 'Ivan Kalas');
INSERT INTO RelationPersonInProceeding (PersonId, InProceedingId) VALUES (3272, 2017);
INSERT INTO Person (PersonId, Name) VALUES (3273, 'Richard Noss');
INSERT INTO RelationPersonInProceeding (PersonId, InProceedingId) VALUES (3273, 2017);
INSERT INTO Person (PersonId, Name) VALUES (3274, 'Dave Pratt');
INSERT INTO RelationPersonInProceeding (PersonId, InProceedingId) VALUES (3274, 2017);
INSERT INTO Person (PersonId, Name) VALUES (3275, 'Ronnie Goldstein');
INSERT INTO RelationPersonInProceeding (PersonId, InProceedingId) VALUES (3275, 2017);
INSERT INTO InProceeding (InProceedingId, Title, Pages, Url, ProceedingId) VALUES (2018, 'Interdisciplinary Engineering of Interstate E-Government Solutions.', '405-420', NULL, 59);
INSERT INTO Person (PersonId, Name) VALUES (3276, 'Reinhard Riedl');
INSERT INTO RelationPersonInProceeding (PersonId, InProceedingId) VALUES (3276, 2018);
INSERT INTO InProceeding (InProceedingId, Title, Pages, Url, ProceedingId) VALUES (2019, 'Experiment as an Instrument of Innovation: Experience and Embodied Thought.', '130-140', NULL, 59);
INSERT INTO Person (PersonId, Name) VALUES (3277, 'David C. Gooding');
INSERT INTO RelationPersonInProceeding (PersonId, InProceedingId) VALUES (3277, 2019);
INSERT INTO InProceeding (InProceedingId, Title, Pages, Url, ProceedingId) VALUES (2020, 'Critique of Pure Technology.', '463-475', NULL, 59);
INSERT INTO Person (PersonId, Name) VALUES (3278, 'Ho Mun Chan');
INSERT INTO RelationPersonInProceeding (PersonId, InProceedingId) VALUES (3278, 2020);
INSERT INTO Person (PersonId, Name) VALUES (3279, 'Barbara Gorayska');
INSERT INTO RelationPersonInProceeding (PersonId, InProceedingId) VALUES (3279, 2020);
INSERT INTO InProceeding (InProceedingId, Title, Pages, Url, ProceedingId) VALUES (2021, 'On the Meaning of Computer Programs.', '165-174', NULL, 59);
INSERT INTO Person (PersonId, Name) VALUES (3280, 'Josh D. Tenenberg');
INSERT INTO RelationPersonInProceeding (PersonId, InProceedingId) VALUES (3280, 2021);
INSERT INTO InProceeding (InProceedingId, Title, Pages, Url, ProceedingId) VALUES (2022, 'Computational Infrastructure for Experiments in Cognitive Leverage.', '490-520', NULL, 59);
INSERT INTO Person (PersonId, Name) VALUES (3281, 'Kirstie L. Bellman');
INSERT INTO RelationPersonInProceeding (PersonId, InProceedingId) VALUES (3281, 2022);
INSERT INTO Person (PersonId, Name) VALUES (3282, 'Christopher Landauer');
INSERT INTO RelationPersonInProceeding (PersonId, InProceedingId) VALUES (3282, 2022);
INSERT INTO InProceeding (InProceedingId, Title, Pages, Url, ProceedingId) VALUES (2023, 'Natural-Born Cyborgs?', '17-24', NULL, 59);
INSERT INTO Person (PersonId, Name) VALUES (3283, 'Andy Clark');
INSERT INTO RelationPersonInProceeding (PersonId, InProceedingId) VALUES (3283, 2023);
INSERT INTO InProceeding (InProceedingId, Title, Pages, Url, ProceedingId) VALUES (2024, 'The Cognitive Effects of Delayed Visual Feedback: Working Memory Disruption While Driving in Virtual Environments.', '75-82', NULL, 59);
INSERT INTO Person (PersonId, Name) VALUES (3284, 'George T. Russell');
INSERT INTO RelationPersonInProceeding (PersonId, InProceedingId) VALUES (3284, 2024);
INSERT INTO Person (PersonId, Name) VALUES (3285, 'Patrik O$1Brian Holt');
INSERT INTO RelationPersonInProceeding (PersonId, InProceedingId) VALUES (3285, 2024);
INSERT INTO Person (PersonId, Name) VALUES (3286, 'Philip N. Day');
INSERT INTO RelationPersonInProceeding (PersonId, InProceedingId) VALUES (3286, 2024);
INSERT INTO InProceeding (InProceedingId, Title, Pages, Url, ProceedingId) VALUES (2025, 'Can We Afford It? Issues in Designing Transparent Technologies.', '141-148', NULL, 59);
INSERT INTO Person (PersonId, Name) VALUES (3287, 'John Halloran');
INSERT INTO RelationPersonInProceeding (PersonId, InProceedingId) VALUES (3287, 2025);
INSERT INTO InProceeding (InProceedingId, Title, Pages, Url, ProceedingId) VALUES (2026, 'The Plausibility Problem: An Initial Analysis.', '289-300', NULL, 59);
INSERT INTO Person (PersonId, Name) VALUES (3288, 'Benedict du Boulay');
INSERT INTO RelationPersonInProceeding (PersonId, InProceedingId) VALUES (3288, 2026);
INSERT INTO Person (PersonId, Name) VALUES (3289, 'Rosemary Luckin');
INSERT INTO RelationPersonInProceeding (PersonId, InProceedingId) VALUES (3289, 2026);
INSERT INTO InProceeding (InProceedingId, Title, Pages, Url, ProceedingId) VALUES (2027, 'Freeing Machines from Cartesian Chains.', '95-108', NULL, 59);
INSERT INTO Person (PersonId, Name) VALUES (3290, 'I. Ren J. A. te Boekhorst');
INSERT INTO RelationPersonInProceeding (PersonId, InProceedingId) VALUES (3290, 2027);
INSERT INTO InProceeding (InProceedingId, Title, Pages, Url, ProceedingId) VALUES (2028, 'Work, Workspace, and the Workspace Portal.', '421-431', NULL, 59);
INSERT INTO Person (PersonId, Name) VALUES (3291, 'Will Venters');
INSERT INTO RelationPersonInProceeding (PersonId, InProceedingId) VALUES (3291, 2028);
INSERT INTO Person (PersonId, Name) VALUES (3292, 'Richard Brophy');
INSERT INTO RelationPersonInProceeding (PersonId, InProceedingId) VALUES (3292, 2028);
INSERT INTO InProceeding (InProceedingId, Title, Pages, Url, ProceedingId) VALUES (2029, 'Meaning and Relevance.', '311-324', NULL, 59);
INSERT INTO RelationPersonInProceeding (PersonId, InProceedingId) VALUES (3276, 2029);
INSERT INTO InProceeding (InProceedingId, Title, Pages, Url, ProceedingId) VALUES (2030, 'How Group Working Was Used to Provide a Constructive Computer-Based Learning Environment.', '203-213', NULL, 59);
INSERT INTO Person (PersonId, Name) VALUES (3293, 'Trevor Barker');
INSERT INTO RelationPersonInProceeding (PersonId, InProceedingId) VALUES (3293, 2030);
INSERT INTO Person (PersonId, Name) VALUES (3294, 'Janet Barker');
INSERT INTO RelationPersonInProceeding (PersonId, InProceedingId) VALUES (3294, 2030);
INSERT INTO InProceeding (InProceedingId, Title, Pages, Url, ProceedingId) VALUES (2031, 'Human Identity in the Age of Software Agents.', '442-451', NULL, 59);
INSERT INTO Person (PersonId, Name) VALUES (3295, 'John Pickering');
INSERT INTO RelationPersonInProceeding (PersonId, InProceedingId) VALUES (3295, 2031);
INSERT INTO InProceeding (InProceedingId, Title, Pages, Url, ProceedingId) VALUES (2032, 'Thinking Together in Concept Design for Future Products - Emergent Features for Computer Support.', '40-54', NULL, 59);
INSERT INTO Person (PersonId, Name) VALUES (3296, 'Kari Kuutti');
INSERT INTO RelationPersonInProceeding (PersonId, InProceedingId) VALUES (3296, 2032);
INSERT INTO Person (PersonId, Name) VALUES (3297, 'Tuomo Tuikka');
INSERT INTO RelationPersonInProceeding (PersonId, InProceedingId) VALUES (3297, 2032);
INSERT INTO InProceeding (InProceedingId, Title, Pages, Url, ProceedingId) VALUES (2033, 'The Space of Cognitive Technology: The Design Medium and Cognitive Properties of Virtual Space.', '55-56', NULL, 59);
INSERT INTO Person (PersonId, Name) VALUES (3298, 'Frank Biocca');
INSERT INTO RelationPersonInProceeding (PersonId, InProceedingId) VALUES (3298, 2033);
INSERT INTO InProceeding (InProceedingId, Title, Pages, Url, ProceedingId) VALUES (2034, 'The Computer as Instrument.', '476-489', NULL, 59);
INSERT INTO Person (PersonId, Name) VALUES (3299, 'Jaratsri Rungrattanaubol');
INSERT INTO RelationPersonInProceeding (PersonId, InProceedingId) VALUES (3299, 2034);
INSERT INTO Person (PersonId, Name) VALUES (3300, 'Suwanna Rasmequan');
INSERT INTO RelationPersonInProceeding (PersonId, InProceedingId) VALUES (3300, 2034);
INSERT INTO Person (PersonId, Name) VALUES (3301, 'Steve Russ');
INSERT INTO RelationPersonInProceeding (PersonId, InProceedingId) VALUES (3301, 2034);
INSERT INTO Person (PersonId, Name) VALUES (3302, 'Soha Maad');
INSERT INTO RelationPersonInProceeding (PersonId, InProceedingId) VALUES (3302, 2034);
INSERT INTO Person (PersonId, Name) VALUES (3303, 'Yih-Chang Ch$1en');
INSERT INTO RelationPersonInProceeding (PersonId, InProceedingId) VALUES (3303, 2034);
INSERT INTO RelationPersonInProceeding (PersonId, InProceedingId) VALUES (3253, 2034);
INSERT INTO RelationPersonInProceeding (PersonId, InProceedingId) VALUES (3254, 2034);
INSERT INTO RelationPersonInProceeding (PersonId, InProceedingId) VALUES (3255, 2034);
INSERT INTO RelationPersonInProceeding (PersonId, InProceedingId) VALUES (3256, 2034);
INSERT INTO Person (PersonId, Name) VALUES (3304, 'Hsing-Wen Hseu');
INSERT INTO RelationPersonInProceeding (PersonId, InProceedingId) VALUES (3304, 2034);
INSERT INTO InProceeding (InProceedingId, Title, Pages, Url, ProceedingId) VALUES (2035, 'Cognitive Technology: Tool or Instrument?', '1-16', NULL, 59);
INSERT INTO Person (PersonId, Name) VALUES (3305, 'Jacob L. Mey');
INSERT INTO RelationPersonInProceeding (PersonId, InProceedingId) VALUES (3305, 2035);
INSERT INTO RelationPersonInProceeding (PersonId, InProceedingId) VALUES (3279, 2035);
INSERT INTO Person (PersonId, Name) VALUES (3306, 'Jonathon P. Marsh');
INSERT INTO RelationPersonInProceeding (PersonId, InProceedingId) VALUES (3306, 2035);
INSERT INTO InProceeding (InProceedingId, Title, Pages, Url, ProceedingId) VALUES (2036, 'Virtual Mental Space: Interacting with the Characters of Works of Literature.', '282-288', NULL, 59);
INSERT INTO Person (PersonId, Name) VALUES (3307, 'Boris Galitsky');
INSERT INTO RelationPersonInProceeding (PersonId, InProceedingId) VALUES (3307, 2036);
INSERT INTO InProceeding (InProceedingId, Title, Pages, Url, ProceedingId) VALUES (2037, 'Mediated Faces.', '373-390', NULL, 59);
INSERT INTO Person (PersonId, Name) VALUES (3308, 'Judith S. Donath');
INSERT INTO RelationPersonInProceeding (PersonId, InProceedingId) VALUES (3308, 2037);
INSERT INTO InProceeding (InProceedingId, Title, Pages, Url, ProceedingId) VALUES (2038, 'The Cognitive Dimensions of an Artifact vis--vis Individual Human Users: Studies with Notations for the Temporal Specification of Interactive Systems.', '342-355', NULL, 59);
INSERT INTO RelationPersonInProceeding (PersonId, InProceedingId) VALUES (3259, 2038);
INSERT INTO RelationPersonInProceeding (PersonId, InProceedingId) VALUES (3257, 2038);
INSERT INTO RelationPersonInProceeding (PersonId, InProceedingId) VALUES (3266, 2038);
INSERT INTO Person (PersonId, Name) VALUES (3309, 'Sara Jones');
INSERT INTO RelationPersonInProceeding (PersonId, InProceedingId) VALUES (3309, 2038);
INSERT INTO InProceeding (InProceedingId, Title, Pages, Url, ProceedingId) VALUES (2039, 'Presence and the Role of Activity Theory in Understanding: How Students Learn in Virtual Learning Environments.', '123-129', NULL, 59);
INSERT INTO Person (PersonId, Name) VALUES (3310, 'Anne Jelfs');
INSERT INTO RelationPersonInProceeding (PersonId, InProceedingId) VALUES (3310, 2039);
INSERT INTO Person (PersonId, Name) VALUES (3311, 'Denise Whitelock');
INSERT INTO RelationPersonInProceeding (PersonId, InProceedingId) VALUES (3311, 2039);
INSERT INTO InProceeding (InProceedingId, Title, Pages, Url, ProceedingId) VALUES (2040, 'The Narrative Intelligence Hypothesis: In Search of the Transactional Format of Narratives in Humans and Other Social Animals.', '248-266', NULL, 59);
INSERT INTO RelationPersonInProceeding (PersonId, InProceedingId) VALUES (3237, 2040);
INSERT INTO InProceeding (InProceedingId, Title, Pages, Url, ProceedingId) VALUES (2041, 'Extended Abstract Mapping the Semantic Asymmetries of Virtual and Augmented Reality Space.', '117-122', NULL, 59);
INSERT INTO RelationPersonInProceeding (PersonId, InProceedingId) VALUES (3298, 2041);
INSERT INTO Person (PersonId, Name) VALUES (3312, 'Ping Gai');
INSERT INTO RelationPersonInProceeding (PersonId, InProceedingId) VALUES (3312, 2041);
INSERT INTO Person (PersonId, Name) VALUES (3313, 'Robert Brady');
INSERT INTO RelationPersonInProceeding (PersonId, InProceedingId) VALUES (3313, 2041);
INSERT INTO Person (PersonId, Name) VALUES (3314, 'David Lamas');
INSERT INTO RelationPersonInProceeding (PersonId, InProceedingId) VALUES (3314, 2041);
INSERT INTO InProceeding (InProceedingId, Title, Pages, Url, ProceedingId) VALUES (2042, 'Sense from a Sea of Resources: Tools to Help People Piece Information Together.', '175-189', NULL, 59);
INSERT INTO Person (PersonId, Name) VALUES (3315, 'Aran Lunzer');
INSERT INTO RelationPersonInProceeding (PersonId, InProceedingId) VALUES (3315, 2042);
INSERT INTO RelationPersonInProceeding (PersonId, InProceedingId) VALUES (1843, 2042);
INSERT INTO InProceeding (InProceedingId, Title, Pages, Url, ProceedingId) VALUES (2043, 'Beyond the Algorithmic Mind.', '190-202', NULL, 59);
INSERT INTO Person (PersonId, Name) VALUES (3316, 'Steve Talbott');
INSERT INTO RelationPersonInProceeding (PersonId, InProceedingId) VALUES (3316, 2043);
INSERT INTO InProceeding (InProceedingId, Title, Pages, Url, ProceedingId) VALUES (2044, 'Woven Stories as a Cognitive Tool.', '233-247', NULL, 59);
INSERT INTO Person (PersonId, Name) VALUES (3317, 'Piet Kommers');
INSERT INTO RelationPersonInProceeding (PersonId, InProceedingId) VALUES (3317, 2044);
INSERT INTO RelationPersonInProceeding (PersonId, InProceedingId) VALUES (1013, 2044);
INSERT INTO Person (PersonId, Name) VALUES (3318, 'Chee-Kit Looi');
INSERT INTO RelationPersonInProceeding (PersonId, InProceedingId) VALUES (3318, 2044);
INSERT INTO Person (PersonId, Name) VALUES (3319, 'Petri Gerdt');
INSERT INTO RelationPersonInProceeding (PersonId, InProceedingId) VALUES (3319, 2044);
INSERT INTO Publisher (PublisherId, Name) VALUES (5, 'ACM');
INSERT INTO Proceeding (ProceedingId, Title, EditorId, PublisherId, SeriesId, Year, ISBN, Url) VALUES (60, 'Proceedings of the 1st ACM International Conference on Digital Libraries, March 20-23, 1996, Bethesda, Maryland, USA', NULL, 5, NULL, '1996', '0-89791-830-4', 'http://dblp.uni-trier.de/db/conf/dl/dl96.html');
INSERT INTO Proceeding (ProceedingId, Title, EditorId, PublisherId, SeriesId, Year, ISBN, Url) VALUES (61, 'Proceedings of the 2nd ACM International Conference on Digital Libraries, July 25-28, 1997, Philadelphia, PA, USA', NULL, 5, NULL, '1997', '0-89791-868-1', 'http://dblp.uni-trier.de/db/conf/dl/dl97.html');
INSERT INTO Proceeding (ProceedingId, Title, EditorId, PublisherId, SeriesId, Year, ISBN, Url) VALUES (62, 'Proceedings of the 3rd ACM International Conference on Digital Libraries, June 23-26, 1998, Pittsburgh, PA, USA', NULL, 5, NULL, '1998', NULL, 'http://dblp.uni-trier.de/db/conf/dl/dl98.html');
INSERT INTO InProceeding (InProceedingId, Title, Pages, Url, ProceedingId) VALUES (2045, 'Browsing in Digital Libraries: A Phrase-Based Approach.', '230-236', NULL, 61);
INSERT INTO Person (PersonId, Name) VALUES (3320, 'Gordon W. Paynter');
INSERT INTO RelationPersonInProceeding (PersonId, InProceedingId) VALUES (3320, 2045);
INSERT INTO Person (PersonId, Name) VALUES (3321, 'Craig G. Nevill-Manning');
INSERT INTO RelationPersonInProceeding (PersonId, InProceedingId) VALUES (3321, 2045);
INSERT INTO Person (PersonId, Name) VALUES (3322, 'Ian H. Witten');
INSERT INTO RelationPersonInProceeding (PersonId, InProceedingId) VALUES (3322, 2045);
INSERT INTO InProceeding (InProceedingId, Title, Pages, Url, ProceedingId) VALUES (2046, 'Live from the stacks: user feedback on mobile computers and wireless tools for library patrons.', '95-102', NULL, NULL);
INSERT INTO Person (PersonId, Name) VALUES (3323, 'Robert Rieger');
INSERT INTO RelationPersonInProceeding (PersonId, InProceedingId) VALUES (3323, 2046);
INSERT INTO Person (PersonId, Name) VALUES (3324, 'Paul Treadwell');
INSERT INTO RelationPersonInProceeding (PersonId, InProceedingId) VALUES (3324, 2046);
INSERT INTO Person (PersonId, Name) VALUES (3325, 'Geri K. Gay');
INSERT INTO RelationPersonInProceeding (PersonId, InProceedingId) VALUES (3325, 2046);
INSERT INTO Person (PersonId, Name) VALUES (3326, 'Michael L. W. Jones');
INSERT INTO RelationPersonInProceeding (PersonId, InProceedingId) VALUES (3326, 2046);
INSERT INTO Proceeding (ProceedingId, Title, EditorId, PublisherId, SeriesId, Year, ISBN, Url) VALUES (63, 'Proceedings of the Fourth ACM conference on Digital Libraries, August 11-14, 1999, Berkeley, CA, USA', NULL, 5, NULL, '1999', NULL, 'http://dblp.uni-trier.de/db/conf/dl/dl99.html');
INSERT INTO Proceeding (ProceedingId, Title, EditorId, PublisherId, SeriesId, Year, ISBN, Url) VALUES (64, 'Proceedings of the Fifth ACM Conference on Digital Libraries, June 2-7, 2000, San Antonio, TX, USA', NULL, 5, NULL, '2000', NULL, 'http://dblp.uni-trier.de/db/conf/dl/dl2000.html');
INSERT INTO InProceeding (InProceedingId, Title, Pages, Url, ProceedingId) VALUES (2047, 'Cognitive Load Effects and Design of Computer Based Instruction (Poster).', '260', NULL, 61);
INSERT INTO Person (PersonId, Name) VALUES (3327, 'Slava Kalyuga');
INSERT INTO RelationPersonInProceeding (PersonId, InProceedingId) VALUES (3327, 2047);
INSERT INTO InProceeding (InProceedingId, Title, Pages, Url, ProceedingId) VALUES (2048, 'Managing Personal and Group Collections of Information.', '256-257', NULL, 63);
INSERT INTO Person (PersonId, Name) VALUES (3328, 'Stephen D. Wragg');
INSERT INTO RelationPersonInProceeding (PersonId, InProceedingId) VALUES (3328, 2048);
INSERT INTO Person (PersonId, Name) VALUES (3329, 'James R. Chen');
INSERT INTO RelationPersonInProceeding (PersonId, InProceedingId) VALUES (3329, 2048);
INSERT INTO Person (PersonId, Name) VALUES (3330, 'Shawn Wolfe');
INSERT INTO RelationPersonInProceeding (PersonId, InProceedingId) VALUES (3330, 2048);
INSERT INTO InProceeding (InProceedingId, Title, Pages, Url, ProceedingId) VALUES (2049, 'Naming Objects in the Digital Library (working session).', '172', NULL, 60);
INSERT INTO Person (PersonId, Name) VALUES (3331, 'William Y. Arms');
INSERT INTO RelationPersonInProceeding (PersonId, InProceedingId) VALUES (3331, 2049);
INSERT INTO InProceeding (InProceedingId, Title, Pages, Url, ProceedingId) VALUES (2050, 'An Extensible Constructor Tool for the Rapid, Interactive Design of Query Synthesizers.', '19-28', NULL, 62);
INSERT INTO Person (PersonId, Name) VALUES (3332, 'Michelle Q. Wang Baldonado');
INSERT INTO RelationPersonInProceeding (PersonId, InProceedingId) VALUES (3332, 2050);
INSERT INTO Person (PersonId, Name) VALUES (3333, 'Terry Winograd');
INSERT INTO RelationPersonInProceeding (PersonId, InProceedingId) VALUES (3333, 2050);
INSERT INTO Person (PersonId, Name) VALUES (3334, 'Seth Katz');
INSERT INTO RelationPersonInProceeding (PersonId, InProceedingId) VALUES (3334, 2050);
INSERT INTO Person (PersonId, Name) VALUES (3335, 'Hector Garcia-Molina');
INSERT INTO RelationPersonInProceeding (PersonId, InProceedingId) VALUES (3335, 2050);
INSERT INTO Person (PersonId, Name) VALUES (3336, 'Chen-Chuan K. Chang');
INSERT INTO RelationPersonInProceeding (PersonId, InProceedingId) VALUES (3336, 2050);
INSERT INTO Person (PersonId, Name) VALUES (3337, 'Andreas Paepcke');
INSERT INTO RelationPersonInProceeding (PersonId, InProceedingId) VALUES (3337, 2050);
INSERT INTO InProceeding (InProceedingId, Title, Pages, Url, ProceedingId) VALUES (2051, 'Ontology-Based Metadata: Transforming the MARC Legacy.', '254-263', NULL, 62);
INSERT INTO Person (PersonId, Name) VALUES (3338, 'Peter Weinstein');
INSERT INTO RelationPersonInProceeding (PersonId, InProceedingId) VALUES (3338, 2051);
INSERT INTO InProceeding (InProceedingId, Title, Pages, Url, ProceedingId) VALUES (2052, 'Musical Information Retrieval Using Melodic Surface.', '152-160', NULL, 63);
INSERT INTO Person (PersonId, Name) VALUES (3339, 'Massimo Melucci');
INSERT INTO RelationPersonInProceeding (PersonId, InProceedingId) VALUES (3339, 2052);
INSERT INTO Person (PersonId, Name) VALUES (3340, 'Nicola Orio');
INSERT INTO RelationPersonInProceeding (PersonId, InProceedingId) VALUES (3340, 2052);
INSERT INTO InProceeding (InProceedingId, Title, Pages, Url, ProceedingId) VALUES (2053, 'Digital Library Technology for Locating and Accessing Scientific Data.', '188-194', NULL, 63);
INSERT INTO Person (PersonId, Name) VALUES (3341, 'Damien Guillaume');
INSERT INTO RelationPersonInProceeding (PersonId, InProceedingId) VALUES (3341, 2053);
INSERT INTO Person (PersonId, Name) VALUES (3342, 'Joe Futrelle');
INSERT INTO RelationPersonInProceeding (PersonId, InProceedingId) VALUES (3342, 2053);
INSERT INTO Person (PersonId, Name) VALUES (3343, 'Ray Plante');
INSERT INTO RelationPersonInProceeding (PersonId, InProceedingId) VALUES (3343, 2053);
INSERT INTO Person (PersonId, Name) VALUES (3344, 'Robert E. McGrath');
INSERT INTO RelationPersonInProceeding (PersonId, InProceedingId) VALUES (3344, 2053);
INSERT INTO InProceeding (InProceedingId, Title, Pages, Url, ProceedingId) VALUES (2054, 'Physical Objects in the Digital Library.', '109-115', NULL, 60);
INSERT INTO Person (PersonId, Name) VALUES (3345, 'Frank M. Shipman III');
INSERT INTO RelationPersonInProceeding (PersonId, InProceedingId) VALUES (3345, 2054);
INSERT INTO Person (PersonId, Name) VALUES (3346, 'Richard Furuta');
INSERT INTO RelationPersonInProceeding (PersonId, InProceedingId) VALUES (3346, 2054);
INSERT INTO Person (PersonId, Name) VALUES (3347, 'Catherine C. Marshall');
INSERT INTO RelationPersonInProceeding (PersonId, InProceedingId) VALUES (3347, 2054);
INSERT INTO Person (PersonId, Name) VALUES (3348, 'John J. Leggett');
INSERT INTO RelationPersonInProceeding (PersonId, InProceedingId) VALUES (3348, 2054);
INSERT INTO InProceeding (InProceedingId, Title, Pages, Url, ProceedingId) VALUES (2055, 'Understanding Complex Information Environments: A Social Analysis of Watershed Planning.', '161-168', NULL, 61);
INSERT INTO Person (PersonId, Name) VALUES (3349, 'Lisa R. Schiff');
INSERT INTO RelationPersonInProceeding (PersonId, InProceedingId) VALUES (3349, 2055);
INSERT INTO Person (PersonId, Name) VALUES (3350, 'Nancy A. Van House');
INSERT INTO RelationPersonInProceeding (PersonId, InProceedingId) VALUES (3350, 2055);
INSERT INTO InProceeding (InProceedingId, Title, Pages, Url, ProceedingId) VALUES (2056, 'The Future of Digital Library Research.', '206', NULL, 63);
INSERT INTO Person (PersonId, Name) VALUES (3351, 'Barry M. Leiner');
INSERT INTO RelationPersonInProceeding (PersonId, InProceedingId) VALUES (3351, 2056);
INSERT INTO InProceeding (InProceedingId, Title, Pages, Url, ProceedingId) VALUES (2057, 'A Scrollbar-Based Visualization for Document Navigation.', '122-129', NULL, 63);
INSERT INTO Person (PersonId, Name) VALUES (3352, 'Donald Byrd');
INSERT INTO RelationPersonInProceeding (PersonId, InProceedingId) VALUES (3352, 2057);
INSERT INTO InProceeding (InProceedingId, Title, Pages, Url, ProceedingId) VALUES (2058, 'A Framework for Pricing Services in Digital Libraries (poster).', '181', NULL, 60);
INSERT INTO Person (PersonId, Name) VALUES (3353, 'Jakka Sairamesh');
INSERT INTO RelationPersonInProceeding (PersonId, InProceedingId) VALUES (3353, 2058);
INSERT INTO Person (PersonId, Name) VALUES (3354, 'Donald F. Ferguson');
INSERT INTO RelationPersonInProceeding (PersonId, InProceedingId) VALUES (3354, 2058);
INSERT INTO Person (PersonId, Name) VALUES (3355, 'Christos Nikolaou');
INSERT INTO RelationPersonInProceeding (PersonId, InProceedingId) VALUES (3355, 2058);
INSERT INTO Person (PersonId, Name) VALUES (3356, 'Yechiam Yemini');
INSERT INTO RelationPersonInProceeding (PersonId, InProceedingId) VALUES (3356, 2058);
INSERT INTO InProceeding (InProceedingId, Title, Pages, Url, ProceedingId) VALUES (2059, 'Second Summit on International Cooperation in Digital Libraries.', '267', NULL, 63);
INSERT INTO RelationPersonInProceeding (PersonId, InProceedingId) VALUES (3322, 2059);
INSERT INTO Person (PersonId, Name) VALUES (3357, 'Robert M. Akscyn');
INSERT INTO RelationPersonInProceeding (PersonId, InProceedingId) VALUES (3357, 2059);
INSERT INTO InProceeding (InProceedingId, Title, Pages, Url, ProceedingId) VALUES (2060, 'Digital Library Research at Loughborough: The Last Fifteen Years.', '0-', NULL, NULL);
INSERT INTO Person (PersonId, Name) VALUES (3358, 'Cliff McKnight');
INSERT INTO RelationPersonInProceeding (PersonId, InProceedingId) VALUES (3358, 2060);
INSERT INTO InProceeding (InProceedingId, Title, Pages, Url, ProceedingId) VALUES (2061, 'The Automated Analysis, Cataloging, and Searching of Digital Image Libraries: A Machine Learning Approach.', '225-249', NULL, NULL);
INSERT INTO Person (PersonId, Name) VALUES (3359, 'Padhraic Smyth');
INSERT INTO RelationPersonInProceeding (PersonId, InProceedingId) VALUES (3359, 2061);
INSERT INTO Person (PersonId, Name) VALUES (3360, 'Usama M. Fayyad');
INSERT INTO RelationPersonInProceeding (PersonId, InProceedingId) VALUES (3360, 2061);
INSERT INTO InProceeding (InProceedingId, Title, Pages, Url, ProceedingId) VALUES (2062, 'Collaborative Information Agents on the World Wide Web.', '279-280', NULL, 62);
INSERT INTO Person (PersonId, Name) VALUES (3361, 'Nathalie Mathe');
INSERT INTO RelationPersonInProceeding (PersonId, InProceedingId) VALUES (3361, 2062);
INSERT INTO RelationPersonInProceeding (PersonId, InProceedingId) VALUES (3329, 2062);
INSERT INTO RelationPersonInProceeding (PersonId, InProceedingId) VALUES (3330, 2062);
INSERT INTO InProceeding (InProceedingId, Title, Pages, Url, ProceedingId) VALUES (2063, 'GeoScience Self-Organizing Map and Concept Space (Poster).', '257', NULL, 61);
INSERT INTO Person (PersonId, Name) VALUES (3362, 'Hsinchun Chen');
INSERT INTO RelationPersonInProceeding (PersonId, InProceedingId) VALUES (3362, 2063);
INSERT INTO Person (PersonId, Name) VALUES (3363, 'Tobun D. Ng');
INSERT INTO RelationPersonInProceeding (PersonId, InProceedingId) VALUES (3363, 2063);
INSERT INTO Person (PersonId, Name) VALUES (3364, 'Terence R. Smith');
INSERT INTO RelationPersonInProceeding (PersonId, InProceedingId) VALUES (3364, 2063);
INSERT INTO InProceeding (InProceedingId, Title, Pages, Url, ProceedingId) VALUES (2064, 'Information Space Representation in Interactive Systems: Relationship to Spatial Abilities.', '1-10', NULL, 62);
INSERT INTO Person (PersonId, Name) VALUES (3365, 'Bryce Allen');
INSERT INTO RelationPersonInProceeding (PersonId, InProceedingId) VALUES (3365, 2064);
INSERT INTO InProceeding (InProceedingId, Title, Pages, Url, ProceedingId) VALUES (2065, 'Scalable browsing for large collections: a case study.', '215-223', NULL, NULL);
INSERT INTO RelationPersonInProceeding (PersonId, InProceedingId) VALUES (3320, 2065);
INSERT INTO RelationPersonInProceeding (PersonId, InProceedingId) VALUES (3322, 2065);
INSERT INTO Person (PersonId, Name) VALUES (3366, 'George Buchanan');
INSERT INTO RelationPersonInProceeding (PersonId, InProceedingId) VALUES (3366, 2065);
INSERT INTO Person (PersonId, Name) VALUES (3367, 'Sally Jo Cunningham');
INSERT INTO RelationPersonInProceeding (PersonId, InProceedingId) VALUES (3367, 2065);
INSERT INTO InProceeding (InProceedingId, Title, Pages, Url, ProceedingId) VALUES (2066, 'Beyond 2D images: effective 3D imaging for library materials.', '27-36', NULL, NULL);
INSERT INTO Person (PersonId, Name) VALUES (3368, 'Michael S. Brown');
INSERT INTO RelationPersonInProceeding (PersonId, InProceedingId) VALUES (3368, 2066);
INSERT INTO Person (PersonId, Name) VALUES (3369, 'W. Brent Seales');
INSERT INTO RelationPersonInProceeding (PersonId, InProceedingId) VALUES (3369, 2066);
INSERT INTO InProceeding (InProceedingId, Title, Pages, Url, ProceedingId) VALUES (2067, 'Towards the Digital Music Library: Tune Retrieval from Acoustic Input.', '11-18', NULL, 60);
INSERT INTO Person (PersonId, Name) VALUES (3370, 'Lloyd A. Smith');
INSERT INTO RelationPersonInProceeding (PersonId, InProceedingId) VALUES (3370, 2067);
INSERT INTO RelationPersonInProceeding (PersonId, InProceedingId) VALUES (3322, 2067);
INSERT INTO Person (PersonId, Name) VALUES (3371, 'Rodger J. McNab');
INSERT INTO RelationPersonInProceeding (PersonId, InProceedingId) VALUES (3371, 2067);
INSERT INTO Person (PersonId, Name) VALUES (3372, 'Clare L. Henderson');
INSERT INTO RelationPersonInProceeding (PersonId, InProceedingId) VALUES (3372, 2067);
INSERT INTO RelationPersonInProceeding (PersonId, InProceedingId) VALUES (3367, 2067);
INSERT INTO InProceeding (InProceedingId, Title, Pages, Url, ProceedingId) VALUES (2068, 'Public Access to EPA Superfund Records - A Digital Alternative.', '0-', NULL, NULL);
INSERT INTO Person (PersonId, Name) VALUES (3373, 'Steven Wyman');
INSERT INTO RelationPersonInProceeding (PersonId, InProceedingId) VALUES (3373, 2068);
INSERT INTO Person (PersonId, Name) VALUES (3374, 'Verne E. McFarland');
INSERT INTO RelationPersonInProceeding (PersonId, InProceedingId) VALUES (3374, 2068);
